0.0,0.0,0.0,0.0,0.0,0.0,0.0,0.0,0.0,0.0,0.0,0.0,0.0,0.0,0.0,0.0,0.0,0.0,0.0,0.0,0.0,0.0,0.0,0.0,0.0,0.0,0.0,0.0,0.0,0.0,0.0,0.0,0.0,0.0,0.0,0.0,0.0,0.0,0.0,0.0,0.0,0.0,0.0,0.0,0.0,0.0,0.0,0.0,0.0,0.0,0.0,0.0,0.0,0.0,0.0,0.0,0.0,0.0,0.0,0.0,0.0,0.0,0.0,0.0,0.0,0.0,0.0,0.0,0.0,0.0,0.0,0.0,0.0,0.0,0.0,0.0,0.0,0.0,0.0,0.0,0.0
0.0,0.0,0.0,0.0,0.0,0.0,0.0,0.0,0.0,0.0,0.0,0.0,0.0,0.0,0.0,0.0,0.0,0.0,0.0,0.0,0.0,0.0,0.0,0.0,0.0,0.0,0.0,0.0,0.0,0.0,0.0,0.0,0.0,0.0,0.0,0.0,0.0,0.0,0.0,0.0,0.0,0.0,0.0,0.0,0.0,0.0,0.0,0.0,0.0,0.0,0.0,0.0,0.0,0.0,0.0,0.0,0.0,0.0,0.0,0.0,0.0,0.0,0.0,0.0,0.0,0.0,0.0,0.0,0.0,0.0,0.0,0.0,0.0,0.0,0.0,0.0,0.0,0.0,0.0,0.0,0.0
0.0,0.0,0.0,0.0,0.0,0.0,0.0,0.0,0.0,0.0,0.0,0.0,0.0,0.0,0.0,0.0,0.0,0.0,0.0,0.0,0.0,0.0,0.0,0.0,0.0,0.0,0.0,0.0,0.0,0.0,0.0,0.0,0.0,0.0,0.0,0.0,0.0,0.0,0.0,0.0,0.0,0.0,0.0,0.0,0.0,0.0,0.0,0.0,0.0,0.0,0.0,0.0,0.0,0.0,0.0,0.0,0.0,0.0,0.0,0.0,0.0,0.0,0.0,0.0,0.0,0.0,0.0,0.0,0.0,0.0,0.0,0.0,0.0,0.0,0.0,0.0,0.0,0.0,0.0,0.0,0.0
0.0,0.0,0.0,0.0,0.0,0.0,0.0,0.0,0.0,0.0,0.0,0.0,0.0,0.0,0.0,0.0,0.0,0.0,0.0,0.0,0.0,0.0,0.0,0.0,0.0,0.0,0.0,0.0,0.0,0.0,0.0,0.0,0.0,0.0,0.0,0.0,0.0,0.0,0.0,0.0,0.0,0.0,0.0,0.0,0.0,0.0,0.0,0.0,0.0,0.0,0.0,0.0,0.0,0.0,0.0,0.0,0.0,0.0,0.0,0.0,0.0,0.0,0.0,0.0,0.0,0.0,0.0,0.0,0.0,0.0,0.0,0.0,0.0,0.0,0.0,0.0,0.0,0.0,0.0,0.0,0.0
0.0,0.0,0.0,0.0,0.0,0.0,0.0,0.0,0.0,0.0,0.0,0.0,0.0,0.0,0.0,0.0,0.0,0.0,0.0,0.0,0.0,0.0,0.0,0.0,0.0,0.0,0.0,0.0,0.0,0.0,0.0,0.0,0.0,0.0,0.0,0.0,0.0,0.0,0.0,0.0,0.0,0.0,0.0,0.0,0.0,0.0,0.0,0.0,0.0,0.0,0.0,0.0,0.0,0.0,0.0,0.0,0.0,0.0,0.0,0.0,0.0,0.0,0.0,0.0,0.0,0.0,0.0,0.0,0.0,0.0,0.0,0.0,0.0,0.0,0.0,0.0,0.0,0.0,0.0,0.0,0.0
0.0,0.0,0.0,0.0,0.0,0.0,0.0,0.0,0.0,0.0,0.0,0.0,0.0,0.0,0.0,0.0,0.0,0.0,0.0,0.0,0.0,0.0,0.0,0.0,0.0,0.0,0.0,0.0,0.0,0.0,0.0,0.0,0.0,0.0,0.0,0.0,0.0,0.0,0.0,0.0,0.0,0.0,0.0,0.0,0.0,0.0,0.0,0.0,0.0,0.0,0.0,0.0,0.0,0.0,0.0,0.0,0.0,0.0,0.0,0.0,0.0,0.0,0.0,0.0,0.0,0.0,0.0,0.0,0.0,0.0,0.0,0.0,0.0,0.0,0.0,0.0,0.0,0.0,0.0,0.0,0.0
0.0,0.0,0.0,0.0,0.0,0.0,0.0,0.0,0.0,0.0,0.0,0.0,0.0,0.0,0.0,0.0,0.0,0.0,0.0,0.0,0.0,0.0,0.0,0.0,0.0,0.0,0.0,0.0,0.0,0.0,0.0,0.0,0.0,0.0,0.0,0.0,0.0,0.0,0.0,0.0,0.0,0.0,0.0,0.0,0.0,0.0,0.0,0.0,0.0,0.0,0.0,0.0,0.0,0.0,0.0,0.0,0.0,0.0,0.0,0.0,0.0,0.0,0.0,0.0,0.0,0.0,0.0,0.0,0.0,0.0,0.0,0.0,0.0,0.0,0.0,0.0,0.0,0.0,0.0,0.0,0.0
0.0,0.0,0.0,0.0,0.0,0.0,0.0,0.0,0.0,0.0,0.0,0.0,0.0,0.0,0.0,0.0,0.0,0.0,0.0,0.0,0.0,0.0,0.0,0.0,0.0,0.0,0.0,0.0,0.0,0.0,0.0,0.0,0.0,0.0,0.0,0.0,0.0,0.0,0.0,0.0,0.0,0.0,0.0,0.0,0.0,0.0,0.0,0.0,0.0,0.0,0.0,0.0,0.0,0.0,0.0,0.0,0.0,0.0,0.0,0.0,0.0,0.0,0.0,0.0,0.0,0.0,0.0,0.0,0.0,0.0,0.0,0.0,0.0,0.0,0.0,0.0,0.0,0.0,0.0,0.0,0.0
0.0,0.0,0.0,0.0,0.0,0.0,0.0,0.0,0.0,0.0,0.0,0.0,0.0,0.0,0.0,0.0,0.0,0.0,0.0,0.0,0.0,0.0,0.0,0.0,0.0,0.0,0.0,0.0,0.0,0.0,0.0,0.0,0.0,0.0,0.0,0.0,0.0,0.0,0.0,0.0,0.0,0.0,0.0,0.0,0.0,0.0,0.0,0.0,0.0,0.0,0.0,0.0,0.0,0.0,0.0,0.0,0.0,0.0,0.0,0.0,0.0,0.0,0.0,0.0,0.0,0.0,0.0,0.0,0.0,0.0,0.0,0.0,0.0,0.0,0.0,0.0,0.0,0.0,0.0,0.0,0.0
0.0,0.0,0.0,0.0,0.0,0.0,0.0,0.0,0.0,0.0,0.0,0.0,0.0,0.0,0.0,0.0,0.0,0.0,0.0,0.0,0.0,0.0,0.0,0.0,0.0,0.0,0.0,0.0,0.0,0.0,0.0,0.0,0.0,0.0,0.0,0.0,0.0,0.0,0.0,0.0,0.0,0.0,0.0,0.0,0.0,0.0,0.0,0.0,0.0,0.0,0.0,0.0,0.0,0.0,0.0,0.0,0.0,0.0,0.0,0.0,0.0,0.0,0.0,0.0,0.0,0.0,0.0,0.0,0.0,0.0,0.0,0.0,0.0,0.0,0.0,0.0,0.0,0.0,0.0,0.0,0.0
0.0,0.0,0.0,0.0,0.0,0.0,0.0,0.0,0.0,0.0,0.0,0.0,0.0,0.0,0.0,0.0,0.0,0.0,0.0,0.0,0.0,0.0,0.0,0.0,0.0,0.0,0.0,0.0,0.0,0.0,0.0,0.0,0.0,0.0,0.0,0.0,0.0,0.0,0.0,0.0,0.0,0.0,0.0,0.0,0.0,0.0,0.0,0.0,0.0,0.0,0.0,0.0,0.0,0.0,0.0,0.0,0.0,0.0,0.0,0.0,0.0,0.0,0.0,0.0,0.0,0.0,0.0,0.0,0.0,0.0,0.0,0.0,0.0,0.0,0.0,0.0,0.0,0.0,0.0,0.0,0.0
0.0,0.0,0.0,0.0,0.0,0.0,0.0,0.0,0.0,0.0,0.0,0.0,0.0,0.0,0.0,0.0,0.0,0.0,0.0,0.0,0.0,0.0,0.0,0.0,0.0,0.0,0.0,0.0,0.0,0.0,0.0,0.0,0.0,0.0,0.0,0.0,0.0,0.0,0.0,0.0,0.0,0.0,0.0,0.0,0.0,0.0,0.0,0.0,0.0,0.0,0.0,0.0,0.0,0.0,0.0,0.0,0.0,0.0,0.0,0.0,0.0,0.0,0.0,0.0,0.0,0.0,0.0,0.0,0.0,0.0,0.0,0.0,0.0,0.0,0.0,0.0,0.0,0.0,0.0,0.0,0.0
0.0,0.0,0.0,0.0,0.0,0.0,0.0,0.0,0.0,0.0,0.0,0.0,0.0,0.0,0.0,0.0,0.0,0.0,0.0,0.0,0.0,0.0,0.0,0.0,0.0,0.0,0.0,0.0,0.0,0.0,0.0,0.0,0.0,0.0,0.0,0.0,0.0,0.0,0.0,0.0,0.0,0.0,0.0,0.0,0.0,0.0,0.0,0.0,0.0,0.0,0.0,0.0,0.0,0.0,0.0,0.0,0.0,0.0,0.0,0.0,0.0,0.0,0.0,0.0,0.0,0.0,0.0,0.0,0.0,0.0,0.0,0.0,0.0,0.0,0.0,0.0,0.0,0.0,0.0,0.0,0.0
0.0,0.0,0.0,0.0,0.0,0.0,0.0,0.0,0.0,0.0,0.0,0.0,0.0,0.0,0.0,0.0,0.0,0.0,0.0,0.0,0.0,0.0,0.0,0.0,0.0,0.0,0.0,0.0,0.0,0.0,0.0,0.0,0.0,0.0,0.0,0.0,0.0,0.0,0.0,0.0,0.0,0.0,0.0,0.0,0.0,0.0,0.0,0.0,0.0,0.0,0.0,0.0,0.0,0.0,0.0,0.0,0.0,0.0,0.0,0.0,0.0,0.0,0.0,0.0,0.0,0.0,0.0,0.0,0.0,0.0,0.0,0.0,0.0,0.0,0.0,0.0,0.0,0.0,0.0,0.0,0.0
0.0,0.0,0.0,0.0,0.0,0.0,0.0,0.0,0.0,0.0,0.0,0.0,0.0,0.0,0.0,0.0,0.0,0.0,0.0,0.0,0.0,0.0,0.0,0.0,0.0,0.0,0.0,0.0,0.0,0.0,0.0,0.0,0.0,0.0,0.0,0.0,0.0,0.0,0.0,0.0,0.0,0.0,0.0,0.0,0.0,0.0,0.0,0.0,0.0,0.0,0.0,0.0,0.0,0.0,0.0,0.0,0.0,0.0,0.0,0.0,0.0,0.0,0.0,0.0,0.0,0.0,0.0,0.0,0.0,0.0,0.0,0.0,0.0,0.0,0.0,0.0,0.0,0.0,0.0,0.0,0.0
0.0,0.0,0.0,0.0,0.0,0.0,0.0,0.0,0.0,0.0,0.0,0.0,0.0,0.0,0.0,0.0,0.0,0.0,0.0,0.0,0.0,0.0,0.0,0.0,0.0,0.0,0.0,0.0,0.0,0.0,0.0,0.0,0.0,0.0,0.0,0.0,0.0,0.0,0.0,0.0,0.0,0.0,0.0,0.0,0.0,0.0,0.0,0.0,0.0,0.0,0.0,0.0,0.0,0.0,0.0,0.0,0.0,0.0,0.0,0.0,0.0,0.0,0.0,0.0,0.0,0.0,0.0,0.0,0.0,0.0,0.0,0.0,0.0,0.0,0.0,0.0,0.0,0.0,0.0,0.0,0.0
0.0,0.0,0.0,0.0,0.0,0.0,0.0,0.0,0.0,0.0,0.0,0.0,0.0,0.0,1.5345779290365012e-10,1.2532356398978613e-10,1.0813500189103332e-10,9.755990792375617e-11,1.397423086938484e-9,1.3163073877014315e-9,1.5354356841225518e-9,1.5678354453597606e-9,2.5114303288690864e-9,2.433516559430187e-9,2.872779394240991e-9,3.046838159165032e-9,3.830438420816128e-9,3.745703846197573e-9,4.48818108759501e-9,4.852216534000099e-9,5.515419666819584e-9,5.437095044954655e-9,6.52742550509523e-9,7.454933192557856e-9,8.07816371195006e-9,8.038336528723609e-9,1.0061796853413546e-8,1.1350299894031767e-8,1.1875302662424753e-8,1.1896266235844201e-8,0.008324651913836068,0.03821415665190805,0.07427466006387999,0.12284403590581038,0.25342871358029984,0.3217386693047587,0.47825809493794874,0.609606250173867,0.7564037668012441,0.8129279295400802,0.8508829146326489,0.9365467920938546,0.9645825844111947,0.9782169259846004,0.9827890658963758,0.99677285465187,0.9975902029839464,0.9988046768134261,0.9994547028459919,0.9998721349008086,0.9999954323404739,0.9999960961698571,0.9999960962396547,1.0000000048042548,1.0000000050898543,1.0000000052485039,1.0000000054476623,0.0,0.0,0.0,0.0,0.0,0.0,0.0,0.0,0.0,0.0,0.0,0.0,0.0,0.0
0.0,0.0,0.0,0.0,0.0,0.0,0.0,0.0,0.0,0.0,0.0,0.0,0.0,0.0,1.6282791797468126e-10,1.2779196822666494e-10,1.191999924753019e-10,9.338331794844656e-11,1.1621856900100706e-9,1.1413872764423442e-9,1.4122686180994113e-9,1.4148189213860288e-9,2.3762368775783566e-9,2.238680351320704e-9,2.8806709773555023e-9,3.0217456733880087e-9,3.7782703951067115e-9,3.6790009028606343e-9,4.633232310536975e-9,5.061165051460811e-9,5.708878415294794e-9,5.643268884835871e-9,7.0268207767651705e-9,8.476348733168915e-9,9.135781379967173e-9,9.11855540766138e-9,1.0249893859868623e-8,0.008588302819415783,0.01968190777169627,0.04483732397972978,0.12580998171702143,0.148736233528052,0.305797791237154,0.4326956859955137,0.6046964011997915,0.6844670957456732,0.7578052692368495,0.8783431318852962,0.9368334617439654,0.9596592626200742,0.9660689398031432,0.9937864790642422,0.9948961047679679,0.9974767030242949,0.9988597371169459,0.9997279422502052,0.9999902769776284,0.9999916893377065,0.9999916893597778,1.0000000038875398,1.0000000041072261,1.0000000042067991,1.000000004356542,1.0000000065030874,1.0000000068257577,1.0000000071636312,1.0000000073872723,0.0,0.0,0.0,0.0,0.0,0.0,0.0,0.0,0.0,0.0,0.0,0.0,0.0,0.0
0.0,0.0,0.0,0.0,0.0,0.0,0.0,0.0,0.0,0.0,0.0,0.0,0.0,0.0,1.6021449073000419e-10,1.197820888758682e-10,1.0602345593580585e-10,7.990232377003925e-11,1.3257903379249795e-9,9.589680398036627e-10,1.5218295842202944e-9,1.6188004959737037e-9,2.284184342759387e-9,2.268592818017514e-9,3.2536763140642735e-9,3.1274263998839378e-9,3.902103573508896e-9,3.752991586106766e-9,4.946835467839769e-9,5.628364207909786e-9,6.40110198816585e-9,6.3698293752913544e-9,7.824108877740227e-9,9.512950759933189e-9,9.462326234326988e-9,9.543338923643214e-9,0.015706880772645242,0.06448613989285136,0.12268710050863249,0.19201979908253944,0.366600041600661,0.4751559234399341,0.6311945904515749,0.7664892030951178,0.8909367134412938,0.9268460272180435,0.9334234678809745,0.9881613584788227,0.9891902967469465,0.9946737215781829,0.9976163473029304,0.9994211497318832,0.9999793086845052,0.9999823136541549,0.999982313661967,1.000000003488268,1.0000000036429513,1.000000003669233,1.0000000037517738,1.000000004491612,1.0000000046852893,1.0000000049639668,1.0000000052570845,1.0000000074585254,1.000000008364812,1.0000000089909362,1.000000009250028,0.0,0.0,0.0,0.0,0.0,0.0,0.0,0.0,0.0,0.0,0.0,0.0,0.0,0.0
0.0,0.0,0.0,0.0,0.0,0.0,0.0,0.0,0.0,0.0,0.0,0.0,0.0,0.0,1.480556334718206e-10,1.2600499216403526e-10,1.1036753961126946e-10,6.74904075250481e-10,1.101074950916468e-9,1.1058335214866016e-9,2.0280460660492314e-9,1.8538299215774554e-9,2.1946200381332144e-9,2.177736445955208e-9,3.5495806163445796e-9,3.624668688043031e-9,4.415885683455126e-9,4.492365196861075e-9,4.988742462669939e-9,7.555084532770657e-9,7.548693171951277e-9,7.622005939500821e-9,7.650280521329473e-9,0.01620433607621436,0.037135666399768584,0.08459871583803456,0.22344858050538377,0.22344858050876862,0.46817896964674893,0.6461252459312106,0.8158384557961267,0.8700826634931809,0.870082663488657,0.9775343516125276,0.9775343516051953,0.9887577919848689,0.9950186977792242,0.9987747933999414,0.9999559721077926,0.9999623656567616,0.9999623656581457,1.0000000033436318,1.0000000033599457,1.0000000033874819,1.000000003427213,1.00000000362146,1.0000000038610861,1.0000000039995294,1.0000000041869537,1.0000000052789486,1.0000000052329105,1.0000000060987722,1.0000000062169467,1.000000008552144,1.0000000097423847,1.0000000105833664,1.000000011598359,0.0,0.0,0.0,0.0,0.0,0.0,0.0,0.0,0.0,0.0,0.0,0.0,0.0,0.0
0.0,0.0,0.0,0.0,0.0,0.0,0.0,0.0,0.0,0.0,0.0,0.0,0.0,0.0,1.6529785803516343e-10,1.2714611419376782e-10,1.0787181033569367e-10,9.784023748237017e-10,1.3246364269498502e-9,9.647461392548041e-10,2.260781198170242e-9,2.3519979855927532e-9,2.2597843302511232e-9,3.319540145993435e-9,3.854396776251671e-9,3.677124681758414e-9,5.496251814575059e-9,5.340145117240883e-9,5.732377255073501e-9,9.633678485531538e-9,7.583589117280892e-9,8.100923329492135e-9,0.029635617093747752,0.1073020789635139,0.1985534663944894,0.28728000485790145,0.4935456768134672,0.6983680953745527,0.7757556125744867,0.8732270518052778,0.9575332814471963,0.9771833496719556,0.9895936150807247,0.9975853078657869,0.9995267008415081,0.9999199231935274,0.9999199232012491,0.9999943335373251,1.0000000032523513,1.0000000032524237,1.0000000032524983,1.0000000032530685,1.0000000035844903,1.0000000034728487,1.0000000036955479,1.0000000040890005,1.000000004150961,1.0000000046841395,1.0000000049590982,1.0000000058126042,1.000000005909494,1.000000006981049,1.0000000076604953,1.0000000083631222,1.0000000111756677,1.00000001167583,1.0000000127192201,0.0,0.0,0.0,0.0,0.0,0.0,0.0,0.0,0.0,0.0,0.0,0.0,0.0,0.0
0.0,0.0,0.0,0.0,0.0,0.0,0.0,0.0,0.0,0.0,0.0,0.0,0.0,0.0,1.634223118533859e-10,1.2402655396057417e-10,1.0902433635623931e-10,1.1076282296620564e-9,1.1444687161227854e-9,1.1495280577411971e-9,2.29781840155872e-9,2.40821847719964e-9,2.3320258762280404e-9,3.89343883892912e-9,3.88195483908219e-9,3.989593580622783e-9,6.822857170873944e-9,6.304444329673147e-9,6.68189207923491e-9,0.006225974229297529,0.030574212103847854,0.07006728764083997,0.1333395768964716,0.3264464214052067,0.5276321050354712,0.6285988062200097,0.7814316561960121,0.9200102847716766,0.953731180263978,0.9782675479499228,0.9952711495980576,0.9990219199963525,0.999829620103683,0.9998296201104679,0.9999879399496034,1.0000000032522491,1.0000000032522747,1.0000000032522947,1.0000000032523626,1.0000000032524297,1.0000000032524892,1.000000003252623,1.0000000032527387,1.0000000032531946,1.0000000039333226,1.0000000041709545,1.0000000043104875,1.0000000046495339,1.0000000053179376,1.0000000056130849,1.0000000060212306,1.0000000072217778,1.000000007799007,1.0000000081204319,1.000000011463692,1.0000000119965977,1.0000000126616713,0.0,0.0,0.0,0.0,0.0,0.0,0.0,0.0,0.0,0.0,0.0,0.0,0.0,0.0
0.0,0.0,0.0,0.0,0.0,0.0,0.0,0.0,0.0,0.0,0.0,0.0,0.0,0.0,1.5728137108647573e-10,1.1851498319979082e-10,1.0530802561529763e-10,1.1817521620599156e-9,1.1867381307828238e-9,1.2171791253148831e-9,2.4585816704204975e-9,2.4744184235855275e-9,2.616430686256041e-9,4.3777843946342956e-9,4.261472708256967e-9,4.633811368897493e-9,6.555568078338598e-9,5.999007525114057e-9,6.884969836859759e-9,0.050395111626784866,0.1753437721650638,0.3124940396864273,0.4237932142764917,0.6417280353142705,0.849775482972872,0.9062531577796273,0.9546305157371348,0.9908083916452644,0.997980556429411,0.9996374858687732,0.9996374858757842,0.9999743365944509,1.0000000032522156,1.0000000032522303,1.0000000032522405,1.0000000032522707,1.0000000032523007,1.000000003252315,1.0000000032523662,1.0000000032524208,1.0000000032524607,1.0000000032525054,1.0000000032526133,1.000000003252683,1.0000000032529954,1.0000000041264132,1.0000000041986112,1.0000000045453528,1.0000000051775668,1.0000000054365148,1.0000000059395335,1.0000000071648523,1.0000000075589546,1.0000000081082439,1.0000000114218173,1.0000000119891417,1.000000012511492,0.0,0.0,0.0,0.0,0.0,0.0,0.0,0.0,0.0,0.0,0.0,0.0,0.0,0.0
0.0,0.0,0.0,0.0,0.0,0.0,0.0,0.0,0.0,0.0,0.0,0.0,0.0,0.0,1.538399292671507e-10,1.1224766227078496e-10,1.0274629887741814e-10,1.2014422979895427e-9,1.2026342576740957e-9,1.3762711321159749e-9,2.5403576556260786e-9,2.621672892516473e-9,3.0378766596956235e-9,5.06512302198736e-9,4.940897568841094e-9,5.724212867332539e-9,0.011747115227282993,0.05768718722287668,0.1322024231504007,0.20689410241692002,0.4604431103035119,0.7184149176189542,0.810218859403683,0.9053197727634327,0.9822939768520618,0.9958343322322805,0.999228689626005,0.9992286896257736,0.9999453932897647,1.0000000032522025,1.0000000032522118,1.0000000032522216,1.000000003252231,1.0000000032522545,1.0000000032522576,1.0000000032522958,1.000000003252315,1.0000000032523253,1.0000000032523773,1.0000000032523928,1.0000000032524694,1.000000003252441,1.0000000032525322,1.0000000032526064,1.0000000032526142,1.0000000032527152,1.00000000325304,1.000000004430598,1.0000000048520021,1.0000000049800863,1.0000000057744687,1.0000000066092887,1.0000000073053767,1.0000000079237563,1.0000000106877873,1.000000011720011,1.0000000123555273,0.0,0.0,0.0,0.0,0.0,0.0,0.0,0.0,0.0,0.0,0.0,0.0,0.0,0.0
0.0,0.0,0.0,0.0,0.0,0.0,0.0,0.0,0.0,0.0,0.0,0.0,0.0,0.0,1.5170626440164052e-10,1.1195918895266191e-10,9.451872725482876e-11,1.278711131385444e-9,1.1076223994762308e-9,1.662828611768091e-9,2.5220333519430093e-9,3.0986422981474176e-9,3.9571596093066594e-9,4.183464560286517e-9,4.835639386665272e-9,5.7886731809955476e-9,0.0846678630424786,0.27968074365161716,0.4723752844595625,0.6161377096113967,0.802490138571991,0.9662650408869848,0.9914156487384049,0.9983589103763869,0.9983589103757479,0.999883811800723,1.0000000032521967,1.000000003252202,1.0000000032522343,1.0000000032522078,1.0000000032522312,1.000000003252233,1.0000000032522554,1.0000000032522924,1.0000000032522698,1.0000000032523135,1.0000000032523324,1.0000000032523295,1.0000000032523797,1.000000003252378,1.0000000032523784,1.000000003252426,1.0000000032524585,1.0000000032525276,1.0000000032524865,1.0000000032526322,1.0000000032526668,1.0000000032528715,1.0000000044344195,1.0000000043745947,1.0000000052766127,1.0000000061528835,1.000000006911566,1.000000007678856,1.0000000093237877,1.0000000113215006,1.0000000121394663,0.0,0.0,0.0,0.0,0.0,0.0,0.0,0.0,0.0,0.0,0.0,0.0,0.0,0.0
0.0,0.0,0.0,0.0,0.0,0.0,0.0,0.0,0.0,0.0,0.0,0.0,0.0,0.0,1.6059158472190055e-10,1.1195961529064026e-10,7.968494440842217e-11,1.122169182655583e-9,1.64874021641247e-9,2.9148357768328616e-9,2.6317808088148163e-9,3.3482035811844617e-9,4.902000222332129e-9,0.02216436450611901,0.10884374509659078,0.249438529038406,0.31528340880967515,0.6207418127481252,0.9366010073550555,0.982328558235218,0.99650831623123,0.9965083162323152,0.9997527873592464,1.0000000032521876,1.0000000032522047,1.0000000032522323,1.0000000032522107,1.000000003252207,1.0000000032522436,1.0000000032522323,1.000000003252269,1.000000003252252,1.0000000032522696,1.0000000032523035,1.000000003252282,1.0000000032523146,1.000000003252319,1.0000000032523233,1.0000000032523657,1.0000000032523608,1.0000000032523686,1.0000000032524028,1.000000003252419,1.0000000032524414,1.0000000032524579,1.0000000032525176,1.0000000032525609,1.0000000032526253,1.0000000032529086,1.0000000032530347,1.0000000053192803,1.0000000052737845,1.0000000060888645,1.0000000074195763,1.0000000082139282,1.0000000117723726,1.0000000132876352,0.0,0.0,0.0,0.0,0.0,0.0,0.0,0.0,0.0,0.0,0.0,0.0,0.0,0.0
0.0,0.0,0.0,0.0,0.0,0.0,0.0,0.0,0.0,0.0,0.0,0.0,0.0,0.0,1.6737670476973494e-10,1.1184290998511505e-10,9.865455069512926e-10,1.4759998632490456e-9,1.6480971505371753e-9,3.6055274080445896e-9,2.7336400090592077e-9,5.597458197334954e-9,4.030114315507792e-9,0.14009549289249182,0.43117770451813703,0.6700739165806089,0.8829330329222156,0.9636631821769904,0.9925708818820893,0.999474011958036,1.0000000032522034,1.0000000032521976,1.0000000032522043,1.0000000032522098,1.000000003252214,1.000000003252238,1.000000003252234,1.0000000032522447,1.0000000032522554,1.000000003252244,1.0000000032522762,1.0000000032522762,1.0000000032522907,1.0000000032523053,1.000000003252292,1.0000000032523235,1.0000000032523204,1.000000003252343,1.0000000032523466,1.000000003252357,1.0000000032523686,1.0000000032523844,1.0000000032523986,1.0000000032524257,1.0000000032524345,1.0000000032524856,1.0000000032524883,1.0000000032525653,1.0000000032526235,1.000000003252777,1.0000000045693545,1.0000000047158197,1.0000000063076506,1.0000000070958535,1.0000000083447624,1.0000000114454308,1.0000000126605666,0.0,0.0,0.0,0.0,0.0,0.0,0.0,0.0,0.0,0.0,0.0,0.0,0.0,0.0
0.0,0.0,0.0,0.0,0.0,0.0,0.0,0.0,0.0,0.0,0.0,0.0,0.0,0.0,1.550854300429366e-10,1.0867848556579603e-10,9.888526987004167e-10,1.4835008959436005e-9,1.935814163117291e-9,4.207633745171936e-9,3.4727396730013613e-9,0.041819551937602874,0.2053655523320895,0.47063873041851073,0.7888458332175046,0.9253727204300927,0.9841933619514698,0.9988808728088322,1.000000003252203,1.0000000032521992,1.0000000032522078,1.0000000032522087,1.0000000032522154,1.0000000032522265,1.0000000032522292,1.0000000032522431,1.000000003252248,1.0000000032522527,1.000000003252264,1.000000003252266,1.000000003252279,1.0000000032522807,1.0000000032522904,1.000000003252299,1.0000000032523049,1.0000000032523129,1.0000000032523189,1.00000000325233,1.0000000032523386,1.0000000032523488,1.000000003252359,1.0000000032523715,1.0000000032523837,1.0000000032523997,1.0000000032524117,1.0000000032524354,1.0000000032524532,1.000000003252501,1.0000000032525307,1.0000000032526006,1.0000000032527985,1.0000000032529468,1.0000000055325062,1.000000006273711,1.0000000078329827,1.0000000108314602,1.0000000122578956,0.0,0.0,0.0,0.0,0.0,0.0,0.0,0.0,0.0,0.0,0.0,0.0,0.0,0.0
0.0,0.0,0.0,0.0,0.0,0.0,0.0,0.0,0.0,0.0,0.0,0.0,0.0,0.0,1.4626019875129376e-10,1.0230962097275996e-10,1.0781098061377619e-9,1.6540471687315809e-9,2.307215775837148e-9,2.8969095971402277e-9,3.723507388559482e-9,0.22724585507532216,0.6314262167892806,0.8469315344353786,0.9663688514345731,0.9976188746175312,1.000000003252206,1.0000000032522023,1.0000000032522092,1.0000000032522098,1.0000000032522154,1.0000000032522236,1.0000000032522287,1.0000000032522398,1.000000003252244,1.0000000032522485,1.0000000032522562,1.000000003252263,1.0000000032522687,1.0000000032522771,1.0000000032522776,1.0000000032522898,1.0000000032522887,1.0000000032523007,1.0000000032523022,1.0000000032523138,1.0000000032523177,1.0000000032523253,1.000000003252333,1.0000000032523415,1.0000000032523504,1.0000000032523606,1.0000000032523721,1.000000003252382,1.0000000032523964,1.0000000032524123,1.0000000032524259,1.0000000032524605,1.0000000032524734,1.0000000032525362,1.0000000032525822,1.000000003252705,1.0000000048188393,1.0000000055244336,1.0000000071642174,1.0000000099056254,1.000000011678353,0.0,0.0,0.0,0.0,0.0,0.0,0.0,0.0,0.0,0.0,0.0,0.0,0.0,0.0
0.0,0.0,0.0,0.0,0.0,0.0,0.0,0.0,0.0,0.0,0.0,0.0,0.0,0.0,1.4830373331318311e-10,9.386200971134514e-11,1.1986143306545852e-9,1.9900926595438797e-9,2.841953677756118e-9,0.07890481217416198,0.38748217071140933,0.6864776953145154,0.9284443609367916,0.994933772077619,1.0000000032522096,1.000000003252207,1.0000000032522134,1.0000000032522105,1.0000000032522163,1.0000000032522252,1.0000000032522272,1.0000000032522407,1.0000000032522407,1.0000000032522443,1.0000000032522547,1.0000000032522556,1.0000000032522667,1.0000000032522707,1.0000000032522696,1.0000000032522867,1.000000003252277,1.0000000032522987,1.0000000032522869,1.0000000032523064,1.0000000032523004,1.0000000032523109,1.0000000032523166,1.0000000032523237,1.0000000032523282,1.0000000032523328,1.0000000032523435,1.0000000032523497,1.0000000032523553,1.000000003252371,1.0000000032523828,1.0000000032523928,1.0000000032524048,1.0000000032524226,1.0000000032524379,1.0000000032524816,1.0000000032525032,1.0000000032525684,1.0000000032527123,1.000000003252852,1.000000006216788,1.0000000085046523,1.000000010854718,0.0,0.0,0.0,0.0,0.0,0.0,0.0,0.0,0.0,0.0,0.0,0.0,0.0,0.0
0.0,0.0,0.0,0.0,0.0,0.0,0.0,0.0,0.0,0.0,0.0,0.0,0.0,0.0,1.361729535993536e-10,8.884948801373479e-11,1.4240427951691993e-9,1.3415414682650528e-9,2.9156200725702516e-9,0.358793572235981,0.8477539557348424,0.98922078793885,1.0000000032522154,1.0000000032522136,1.0000000032522185,1.0000000032522134,1.0000000032522276,1.000000003252227,1.0000000032522245,1.0000000032522407,1.0000000032522387,1.0000000032522547,1.0000000032522511,1.0000000032522476,1.0000000032522636,1.0000000032522627,1.0000000032522784,1.0000000032522778,1.000000003252266,1.0000000032522975,1.0000000032522696,1.0000000032523133,1.0000000032522816,1.0000000032523193,1.000000003252299,1.0000000032523104,1.0000000032523133,1.0000000032523053,1.0000000032523364,1.000000003252327,1.0000000032523366,1.00000000325234,1.000000003252351,1.0000000032523548,1.0000000032523653,1.0000000032523602,1.0000000032524017,1.0000000032523997,1.0000000032524126,1.0000000032524385,1.0000000032524397,1.000000003252521,1.0000000032525438,1.0000000032526466,1.0000000052410374,1.000000006650735,1.0000000098023687,0.0,0.0,0.0,0.0,0.0,0.0,0.0,0.0,0.0,0.0,0.0,0.0,0.0,0.0
0.0,0.0,0.0,0.0,0.0,0.0,0.0,0.0,0.0,0.0,0.0,0.0,0.0,0.0,1.4641791371390965e-10,8.599628076160128e-11,1.7901724828503502e-9,0.1488770021890814,0.7310984326303249,0.9770655025290395,1.0000000032522207,1.0000000032522205,1.0000000032522218,1.000000003252218,1.0000000032522272,1.0000000032522267,1.0000000032522445,1.00000000325224,1.0000000032522387,1.0000000032522491,1.0000000032522482,1.0000000032522651,1.0000000032522618,1.0000000032522536,1.000000003252266,1.0000000032522711,1.0000000032522853,1.0000000032522747,1.0000000032522811,1.0000000032522973,1.000000003252285,1.0000000032522915,1.000000003252289,1.0000000032523033,1.0000000032523013,1.000000003252308,1.0000000032523162,1.0000000032523186,1.000000003252323,1.0000000032523215,1.0000000032523317,1.0000000032523384,1.0000000032523384,1.0000000032523544,1.000000003252357,1.0000000032523686,1.000000003252372,1.0000000032523784,1.0000000032524043,1.0000000032524128,1.0000000032524372,1.0000000032524645,1.0000000032525007,1.0000000032526306,1.0000000032527685,1.000000006967006,1.0000000110363325,0.0,0.0,0.0,0.0,0.0,0.0,0.0,0.0,0.0,0.0,0.0,0.0,0.0,0.0
0.0,0.0,0.0,0.0,0.0,0.0,0.0,0.0,0.0,0.0,0.0,0.0,0.0,0.0,1.8049225361791014e-10,1.595039478900679e-9,2.528687420386823e-9,0.5449460022390425,0.9512031931342417,1.0000000032522263,1.0000000032522343,1.0000000032522258,1.0000000032522376,1.000000003252229,1.0000000032522434,1.000000003252248,1.000000003252261,1.0000000032522547,1.0000000032522451,1.000000003252259,1.000000003252264,1.0000000032522744,1.000000003252256,1.0000000032522718,1.0000000032522758,1.0000000032522807,1.0000000032522918,1.000000003252287,1.0000000032522784,1.000000003252297,1.000000003252294,1.000000003252294,1.0000000032523,1.0000000032522993,1.0000000032523062,1.0000000032523086,1.0000000032523122,1.0000000032523075,1.0000000032523255,1.0000000032523246,1.0000000032523269,1.000000003252332,1.0000000032523393,1.0000000032523424,1.0000000032523506,1.0000000032523548,1.0000000032523617,1.0000000032523666,1.0000000032523848,1.0000000032523946,1.0000000032524083,1.0000000032524292,1.000000003252463,1.0000000032525134,1.0000000032526315,1.0000000057446747,1.0000000101849948,0.0,0.0,0.0,0.0,0.0,0.0,0.0,0.0,0.0,0.0,0.0,0.0,0.0,0.0
0.0,0.0,0.0,0.0,0.0,0.0,0.0,0.0,0.0,0.0,0.0,0.0,0.0,0.0,1.543428307754508e-10,1.750312858044819e-9,0.28090000180019076,0.8961770029569002,1.0000000032522374,1.0000000032522403,1.0000000032522405,1.000000003252242,1.0000000032522443,1.0000000032522465,1.0000000032522527,1.0000000032522578,1.0000000032522605,1.00000000325226,1.0000000032522602,1.0000000032522645,1.0000000032522685,1.0000000032522711,1.0000000032522744,1.0000000032522713,1.0000000032522787,1.0000000032522833,1.000000003252287,1.0000000032522869,1.0000000032522895,1.0000000032522918,1.0000000032522938,1.0000000032522962,1.0000000032522958,1.0000000032523035,1.0000000032523049,1.0000000032523082,1.0000000032523104,1.0000000032523162,1.0000000032523158,1.00000000325232,1.0000000032523233,1.0000000032523277,1.0000000032523308,1.0000000032523386,1.0000000032523428,1.0000000032523486,1.0000000032523535,1.0000000032523615,1.0000000032523677,1.0000000032523768,1.0000000032523892,1.0000000032524101,1.0000000032524365,1.000000003252476,1.0000000032525764,1.0000000032527077,1.0000000091161787,0.0,0.0,0.0,0.0,0.0,0.0,0.0,0.0,0.0,0.0,0.0,0.0,0.0,0.0
0.0,0.0,0.0,0.0,0.0,0.0,0.0,0.0,0.0,0.0,0.0,0.0,0.0,0.0,1.0252260096985672e-10,1.318139438805622e-9,0.7791000025807461,1.000000003252245,1.0000000032522491,1.000000003252248,1.0000000032522491,1.000000003252251,1.0000000032522522,1.0000000032522578,1.000000003252262,1.0000000032522638,1.0000000032522656,1.000000003252266,1.0000000032522671,1.0000000032522682,1.0000000032522713,1.0000000032522744,1.0000000032522767,1.000000003252279,1.0000000032522813,1.0000000032522849,1.0000000032522876,1.0000000032522887,1.0000000032522913,1.0000000032522918,1.0000000032522947,1.0000000032522967,1.0000000032523007,1.0000000032523024,1.0000000032523053,1.0000000032523073,1.0000000032523109,1.0000000032523126,1.0000000032523155,1.000000003252317,1.0000000032523193,1.0000000032523233,1.0000000032523282,1.0000000032523326,1.0000000032523382,1.000000003252341,1.0000000032523475,1.0000000032523526,1.0000000032523584,1.0000000032523637,1.0000000032523744,1.0000000032523906,1.000000003252412,1.0000000032524436,1.000000003252488,1.0000000032525989,1.0000000079918485,0.0,0.0,0.0,0.0,0.0,0.0,0.0,0.0,0.0,0.0,0.0,0.0,0.0,0.0
0.0,0.0,0.0,0.0,0.0,0.0,0.0,0.0,0.0,0.0,0.0,0.0,0.0,0.0,9.20963791495509e-11,0.5300000017764421,1.000000003252248,1.0000000032522585,1.000000003252256,1.0000000032522574,1.0000000032522571,1.0000000032522578,1.0000000032522645,1.0000000032522662,1.0000000032522651,1.0000000032522716,1.0000000032522725,1.0000000032522702,1.0000000032522691,1.000000003252271,1.0000000032522747,1.0000000032522793,1.0000000032522798,1.0000000032522838,1.0000000032522827,1.0000000032522869,1.0000000032522902,1.0000000032522938,1.000000003252289,1.0000000032522929,1.0000000032522944,1.000000003252299,1.0000000032522993,1.0000000032523049,1.0000000032523078,1.0000000032523082,1.0000000032523053,1.0000000032523095,1.0000000032523166,1.0000000032523166,1.000000003252316,1.0000000032523146,1.0000000032523206,1.000000003252329,1.0000000032523344,1.0000000032523377,1.0000000032523382,1.0000000032523404,1.000000003252352,1.0000000032523568,1.000000003252361,1.0000000032523704,1.0000000032523917,1.0000000032524183,1.0000000032524512,1.0000000032525322,1.000000003252655,0.0,0.0,0.0,0.0,0.0,0.0,0.0,0.0,0.0,0.0,0.0,0.0,0.0,0.0
0.0,0.0,0.0,0.0,0.0,0.0,0.0,0.0,0.0,0.0,0.0,0.0,0.0,0.0,6.133766105568693e-11,1.0000000032522465,1.0000000032522698,1.0000000032522673,1.0000000032522653,1.0000000032522653,1.000000003252263,1.0000000032522727,1.0000000032522698,1.000000003252279,1.000000003252278,1.0000000032522753,1.0000000032522742,1.0000000032522849,1.0000000032522682,1.0000000032522731,1.0000000032522787,1.0000000032522847,1.0000000032522938,1.0000000032522751,1.0000000032522862,1.0000000032522893,1.0000000032522927,1.0000000032522975,1.000000003252288,1.0000000032522938,1.0000000032522993,1.0000000032522927,1.0000000032523024,1.0000000032523022,1.0000000032523115,1.0000000032523013,1.0000000032523033,1.0000000032523138,1.000000003252306,1.0000000032523233,1.000000003252309,1.0000000032523046,1.0000000032523184,1.0000000032523175,1.0000000032523304,1.0000000032523415,1.0000000032523224,1.000000003252344,1.0000000032523306,1.0000000032523484,1.000000003252352,1.000000003252354,1.0000000032523737,1.0000000032523915,1.0000000032524297,1.000000003252458,1.0000000032525296,0.0,0.0,0.0,0.0,0.0,0.0,0.0,0.0,0.0,0.0,0.0,0.0,0.0,0.0
0.0,0.0,0.0,0.0,0.0,0.0,0.0,0.0,0.0,0.0,0.0,0.0,0.0,0.0,1.0000000032522893,1.0000000032522793,1.0000000032522802,1.0000000032522676,1.0000000032522902,1.000000003252264,1.000000003252277,1.0000000032522833,1.0000000032522847,1.0000000032522842,1.0000000032522836,1.0000000032522727,1.0000000032522902,1.0000000032522847,1.0000000032522645,1.0000000032522753,1.0000000032522858,1.0000000032522902,1.000000003252289,1.000000003252289,1.000000003252289,1.0000000032522922,1.000000003252295,1.0000000032522973,1.0000000032522935,1.0000000032522929,1.0000000032522998,1.0000000032522973,1.0000000032522964,1.0000000032523066,1.0000000032523209,1.0000000032523126,1.000000003252292,1.0000000032523018,1.0000000032523122,1.0000000032523242,1.0000000032522898,1.0000000032523049,1.0000000032523075,1.0000000032523173,1.0000000032523249,1.0000000032523335,1.0000000032523078,1.0000000032523222,1.0000000032523297,1.0000000032523404,1.0000000032523286,1.0000000032523486,1.0000000032523586,1.0000000032523624,1.0000000032523961,1.0000000032524092,1.0000000032525014,0.0,0.0,0.0,0.0,0.0,0.0,0.0,0.0,0.0,0.0,0.0,0.0,0.0,0.0
0.0,0.0,0.0,0.0,0.0,0.0,0.0,0.0,0.0,0.0,0.0,0.0,0.0,0.0,1.0000000032523133,1.0000000032522933,1.0000000032523295,1.0000000032522947,1.0000000032522989,1.000000003252273,1.000000003252289,1.0000000032523197,1.000000003252291,1.0000000032522893,1.0000000032522907,1.0000000032522782,1.0000000032523193,1.0000000032522882,1.0000000032522691,1.00000000325229,1.0000000032522927,1.0000000032522924,1.000000003252291,1.0000000032522902,1.000000003252293,1.0000000032522947,1.0000000032522958,1.0000000032523146,1.0000000032522778,1.0000000032522993,1.0000000032523215,1.0000000032522813,1.0000000032522987,1.000000003252314,1.0000000032523266,1.0000000032523124,1.000000003252288,1.0000000032523062,1.000000003252312,1.0000000032523306,1.0000000032522993,1.0000000032522918,1.0000000032523093,1.0000000032523146,1.0000000032523324,1.0000000032523175,1.0000000032523038,1.0000000032523326,1.0000000032523133,1.0000000032523406,1.0000000032523209,1.0000000032523406,1.0000000032523566,1.000000003252346,1.0000000032523828,1.0000000032523817,1.0000000032524563,0.0,0.0,0.0,0.0,0.0,0.0,0.0,0.0,0.0,0.0,0.0,0.0,0.0,0.0
0.0,0.0,0.0,0.0,0.0,0.0,0.0,0.0,0.0,0.0,0.0,0.0,0.0,0.0,1.0000000032523513,1.0000000032523142,1.0000000032523344,1.0000000032523062,1.0000000032523062,1.0000000032522938,1.0000000032522953,1.0000000032523206,1.0000000032522975,1.000000003252295,1.000000003252297,1.0000000032522958,1.000000003252312,1.0000000032522922,1.0000000032522847,1.0000000032522942,1.0000000032522962,1.0000000032522953,1.0000000032522942,1.0000000032522938,1.000000003252295,1.000000003252296,1.0000000032522964,1.0000000032523024,1.0000000032522904,1.0000000032523002,1.0000000032523122,1.0000000032522893,1.000000003252296,1.0000000032523135,1.0000000032523093,1.0000000032523162,1.0000000032522929,1.0000000032523042,1.0000000032523086,1.0000000032523146,1.0000000032522984,1.0000000032522958,1.0000000032523055,1.0000000032523113,1.0000000032523177,1.000000003252311,1.0000000032523015,1.0000000032523193,1.000000003252313,1.0000000032523213,1.0000000032523175,1.0000000032523302,1.0000000032523313,1.0000000032523404,1.0000000032523495,1.0000000032523684,1.0000000032524412,0.0,0.0,0.0,0.0,0.0,0.0,0.0,0.0,0.0,0.0,0.0,0.0,0.0,0.0
0.0,0.0,0.0,0.0,0.0,0.0,0.0,0.0,0.0,0.0,0.0,0.0,0.0,0.0,1.000000003252376,1.0000000032523304,1.000000003252338,1.0000000032523173,1.0000000032523144,1.0000000032523044,1.000000003252304,1.0000000032523213,1.0000000032523046,1.0000000032523002,1.0000000032523046,1.0000000032523033,1.0000000032523129,1.0000000032522964,1.0000000032522953,1.0000000032522989,1.0000000032522993,1.0000000032522984,1.0000000032522969,1.0000000032522962,1.0000000032522969,1.0000000032522973,1.000000003252297,1.0000000032523,1.0000000032522913,1.0000000032523015,1.000000003252307,1.0000000032522915,1.000000003252293,1.0000000032523144,1.0000000032523049,1.0000000032523149,1.0000000032522958,1.0000000032523029,1.0000000032523058,1.0000000032523062,1.0000000032522982,1.000000003252295,1.0000000032523026,1.0000000032523078,1.0000000032523084,1.0000000032523058,1.000000003252299,1.000000003252309,1.0000000032523078,1.00000000325231,1.0000000032523122,1.000000003252321,1.0000000032523184,1.000000003252332,1.000000003252336,1.0000000032523537,1.0000000032524266,0.0,0.0,0.0,0.0,0.0,0.0,0.0,0.0,0.0,0.0,0.0,0.0,0.0,0.0
0.0,0.0,0.0,0.0,0.0,0.0,0.0,0.0,0.0,0.0,0.0,0.0,0.0,0.0,1.0000000032523952,1.000000003252345,1.0000000032523422,1.000000003252332,1.0000000032523206,1.0000000032523193,1.0000000032523124,1.0000000032523215,1.0000000032523135,1.000000003252307,1.0000000032523164,1.0000000032523118,1.0000000032523135,1.000000003252299,1.0000000032523062,1.000000003252303,1.0000000032523029,1.0000000032523013,1.0000000032522998,1.0000000032522989,1.0000000032522989,1.0000000032522987,1.0000000032522978,1.0000000032522978,1.000000003252293,1.000000003252303,1.0000000032523042,1.000000003252293,1.0000000032522895,1.0000000032523155,1.0000000032523022,1.0000000032523158,1.0000000032522969,1.0000000032523013,1.0000000032523033,1.0000000032522975,1.0000000032522993,1.0000000032522942,1.000000003252299,1.0000000032523046,1.0000000032523029,1.0000000032523009,1.0000000032522962,1.000000003252303,1.0000000032523035,1.0000000032522984,1.0000000032523095,1.0000000032523126,1.0000000032523038,1.000000003252326,1.0000000032523184,1.0000000032523464,1.0000000032524108,0.0,0.0,0.0,0.0,0.0,0.0,0.0,0.0,0.0,0.0,0.0,0.0,0.0,0.0
0.0,0.0,0.0,0.0,0.0,0.0,0.0,0.0,0.0,0.0,0.0,0.0,0.0,0.0,1.0000000032524445,1.0000000032523784,1.0000000032523462,1.0000000032523428,1.0000000032523326,1.0000000032523435,1.0000000032523153,1.0000000032523266,1.0000000032523322,1.000000003252307,1.0000000032523353,1.0000000032523195,1.0000000032523162,1.0000000032523064,1.0000000032523118,1.0000000032523075,1.000000003252306,1.0000000032523038,1.0000000032523022,1.0000000032523007,1.0000000032523,1.000000003252299,1.0000000032522978,1.000000003252297,1.0000000032522938,1.0000000032523046,1.0000000032523026,1.0000000032522933,1.0000000032522773,1.0000000032523266,1.0000000032522873,1.0000000032523249,1.000000003252297,1.0000000032522998,1.0000000032523004,1.0000000032522975,1.0000000032522933,1.0000000032522922,1.0000000032522967,1.0000000032522995,1.0000000032522978,1.000000003252295,1.0000000032522924,1.000000003252298,1.0000000032522987,1.0000000032522962,1.000000003252299,1.000000003252303,1.000000003252299,1.0000000032523093,1.0000000032523069,1.000000003252317,1.0000000032523861,0.0,0.0,0.0,0.0,0.0,0.0,0.0,0.0,0.0,0.0,0.0,0.0,0.0,0.0
0.0,0.0,0.0,0.0,0.0,0.0,0.0,0.0,0.0,0.0,0.0,0.0,0.0,0.0,1.0000000032524585,1.000000003252397,1.0000000032523633,1.0000000032523733,1.0000000032523328,1.0000000032523442,1.000000003252334,1.0000000032523204,1.0000000032523277,1.0000000032523277,1.000000003252336,1.0000000032523235,1.0000000032523035,1.000000003252327,1.0000000032523158,1.0000000032523118,1.0000000032523095,1.0000000032523073,1.000000003252305,1.0000000032523038,1.0000000032523022,1.0000000032522998,1.0000000032522969,1.0000000032522798,1.0000000032523129,1.0000000032523029,1.0000000032522969,1.0000000032522898,1.0000000032522758,1.0000000032523066,1.0000000032522993,1.0000000032523009,1.0000000032522989,1.0000000032522998,1.0000000032522962,1.0000000032522927,1.0000000032522922,1.0000000032522935,1.0000000032522969,1.0000000032522944,1.0000000032522915,1.0000000032522904,1.0000000032522924,1.0000000032522947,1.0000000032522922,1.0000000032522924,1.0000000032522962,1.000000003252292,1.0000000032522944,1.0000000032522953,1.0000000032523053,1.0000000032523317,0.180000000866586,0.0,0.0,0.0,0.0,0.0,0.0,0.0,0.0,0.0,0.0,0.0,0.0,0.0,0.0
0.0,0.0,0.0,0.0,0.0,0.0,0.0,0.0,0.0,0.0,0.0,0.0,0.0,0.0,1.0000000032526124,1.0000000032524636,1.000000003252389,1.0000000032523766,1.0000000032523693,1.000000003252367,1.0000000032523382,1.0000000032523473,1.0000000032523522,1.000000003252328,1.0000000032523453,1.0000000032523326,1.0000000032523286,1.0000000032523224,1.0000000032523226,1.0000000032523173,1.0000000032523138,1.0000000032523102,1.000000003252309,1.0000000032523062,1.0000000032523046,1.0000000032523018,1.0000000032522982,1.000000003252304,1.000000003252299,1.0000000032523015,1.0000000032522973,1.000000003252293,1.0000000032522989,1.000000003252294,1.0000000032522884,1.000000003252297,1.000000003252305,1.0000000032522964,1.0000000032522933,1.0000000032522898,1.0000000032522798,1.0000000032522989,1.0000000032522918,1.0000000032522889,1.0000000032522864,1.0000000032522767,1.000000003252294,1.000000003252288,1.0000000032522867,1.0000000032522878,1.0000000032522864,1.000000003252286,1.0000000032522876,1.0000000032522909,1.0000000032522947,0.6966000024606025,2.507961749407844e-10,0.0,0.0,0.0,0.0,0.0,0.0,0.0,0.0,0.0,0.0,0.0,0.0,0.0,0.0
0.0,0.0,0.0,0.0,0.0,0.0,0.0,0.0,0.0,0.0,0.0,0.0,0.0,0.0,1.0000000079361309,1.0000000032525223,1.0000000032524403,1.0000000032524006,1.0000000032523841,1.0000000032523746,1.0000000032523682,1.0000000032523508,1.0000000032523488,1.00000000325235,1.0000000032523426,1.00000000325234,1.000000003252333,1.00000000325233,1.0000000032523264,1.0000000032523226,1.0000000032523184,1.0000000032523146,1.0000000032523089,1.0000000032523115,1.0000000032523073,1.0000000032523042,1.0000000032523018,1.0000000032522964,1.0000000032523038,1.0000000032523002,1.0000000032522975,1.0000000032522955,1.0000000032522902,1.0000000032522955,1.0000000032522947,1.0000000032522967,1.0000000032522935,1.0000000032522933,1.00000000325229,1.0000000032522869,1.0000000032522889,1.0000000032522862,1.0000000032522867,1.0000000032522836,1.0000000032522804,1.0000000032522824,1.0000000032522807,1.0000000032522813,1.0000000032522804,1.0000000032522793,1.0000000032522782,1.0000000032522787,1.0000000032522796,1.0000000032522864,0.8877420029856323,0.11340000090429346,1.3443613263852901e-10,0.0,0.0,0.0,0.0,0.0,0.0,0.0,0.0,0.0,0.0,0.0,0.0,0.0,0.0
0.0,0.0,0.0,0.0,0.0,0.0,0.0,0.0,0.0,0.0,0.0,0.0,0.0,0.0,1.000000008985336,1.0000000032527183,1.0000000032525111,1.0000000032524299,1.000000003252402,1.0000000032523866,1.000000003252377,1.0000000032523695,1.0000000032523613,1.0000000032523564,1.0000000032523502,1.0000000032523444,1.0000000032523395,1.0000000032523344,1.0000000032523308,1.0000000032523273,1.0000000032523237,1.0000000032523186,1.0000000032523153,1.000000003252312,1.00000000325231,1.000000003252307,1.0000000032523035,1.0000000032523029,1.0000000032523002,1.0000000032522998,1.0000000032522982,1.0000000032522955,1.000000003252295,1.0000000032522938,1.0000000032522927,1.0000000032522922,1.000000003252292,1.0000000032522898,1.0000000032522873,1.0000000032522853,1.000000003252284,1.0000000032522836,1.000000003252281,1.0000000032522793,1.0000000032522762,1.0000000032522762,1.000000003252276,1.000000003252274,1.0000000032522742,1.0000000032522711,1.0000000032522711,1.000000003252271,1.0000000032522762,0.9584645431821103,0.4808160020078023,1.6601661332705598e-9,1.1841239954918204e-10,0.0,0.0,0.0,0.0,0.0,0.0,0.0,0.0,0.0,0.0,0.0,0.0,0.0,0.0
0.0,0.0,0.0,0.0,0.0,0.0,0.0,0.0,0.0,0.0,0.0,0.0,0.0,0.0,1.0000000100761428,1.0000000056958438,1.000000003252556,1.0000000032524752,1.0000000032524226,1.000000003252403,1.0000000032523904,1.0000000032523821,1.0000000032523733,1.000000003252366,1.000000003252359,1.0000000032523515,1.0000000032523437,1.0000000032523388,1.0000000032523353,1.0000000032523355,1.0000000032523297,1.0000000032523229,1.0000000032523173,1.0000000032523135,1.0000000032523146,1.0000000032523102,1.0000000032523046,1.0000000032523018,1.0000000032523004,1.0000000032523004,1.000000003252298,1.000000003252295,1.0000000032522955,1.0000000032522933,1.0000000032522922,1.00000000325229,1.0000000032522876,1.0000000032522847,1.0000000032522873,1.0000000032522829,1.0000000032522811,1.0000000032522773,1.0000000032522776,1.0000000032522738,1.0000000032522725,1.0000000032522707,1.0000000032522678,1.0000000032522685,1.0000000032522651,1.000000003252264,1.000000003252263,1.0000000032522658,0.984631883061371,0.7371793826482307,0.07144200126582265,1.380337160014428e-9,1.4608592133701494e-10,0.0,0.0,0.0,0.0,0.0,0.0,0.0,0.0,0.0,0.0,0.0,0.0,0.0,0.0
0.0,0.0,0.0,0.0,0.0,0.0,0.0,0.0,0.0,0.0,0.0,0.0,0.0,0.0,1.0000000109094156,1.0000000068787693,1.0000000032528835,1.0000000032525667,1.000000003252461,1.0000000032524283,1.000000003252416,1.0000000032523995,1.000000003252392,1.0000000032523786,1.000000003252371,1.0000000032523608,1.0000000032523528,1.00000000325234,1.000000003252343,1.0000000032523473,1.0000000032523355,1.0000000032523302,1.0000000032523206,1.0000000032523106,1.0000000032523237,1.0000000032523135,1.0000000032523089,1.000000003252294,1.0000000032523046,1.000000003252306,1.000000003252289,1.0000000032522964,1.0000000032523,1.0000000032522858,1.0000000032522962,1.0000000032522784,1.000000003252286,1.0000000032522909,1.0000000032522742,1.0000000032522853,1.0000000032522662,1.000000003252274,1.0000000032522767,1.0000000032522625,1.000000003252271,1.000000003252253,1.0000000032522613,1.0000000032522633,1.0000000032522527,1.0000000032522585,1.0000000032522471,0.9943137987952423,0.8765890338193384,0.32934762176099974,3.6982175941327286e-9,8.098758482543211e-10,1.2169366041405693e-10,0.0,0.0,0.0,0.0,0.0,0.0,0.0,0.0,0.0,0.0,0.0,0.0,0.0,0.0
0.0,0.0,0.0,0.0,0.0,0.0,0.0,0.0,0.0,0.0,0.0,0.0,0.0,0.0,1.0000000096526893,1.0000000066340566,1.0000000052176985,1.0000000032525629,1.0000000032525287,1.0000000032524567,1.0000000032524365,1.0000000032524168,1.0000000032524032,1.0000000032523924,1.0000000032523781,1.0000000032523686,1.0000000032523564,1.0000000032523446,1.000000003252348,1.0000000032523544,1.0000000032523375,1.0000000032523293,1.0000000032523249,1.0000000032523122,1.0000000032523275,1.0000000032523115,1.0000000032523064,1.0000000032523044,1.0000000032522873,1.000000003252305,1.0000000032522849,1.0000000032522893,1.0000000032522973,1.000000003252277,1.0000000032522944,1.0000000032522736,1.0000000032522767,1.0000000032522822,1.000000003252265,1.0000000032522782,1.0000000032522598,1.000000003252263,1.0000000032522633,1.0000000032522502,1.0000000032522551,1.0000000032522445,1.000000003252248,1.0000000032522487,1.0000000032522383,1.000000003252248,0.9978961076153757,0.5862816311364689,0.5862816312071851,0.0014288410931615877,2.491352539307193e-9,1.2040850405838073e-9,1.4686745818933034e-10,0.0,0.0,0.0,0.0,0.0,0.0,0.0,0.0,0.0,0.0,0.0,0.0,0.0,0.0
0.0,0.0,0.0,0.0,0.0,0.0,0.0,0.0,0.0,0.0,0.0,0.0,0.0,0.0,1.0000000106100642,1.0000000085056509,1.0000000061178131,1.0000000032531824,1.0000000032526695,1.000000003252509,1.000000003252475,1.000000003252447,1.0000000032524294,1.0000000032524126,1.0000000032523986,1.0000000032523868,1.0000000032523737,1.0000000032523733,1.0000000032523428,1.0000000032523662,1.0000000032523433,1.0000000032523426,1.0000000032523357,1.000000003252316,1.0000000032523326,1.000000003252315,1.000000003252312,1.0000000032523086,1.0000000032522924,1.0000000032523064,1.0000000032522973,1.0000000032522807,1.000000003252305,1.0000000032522731,1.0000000032522902,1.0000000032522676,1.0000000032522705,1.0000000032522847,1.0000000032522576,1.0000000032522713,1.0000000032522458,1.0000000032522531,1.0000000032522554,1.0000000032522411,1.0000000032522451,1.0000000032522274,1.0000000032522378,1.0000000032522347,0.9992215618813044,0.8433418967787066,0.7691752948685545,0.20801767297660292,3.923907999245183e-9,1.8105302688758627e-9,1.6174392419544322e-9,9.089735223283555e-11,1.6055718856381348e-10,0.0,0.0,0.0,0.0,0.0,0.0,0.0,0.0,0.0,0.0,0.0,0.0,0.0,0.0
0.0,0.0,0.0,0.0,0.0,0.0,0.0,0.0,0.0,0.0,0.0,0.0,0.0,0.0,1.0000000114027083,1.0000000098539503,1.0000000069025694,1.0000000055244704,1.000000004763519,1.0000000032526273,1.0000000032525502,1.0000000032524845,1.0000000032524579,1.000000003252435,1.0000000032524181,1.0000000032524086,1.0000000032523908,1.0000000032523837,1.000000003252368,1.0000000032523675,1.0000000032523513,1.0000000032523513,1.0000000032523357,1.0000000032523353,1.0000000032523277,1.00000000325232,1.0000000032523144,1.0000000032523093,1.000000003252301,1.000000003252298,1.0000000032522924,1.000000003252286,1.0000000032522849,1.000000003252277,1.0000000032522773,1.0000000032522693,1.0000000032522622,1.0000000032522656,1.000000003252249,1.0000000032522565,1.0000000032522391,1.0000000032522414,1.0000000032522343,1.0000000032522285,1.0000000032522358,1.0000000032522287,0.9997119799603307,0.9420365038750881,0.9132694069182435,0.44632396664666424,0.36935742913172903,0.000900170685167197,3.3280525053219414e-9,2.0448879519980135e-9,1.334211843460707e-9,9.415478847518131e-11,1.3797572434035084e-10,0.0,0.0,0.0,0.0,0.0,0.0,0.0,0.0,0.0,0.0,0.0,0.0,0.0,0.0
0.0,0.0,0.0,0.0,0.0,0.0,0.0,0.0,0.0,0.0,0.0,0.0,0.0,0.0,1.0000000120750527,1.0000000107998777,1.0000000075462059,1.0000000063173027,1.0000000052760638,1.0000000032536798,1.0000000032527898,1.0000000032525447,1.0000000032525085,1.0000000032524738,1.0000000032524465,1.0000000032524266,1.0000000032524101,1.0000000032523997,1.000000003252384,1.0000000032523761,1.0000000032523622,1.0000000032523582,1.0000000032523464,1.00000000325234,1.0000000032523295,1.0000000032523246,1.0000000032523158,1.0000000032523109,1.000000003252303,1.0000000032522964,1.0000000032522907,1.0000000032522847,1.0000000032522802,1.0000000032522725,1.0000000032522676,1.0000000032522682,1.0000000032522516,1.0000000032522576,1.0000000032522371,1.000000003252244,1.0000000032522294,1.0000000032522294,1.0000000032522276,1.0000000032522225,0.9998934346516255,0.9785535085115826,0.9674192645708076,0.696445262649845,0.621242684563552,0.1313841972388776,4.487208408061442e-9,2.9866426928941235e-9,2.5622968490467376e-9,1.5606223613763836e-9,1.1846104154504096e-9,1.0857890586521773e-10,1.4331114309755268e-10,0.0,0.0,0.0,0.0,0.0,0.0,0.0,0.0,0.0,0.0,0.0,0.0,0.0,0.0
0.0,0.0,0.0,0.0,0.0,0.0,0.0,0.0,0.0,0.0,0.0,0.0,0.0,0.0,1.0000000127708268,1.000000011425562,1.0000000081513623,1.0000000071117567,1.000000005754542,1.0000000048671625,1.0000000044013406,1.0000000032527174,1.000000003252602,1.0000000032525083,1.0000000032524798,1.000000003252452,1.0000000032524332,1.0000000032524168,1.0000000032523988,1.0000000032523884,1.0000000032523757,1.0000000032523648,1.0000000032523524,1.0000000032523468,1.000000003252334,1.00000000325233,1.0000000032523164,1.0000000032523126,1.0000000032523,1.0000000032522944,1.0000000032522909,1.0000000032522773,1.0000000032522758,1.0000000032522727,1.0000000032522527,1.0000000032522598,1.00000000325224,1.0000000032522478,1.0000000032522292,1.000000003252233,1.0000000032522245,1.0000000032522218,0.9999605728926665,0.9920648002238175,0.9877636752912394,0.8511677446407734,0.805219519664135,0.3297962520346225,0.2326951821151173,0.0005671088322543649,4.0522411753988806e-9,3.3364675666005365e-9,2.16069545265571e-9,1.4123492693931597e-9,1.0941483333792603e-9,1.0707853642350066e-10,1.505951627052545e-10,0.0,0.0,0.0,0.0,0.0,0.0,0.0,0.0,0.0,0.0,0.0,0.0,0.0,0.0
0.0,0.0,0.0,0.0,0.0,0.0,0.0,0.0,0.0,0.0,0.0,0.0,0.0,0.0,1.0000000135736882,1.0000000117213967,1.0000000088795682,1.000000007479274,1.0000000062827885,1.0000000057223886,1.0000000046446824,1.0000000032545184,1.0000000032529686,1.0000000032525924,1.0000000032525471,1.0000000032525056,1.000000003252458,1.0000000032524394,1.0000000032524212,1.0000000032524043,1.0000000032523984,1.0000000032523728,1.000000003252364,1.0000000032523466,1.0000000032523388,1.0000000032523435,1.0000000032523153,1.0000000032523124,1.000000003252294,1.0000000032522893,1.000000003252297,1.0000000032522625,1.000000003252262,1.0000000032522756,1.0000000032522307,1.0000000032522618,1.0000000032522125,1.0000000032522647,1.0000000032522178,1.0000000032522245,0.9999854140303414,0.9970639781476105,0.9954054237169304,0.9314207759022691,0.9074053589795567,0.5607851287485135,0.4774801086754359,0.0829818748237544,6.752274330298261e-9,4.225159563747633e-9,2.9778911336406884e-9,2.8673024683341983e-9,2.0559186839941847e-9,1.55921646620865e-9,1.0546147375774952e-9,1.0369298087024195e-10,1.6150366020592866e-10,0.0,0.0,0.0,0.0,0.0,0.0,0.0,0.0,0.0,0.0,0.0,0.0,0.0,0.0
0.0,0.0,0.0,0.0,0.0,0.0,0.0,0.0,0.0,0.0,0.0,0.0,0.0,0.0,1.0000000118122205,1.0000000114267675,1.0000000098723731,1.0000000073984194,1.0000000064871883,1.000000005877528,1.0000000049678677,1.0000000047854474,1.0000000040374044,1.0000000032528358,1.00000000325266,1.0000000032525083,1.000000003252504,1.0000000032524803,1.0000000032524283,1.0000000032524177,1.0000000032524057,1.000000003252385,1.0000000032523781,1.0000000032523437,1.0000000032523413,1.0000000032523333,1.000000003252313,1.000000003252311,1.0000000032522738,1.0000000032522756,1.0000000032522804,1.0000000032522327,1.000000003252247,1.000000003252237,1.0000000032522307,1.0000000032522343,1.000000003252227,0.9999946052506297,0.9989136739832505,0.9989136739829576,0.9696265112542309,0.9580310982804923,0.7437261767809568,0.6839559376162553,0.683955937620433,0.17730125859611937,0.00035728032022219644,1.1345599707089048e-5,5.209229708710007e-9,4.320213247840751e-9,3.1087294761707366e-9,2.1473047621186738e-9,1.5001139532551914e-9,1.2776392605977804e-9,1.089331702233237e-9,1.0324164232393061e-10,1.6130640667274053e-10,0.0,0.0,0.0,0.0,0.0,0.0,0.0,0.0,0.0,0.0,0.0,0.0,0.0,0.0
0.0,0.0,0.0,0.0,0.0,0.0,0.0,0.0,0.0,0.0,0.0,0.0,0.0,0.0,1.000000011921409,1.000000011552361,1.0000000107166271,1.0000000071818935,1.000000007182613,1.000000006548674,1.0000000049743647,1.0000000053562472,1.000000004222866,1.0000000032559657,1.0000000032532392,1.0000000032526775,1.0000000032525913,1.0000000032525524,1.0000000032524559,1.0000000032524463,1.0000000032524707,1.000000003252396,1.0000000032523815,1.000000003252352,1.0000000032523473,1.0000000032523269,1.0000000032523038,1.000000003252299,1.0000000032522547,1.0000000032522602,1.0000000032522613,1.0000000032522327,1.000000003252255,1.0000000032522247,0.9999980060019047,0.9995980614442468,0.99959806144449,0.9887526200345506,0.9826218126278562,0.9022841023755805,0.8398587857581915,0.8247290730998889,0.41889609688248225,0.3009446622198742,0.05228277905708933,6.6645155082886e-9,5.177379341858704e-9,4.730291056220488e-9,3.794175547320489e-9,3.1144729252604072e-9,2.715637140062098e-9,1.871802852481871e-9,1.4851938555931462e-9,1.2843598264975278e-9,8.681194632835867e-11,1.0614386547834183e-10,1.5413845689726309e-10,0.0,0.0,0.0,0.0,0.0,0.0,0.0,0.0,0.0,0.0,0.0,0.0,0.0,0.0
0.0,0.0,0.0,0.0,0.0,0.0,0.0,0.0,0.0,0.0,0.0,0.0,0.0,0.0,1.000000012130388,1.0000000118993773,1.000000011492156,1.0000000077213642,1.000000007536585,1.0000000071939579,1.0000000055223561,1.0000000054393197,1.000000005060667,1.0000000042038475,1.000000004348845,1.0000000032530523,1.0000000032547784,1.0000000032527472,1.0000000032525334,1.0000000032524956,1.0000000032525036,1.00000000325242,1.0000000032523864,1.000000003252369,1.0000000032523426,1.0000000032522969,1.00000000325229,1.0000000032522822,1.000000003252244,1.00000000325225,1.0000000032522416,0.9999992642803905,0.9998512848059363,0.9998512848080409,0.9958350707457561,0.9928856853097796,0.9631607325213,0.9216124528469046,0.9087093489875806,0.6235390472607013,0.542241765741533,0.450236868990546,0.11169979542963916,0.00022508869339136955,7.149873960307765e-6,5.906953744870452e-9,5.129697965871322e-9,5.02387230178868e-9,3.1571244496340484e-9,2.750026402058946e-9,2.5730086288674953e-9,1.4592595261677384e-9,1.2845522460128434e-9,1.2126233363020761e-9,9.518240492254711e-11,1.1099696315586022e-10,1.5450530479052438e-10,0.0,0.0,0.0,0.0,0.0,0.0,0.0,0.0,0.0,0.0,0.0,0.0,0.0,0.0
0.0,0.0,0.0,0.0,0.0,0.0,0.0,0.0,0.0,0.0,0.0,0.0,0.0,0.0,1.000000012434038,1.0000000120498282,1.0000000117455057,1.000000007980807,1.0000000077563664,1.0000000074223816,1.0000000057920422,1.0000000056515992,1.0000000053720692,1.0000000044411528,1.0000000043531503,1.0000000041427084,1.0000000032567902,1.0000000032536334,1.000000003252763,1.0000000032526601,1.0000000032525458,1.0000000032524452,1.0000000032523908,1.0000000032523737,1.0000000032523308,1.0000000032522844,1.0000000032522807,1.000000003252269,0.9999997298480167,0.9999449774524529,0.9999449774474095,0.9984577199772229,0.9971144823004136,0.9861162497814581,0.9639107582061283,0.9552742011079545,0.7991484320087426,0.7297404883778222,0.6861669576025134,0.3052334653951321,0.18967842005584826,0.03294079635428551,7.4303954276934036e-9,6.361965587725451e-9,6.716194967438274e-9,4.818711821934595e-9,4.367189320651402e-9,4.224556222679976e-9,2.7631173331815908e-9,2.5381144745233626e-9,2.4049394617996156e-9,1.2586358205703815e-9,1.1948653944675384e-9,1.1461028579099476e-9,9.925817698248365e-11,1.1435681408252784e-10,1.5944871684023426e-10,0.0,0.0,0.0,0.0,0.0,0.0,0.0,0.0,0.0,0.0,0.0,0.0,0.0,0.0
0.0,0.0,0.0,0.0,0.0,0.0,0.0,0.0,0.0,0.0,0.0,0.0,0.0,0.0,1.0000000126869195,1.0000000119667474,1.0000000117101315,1.000000008237758,1.0000000076466555,1.000000007454939,1.0000000059744167,1.0000000056630345,1.0000000055186553,1.0000000045185142,1.0000000043676256,1.0000000043809703,1.000000003730825,1.0000000036790324,1.000000003253245,1.0000000032549579,1.0000000032527936,1.0000000032525036,1.0000000032524143,1.0000000032523697,1.0000000032523224,0.9999999021139444,0.999979643737444,0.9999796437256847,0.9994288929066608,0.9988386679097428,0.9947693219023954,0.9840230751375586,0.9789694361866215,0.9024761813635225,0.8506198260245093,0.8263686642042236,0.5057659820470595,0.41179332786044087,0.2958373221767922,0.07037087392633379,0.00014180840391497888,4.507548767848189e-6,6.989831467507066e-9,6.572921966688197e-9,6.174749022814543e-9,4.262202051879862e-9,3.905824160600865e-9,3.594495075282628e-9,2.5618303099576777e-9,2.4064544080230215e-9,2.1325165176450174e-9,1.2500758517061665e-9,1.1501475556631831e-9,1.0816840317144343e-9,9.877788085170353e-11,1.1355296738189485e-10,1.5735899460725271e-10,0.0,0.0,0.0,0.0,0.0,0.0,0.0,0.0,0.0,0.0,0.0,0.0,0.0,0.0
0.0,0.0,0.0,0.0,0.0,0.0,0.0,0.0,0.0,0.0,0.0,0.0,0.0,0.0,1.0000000127478152,1.000000011603162,1.0000000113478125,1.0000000086116767,1.0000000073474138,1.0000000071647044,1.0000000061567804,1.0000000056301641,1.0000000052608709,1.000000004309821,1.0000000042699095,1.000000004339989,1.0000000035594647,1.0000000034950636,1.0000000036928915,1.0000000032558571,1.0000000032534373,1.000000003252595,0.99999996585755,0.9999924702494235,0.9999924702510644,0.9997885202077025,0.9995356429658055,0.9980299849269967,0.9931169014133742,0.9904008152722052,0.9551694245050093,0.9219931133476243,0.9075791524879911,0.6905969255580964,0.6121000390214506,0.5417449925232459,0.2183343066257705,0.11954987379333541,0.02075436958643123,8.705220721368527e-9,8.155122732043827e-9,7.818289962639619e-9,5.970308437582734e-9,5.671451180983838e-9,5.244109364405076e-9,3.732858778131733e-9,4.005158455282058e-9,3.2968930842596744e-9,2.408679609504368e-9,2.3165804866766735e-9,2.023716353617765e-9,1.1599652684323388e-9,1.1268455040578055e-9,1.0569968584468491e-9,9.564252371447323e-11,1.0386140137170606e-10,1.7325114570757656e-10,0.0,0.0,0.0,0.0,0.0,0.0,0.0,0.0,0.0,0.0,0.0,0.0,0.0,0.0
0.0,0.0,0.0,0.0,0.0,0.0,0.0,0.0,0.0,0.0,0.0,0.0,0.0,0.0,1.0000000089189798,1.0000000089189798,1.0000000107215987,1.000000008082932,1.0000000063210375,1.0000000059282765,1.0000000057790386,1.0000000054241585,1.0000000041068664,1.0000000039737942,1.0000000042061183,1.00000000440239,1.0000000034826777,1.0000000034471714,0.9999999895838773,0.9999972161201748,0.9999972161098825,0.9999972160709555,0.9999216908412877,0.9992582700059119,0.9970934560925182,0.9970934560922304,0.9957166624727171,0.9733472244464257,0.9525550312601407,0.8240808567564445,0.7623675048758369,0.7210579057242315,0.5262740181004464,0.30366324990419546,0.26710891334341574,0.04433365387802213,8.934266547929264e-5,8.934247439832001e-5,8.06083740006555e-9,7.93569603232264e-9,7.324783131729839e-9,6.316346103898623e-9,5.09312755307071e-9,4.676410152823895e-9,4.207550019371275e-9,3.5972097932803972e-9,2.9972894837390705e-9,2.641274960059722e-9,2.3336383191581975e-9,1.9745660609953716e-9,1.2701467703733402e-9,1.1725239639724607e-9,1.1225273105902364e-9,7.28532735963705e-10,9.305348991424267e-11,1.0478162193917882e-10,1.3700265106184124e-10,0.0,0.0,0.0,0.0,0.0,0.0,0.0,0.0,0.0,0.0,0.0,0.0,0.0,0.0
0.0,0.0,0.0,0.0,0.0,0.0,0.0,0.0,0.0,0.0,0.0,0.0,0.0,0.0,1.0000000100791053,1.0000000098330561,1.0000000089226524,1.0000000079478777,1.0000000054428568,1.0000000051989097,1.0000000052704987,1.000000004771856,1.0000000038316683,1.0000000037599173,0.9999999988620842,0.9999989721712672,0.9999989721282528,0.9999989720985792,0.99997100418131,0.9997208162254221,0.9989198350694843,0.9987913465401974,0.99812262023112,0.9888973635982987,0.9781090095054638,0.9288624306720753,0.8838327142937805,0.8476470865792939,0.7664962528171294,0.5474314656203676,0.48445332257706825,0.3577027972868016,0.13758367002037808,0.07534947727511504,0.013075255994880469,1.0237462520696702e-8,9.73016232693479e-9,8.87104484923604e-9,7.830870827995702e-9,6.792422048119032e-9,6.2492799186794324e-9,5.6345675120434726e-9,4.6788077193998115e-9,4.281048565235019e-9,3.936623062150223e-9,3.3171885868314254e-9,2.699452671138362e-9,2.574836917024251e-9,2.3676677605486866e-9,1.6890159703929243e-9,1.1081422768421202e-9,1.3840316913237288e-9,1.1452532482375653e-9,8.02494439419227e-11,9.635509263726972e-11,1.0821519045529678e-10,1.4291500619378718e-10,0.0,0.0,0.0,0.0,0.0,0.0,0.0,0.0,0.0,0.0,0.0,0.0,0.0,0.0
0.0,0.0,0.0,0.0,0.0,0.0,0.0,0.0,0.0,0.0,0.0,0.0,0.0,0.0,1.000000008531198,1.0000000083455804,1.0000000073594455,1.0000000070366273,1.0000000045019555,1.0000000044251296,1.0000000026320726,0.9999996227018211,0.9999996220827141,0.9999996220454899,0.9999892651291183,0.9998949482792451,0.9995985852247499,0.999551044440887,0.9992560348045467,0.9954247347211366,0.990069210937438,0.9718479767682197,0.9543196017279502,0.9268381735175029,0.8837132833171375,0.7217205821179117,0.6595392575067368,0.5866165156853186,0.38245858939689437,0.2191871541238965,0.17311646021047153,0.027930205923922487,5.629007742030046e-5,5.628964310539771e-5,1.052019833770853e-8,9.664651437754974e-9,9.035867071810573e-9,8.325319758899377e-9,6.945652236580049e-9,6.142411653914426e-9,5.761833093835578e-9,5.13500724952166e-9,4.381338350616277e-9,4.088608354057386e-9,3.846868618734622e-9,3.1379661329227046e-9,2.6230901398673977e-9,2.568092080968981e-9,2.399311199650649e-9,1.484839711163275e-9,1.246806345187818e-9,1.2743212417230366e-9,1.1650873959647145e-9,9.536316415387798e-11,1.0101864178433581e-10,1.1145388871495062e-10,1.3948100990787456e-10,0.0,0.0,0.0,0.0,0.0,0.0,0.0,0.0,0.0,0.0,0.0,0.0,0.0,0.0
0.0,0.0,0.0,0.0,0.0,0.0,0.0,0.0,0.0,0.0,0.0,0.0,0.0,0.0,1.0000000069009085,1.000000006790136,1.0000000048952344,0.999999863955136,0.999999862998339,0.9999998629474,0.9999960276705985,0.9999604835574337,0.9998508291635672,0.999833239041702,0.9997064656805258,0.9981312662217042,0.9956451042758155,0.9888222998436277,0.9819155035030676,0.9659354633855781,0.9431825909310942,0.8522199468217272,0.8008441353970993,0.7510657754654596,0.6244023174674544,0.4259810704868408,0.3692586836191189,0.2356869386028683,0.08669853956630831,0.04749099799706618,0.008237415423095164,1.2613528857680279e-8,1.2013267534823059e-8,1.1297232703481433e-8,1.0075750086761016e-8,8.60668114832263e-9,8.13829616731014e-9,7.527646361388443e-9,6.437684402715934e-9,5.931952310985758e-9,5.64515296672549e-9,4.991351272489693e-9,4.361940586075787e-9,4.131210925183549e-9,3.932504408735175e-9,3.166106068604747e-9,2.784318671381195e-9,2.7051390115919347e-9,2.58057625204829e-9,1.634424395972363e-9,1.4883792365451785e-9,1.4580690641086326e-9,1.431932614683048e-9,8.664650014040499e-11,1.186270006412054e-10,1.0985286952944347e-10,1.2713132483174266e-10,0.0,0.0,0.0,0.0,0.0,0.0,0.0,0.0,0.0,0.0,0.0,0.0,0.0,0.0
0.0,0.0,0.0,0.0,0.0,0.0,0.0,0.0,0.0,0.0,0.0,0.0,0.0,0.0,0.0,0.0,0.0,0.0,0.0,0.0,0.0,0.0,0.0,0.0,0.0,0.0,0.0,0.0,0.0,0.0,0.0,0.0,0.0,0.0,0.0,0.0,0.0,0.0,0.0,0.0,0.0,0.0,0.0,0.0,0.0,0.0,0.0,0.0,0.0,0.0,0.0,0.0,0.0,0.0,0.0,0.0,0.0,0.0,0.0,0.0,0.0,0.0,0.0,0.0,0.0,0.0,0.0,0.0,0.0,0.0,0.0,0.0,0.0,0.0,0.0,0.0,0.0,0.0,0.0,0.0,0.0
0.0,0.0,0.0,0.0,0.0,0.0,0.0,0.0,0.0,0.0,0.0,0.0,0.0,0.0,0.0,0.0,0.0,0.0,0.0,0.0,0.0,0.0,0.0,0.0,0.0,0.0,0.0,0.0,0.0,0.0,0.0,0.0,0.0,0.0,0.0,0.0,0.0,0.0,0.0,0.0,0.0,0.0,0.0,0.0,0.0,0.0,0.0,0.0,0.0,0.0,0.0,0.0,0.0,0.0,0.0,0.0,0.0,0.0,0.0,0.0,0.0,0.0,0.0,0.0,0.0,0.0,0.0,0.0,0.0,0.0,0.0,0.0,0.0,0.0,0.0,0.0,0.0,0.0,0.0,0.0,0.0
0.0,0.0,0.0,0.0,0.0,0.0,0.0,0.0,0.0,0.0,0.0,0.0,0.0,0.0,0.0,0.0,0.0,0.0,0.0,0.0,0.0,0.0,0.0,0.0,0.0,0.0,0.0,0.0,0.0,0.0,0.0,0.0,0.0,0.0,0.0,0.0,0.0,0.0,0.0,0.0,0.0,0.0,0.0,0.0,0.0,0.0,0.0,0.0,0.0,0.0,0.0,0.0,0.0,0.0,0.0,0.0,0.0,0.0,0.0,0.0,0.0,0.0,0.0,0.0,0.0,0.0,0.0,0.0,0.0,0.0,0.0,0.0,0.0,0.0,0.0,0.0,0.0,0.0,0.0,0.0,0.0
0.0,0.0,0.0,0.0,0.0,0.0,0.0,0.0,0.0,0.0,0.0,0.0,0.0,0.0,0.0,0.0,0.0,0.0,0.0,0.0,0.0,0.0,0.0,0.0,0.0,0.0,0.0,0.0,0.0,0.0,0.0,0.0,0.0,0.0,0.0,0.0,0.0,0.0,0.0,0.0,0.0,0.0,0.0,0.0,0.0,0.0,0.0,0.0,0.0,0.0,0.0,0.0,0.0,0.0,0.0,0.0,0.0,0.0,0.0,0.0,0.0,0.0,0.0,0.0,0.0,0.0,0.0,0.0,0.0,0.0,0.0,0.0,0.0,0.0,0.0,0.0,0.0,0.0,0.0,0.0,0.0
0.0,0.0,0.0,0.0,0.0,0.0,0.0,0.0,0.0,0.0,0.0,0.0,0.0,0.0,0.0,0.0,0.0,0.0,0.0,0.0,0.0,0.0,0.0,0.0,0.0,0.0,0.0,0.0,0.0,0.0,0.0,0.0,0.0,0.0,0.0,0.0,0.0,0.0,0.0,0.0,0.0,0.0,0.0,0.0,0.0,0.0,0.0,0.0,0.0,0.0,0.0,0.0,0.0,0.0,0.0,0.0,0.0,0.0,0.0,0.0,0.0,0.0,0.0,0.0,0.0,0.0,0.0,0.0,0.0,0.0,0.0,0.0,0.0,0.0,0.0,0.0,0.0,0.0,0.0,0.0,0.0
0.0,0.0,0.0,0.0,0.0,0.0,0.0,0.0,0.0,0.0,0.0,0.0,0.0,0.0,0.0,0.0,0.0,0.0,0.0,0.0,0.0,0.0,0.0,0.0,0.0,0.0,0.0,0.0,0.0,0.0,0.0,0.0,0.0,0.0,0.0,0.0,0.0,0.0,0.0,0.0,0.0,0.0,0.0,0.0,0.0,0.0,0.0,0.0,0.0,0.0,0.0,0.0,0.0,0.0,0.0,0.0,0.0,0.0,0.0,0.0,0.0,0.0,0.0,0.0,0.0,0.0,0.0,0.0,0.0,0.0,0.0,0.0,0.0,0.0,0.0,0.0,0.0,0.0,0.0,0.0,0.0
0.0,0.0,0.0,0.0,0.0,0.0,0.0,0.0,0.0,0.0,0.0,0.0,0.0,0.0,0.0,0.0,0.0,0.0,0.0,0.0,0.0,0.0,0.0,0.0,0.0,0.0,0.0,0.0,0.0,0.0,0.0,0.0,0.0,0.0,0.0,0.0,0.0,0.0,0.0,0.0,0.0,0.0,0.0,0.0,0.0,0.0,0.0,0.0,0.0,0.0,0.0,0.0,0.0,0.0,0.0,0.0,0.0,0.0,0.0,0.0,0.0,0.0,0.0,0.0,0.0,0.0,0.0,0.0,0.0,0.0,0.0,0.0,0.0,0.0,0.0,0.0,0.0,0.0,0.0,0.0,0.0
0.0,0.0,0.0,0.0,0.0,0.0,0.0,0.0,0.0,0.0,0.0,0.0,0.0,0.0,0.0,0.0,0.0,0.0,0.0,0.0,0.0,0.0,0.0,0.0,0.0,0.0,0.0,0.0,0.0,0.0,0.0,0.0,0.0,0.0,0.0,0.0,0.0,0.0,0.0,0.0,0.0,0.0,0.0,0.0,0.0,0.0,0.0,0.0,0.0,0.0,0.0,0.0,0.0,0.0,0.0,0.0,0.0,0.0,0.0,0.0,0.0,0.0,0.0,0.0,0.0,0.0,0.0,0.0,0.0,0.0,0.0,0.0,0.0,0.0,0.0,0.0,0.0,0.0,0.0,0.0,0.0
0.0,0.0,0.0,0.0,0.0,0.0,0.0,0.0,0.0,0.0,0.0,0.0,0.0,0.0,0.0,0.0,0.0,0.0,0.0,0.0,0.0,0.0,0.0,0.0,0.0,0.0,0.0,0.0,0.0,0.0,0.0,0.0,0.0,0.0,0.0,0.0,0.0,0.0,0.0,0.0,0.0,0.0,0.0,0.0,0.0,0.0,0.0,0.0,0.0,0.0,0.0,0.0,0.0,0.0,0.0,0.0,0.0,0.0,0.0,0.0,0.0,0.0,0.0,0.0,0.0,0.0,0.0,0.0,0.0,0.0,0.0,0.0,0.0,0.0,0.0,0.0,0.0,0.0,0.0,0.0,0.0
0.0,0.0,0.0,0.0,0.0,0.0,0.0,0.0,0.0,0.0,0.0,0.0,0.0,0.0,0.0,0.0,0.0,0.0,0.0,0.0,0.0,0.0,0.0,0.0,0.0,0.0,0.0,0.0,0.0,0.0,0.0,0.0,0.0,0.0,0.0,0.0,0.0,0.0,0.0,0.0,0.0,0.0,0.0,0.0,0.0,0.0,0.0,0.0,0.0,0.0,0.0,0.0,0.0,0.0,0.0,0.0,0.0,0.0,0.0,0.0,0.0,0.0,0.0,0.0,0.0,0.0,0.0,0.0,0.0,0.0,0.0,0.0,0.0,0.0,0.0,0.0,0.0,0.0,0.0,0.0,0.0
0.0,0.0,0.0,0.0,0.0,0.0,0.0,0.0,0.0,0.0,0.0,0.0,0.0,0.0,0.0,0.0,0.0,0.0,0.0,0.0,0.0,0.0,0.0,0.0,0.0,0.0,0.0,0.0,0.0,0.0,0.0,0.0,0.0,0.0,0.0,0.0,0.0,0.0,0.0,0.0,0.0,0.0,0.0,0.0,0.0,0.0,0.0,0.0,0.0,0.0,0.0,0.0,0.0,0.0,0.0,0.0,0.0,0.0,0.0,0.0,0.0,0.0,0.0,0.0,0.0,0.0,0.0,0.0,0.0,0.0,0.0,0.0,0.0,0.0,0.0,0.0,0.0,0.0,0.0,0.0,0.0
0.0,0.0,0.0,0.0,0.0,0.0,0.0,0.0,0.0,0.0,0.0,0.0,0.0,0.0,0.0,0.0,0.0,0.0,0.0,0.0,0.0,0.0,0.0,0.0,0.0,0.0,0.0,0.0,0.0,0.0,0.0,0.0,0.0,0.0,0.0,0.0,0.0,0.0,0.0,0.0,0.0,0.0,0.0,0.0,0.0,0.0,0.0,0.0,0.0,0.0,0.0,0.0,0.0,0.0,0.0,0.0,0.0,0.0,0.0,0.0,0.0,0.0,0.0,0.0,0.0,0.0,0.0,0.0,0.0,0.0,0.0,0.0,0.0,0.0,0.0,0.0,0.0,0.0,0.0,0.0,0.0
0.0,0.0,0.0,0.0,0.0,0.0,0.0,0.0,0.0,0.0,0.0,0.0,0.0,0.0,0.0,0.0,0.0,0.0,0.0,0.0,0.0,0.0,0.0,0.0,0.0,0.0,0.0,0.0,0.0,0.0,0.0,0.0,0.0,0.0,0.0,0.0,0.0,0.0,0.0,0.0,0.0,0.0,0.0,0.0,0.0,0.0,0.0,0.0,0.0,0.0,0.0,0.0,0.0,0.0,0.0,0.0,0.0,0.0,0.0,0.0,0.0,0.0,0.0,0.0,0.0,0.0,0.0,0.0,0.0,0.0,0.0,0.0,0.0,0.0,0.0,0.0,0.0,0.0,0.0,0.0,0.0
0.0,0.0,0.0,0.0,0.0,0.0,0.0,0.0,0.0,0.0,0.0,0.0,0.0,0.0,0.0,0.0,0.0,0.0,0.0,0.0,0.0,0.0,0.0,0.0,0.0,0.0,0.0,0.0,0.0,0.0,0.0,0.0,0.0,0.0,0.0,0.0,0.0,0.0,0.0,0.0,0.0,0.0,0.0,0.0,0.0,0.0,0.0,0.0,0.0,0.0,0.0,0.0,0.0,0.0,0.0,0.0,0.0,0.0,0.0,0.0,0.0,0.0,0.0,0.0,0.0,0.0,0.0,0.0,0.0,0.0,0.0,0.0,0.0,0.0,0.0,0.0,0.0,0.0,0.0,0.0,0.0
0.0,0.0,0.0,0.0,0.0,0.0,0.0,0.0,0.0,0.0,0.0,0.0,0.0,0.0,0.0,0.0,0.0,0.0,0.0,0.0,0.0,0.0,0.0,0.0,0.0,0.0,0.0,0.0,0.0,0.0,0.0,0.0,0.0,0.0,0.0,0.0,0.0,0.0,0.0,0.0,0.0,0.0,0.0,0.0,0.0,0.0,0.0,0.0,0.0,0.0,0.0,0.0,0.0,0.0,0.0,0.0,0.0,0.0,0.0,0.0,0.0,0.0,0.0,0.0,0.0,0.0,0.0,0.0,0.0,0.0,0.0,0.0,0.0,0.0,0.0,0.0,0.0,0.0,0.0,0.0,0.0
0.0,0.0,0.0,0.0,0.0,0.0,0.0,0.0,0.0,0.0,0.0,0.0,0.0,0.0,0.0,0.0,0.0,0.0,0.0,0.0,0.0,0.0,0.0,0.0,0.0,0.0,0.0,0.0,0.0,0.0,0.0,0.0,0.0,0.0,0.0,0.0,0.0,0.0,0.0,0.0,0.0,0.0,0.0,0.0,0.0,0.0,0.0,0.0,0.0,0.0,0.0,0.0,0.0,0.0,0.0,0.0,0.0,0.0,0.0,0.0,0.0,0.0,0.0,0.0,0.0,0.0,0.0,0.0,0.0,0.0,0.0,0.0,0.0,0.0,0.0,0.0,0.0,0.0,0.0,0.0,0.0
