-1.0,-1.0,-1.0,-1.0,-1.0,-1.0,-1.0,-1.0,-1.0,-1.0,-1.0,-1.0,-1.0,-1.0,-1.0,-1.0,-1.0,-1.0,-1.0,-1.0,-1.0,-1.0,-1.0,-1.0,-1.0,-1.0,-1.0,-1.0,-1.0,-1.0,-1.0,-1.0,-1.0,-1.0,-1.0,-1.0,-1.0,-1.0,-1.0,-1.0,-1.0,-1.0,-1.0,-1.0,-1.0,-1.0,-1.0,-1.0,-1.0,-1.0,-1.0,-1.0,-1.0,-1.0,-1.0,-1.0,-1.0,-1.0,-1.0,-1.0,-1.0,-1.0,-1.0,-1.0,-1.0,-1.0,-1.0,-1.0,-1.0,-1.0,-1.0,-1.0,-1.0,-1.0,-1.0,-1.0,-1.0,-1.0,-1.0,-1.0,-1.0,-1.0,-1.0,-1.0,-1.0,-1.0,-1.0,-1.0,-1.0,-1.0,-1.0,-1.0,-1.0,-1.0,-1.0,-1.0,-1.0,-1.0,-1.0,-1.0,-1.0
-0.8999999999999999,-0.8999999999999999,-0.8999999999999999,-0.8999999999999999,-0.8999999999999999,-0.8999999999999999,-0.8999999999999999,-0.8999999999999999,-0.8999999999999999,-0.8999999999999999,-0.8999999999999999,-0.8999999999999999,-0.8999999999999999,-0.8999999999999999,-0.8999999999999999,-0.8999999999999999,-0.8999999999999999,-0.8999999999999999,-0.8999999999999999,-0.8999999999999999,-0.8999999999999999,-0.8999999999999999,-0.8999999999999999,-0.8999999999999999,-0.8999999999999999,-0.8999999999999999,-0.8999999999999999,-0.8999999999999999,-0.8999999999999999,-0.8999999999999999,-0.8999999999999999,-0.8999999999999999,-0.8999999999999999,-0.8999999999999999,-0.8999999999999999,-0.8999999999999999,-0.8999999999999999,-0.8999999999999999,-0.8999999999999999,-0.8999999999999999,-0.8999999999999999,-0.8999999999999999,-0.8999999999999999,-0.8999999999999999,-0.8999999999999999,-0.8999999999999999,-0.8999999999999999,-0.8999999999999999,-0.8999999999999999,-0.8999999999999999,-0.8999999999999999,-0.8999999999999999,-0.8999999999999999,-0.8999999999999999,-0.8999999999999999,-0.8999999999999999,-0.8999999999999999,-0.8999999999999999,-0.8999999999999999,-0.8999999999999999,-0.8999999999999999,-0.8999999999999999,-0.8999999999999999,-0.8999999999999999,-0.8999999999999999,-0.8999999999999999,-0.8999999999999999,-0.8999999999999999,-0.8999999999999999,-0.8999999999999999,-0.8999999999999999,-0.8999999999999999,-0.8999999999999999,-0.8999999999999999,-0.8999999999999999,-0.8999999999999999,-0.8999999999999999,-0.8999999999999999,-0.8999999999999999,-0.8999999999999999,-0.8999999999999999,-0.8999999999999999,-0.8999999999999999,-0.8999999999999999,-0.8999999999999999,-0.8999999999999999,-0.8999999999999999,-0.8999999999999999,-0.8999999999999999,-0.8999999999999999,-0.8999999999999999,-0.8999999999999999,-0.8999999999999999,-0.8999999999999999,-0.8999999999999999,-0.8999999999999999,-0.8999999999999999,-0.8999999999999999,-0.8999999999999999,-0.8999999999999999,-0.8999999999999999
-0.8,-0.8,-0.8,-0.8,-0.8,-0.8,-0.8,-0.8,-0.8,-0.8,-0.8,-0.8,-0.8,-0.8,-0.8,-0.8,-0.8,-0.8,-0.8,-0.8,-0.8,-0.8,-0.8,-0.8,-0.8,-0.8,-0.8,-0.8,-0.8,-0.8,-0.8,-0.8,-0.8,-0.8,-0.8,-0.8,-0.8,-0.8,-0.8,-0.8,-0.8,-0.8,-0.8,-0.8,-0.8,-0.8,-0.8,-0.8,-0.8,-0.8,-0.8,-0.8,-0.8,-0.8,-0.8,-0.8,-0.8,-0.8,-0.8,-0.8,-0.8,-0.8,-0.8,-0.8,-0.8,-0.8,-0.8,-0.8,-0.8,-0.8,-0.8,-0.8,-0.8,-0.8,-0.8,-0.8,-0.8,-0.8,-0.8,-0.8,-0.8,-0.8,-0.8,-0.8,-0.8,-0.8,-0.8,-0.8,-0.8,-0.8,-0.8,-0.8,-0.8,-0.8,-0.8,-0.8,-0.8,-0.8,-0.8,-0.8,-0.8
-0.7,-0.7,-0.7,-0.7,-0.7,-0.7,-0.7,-0.7,-0.7,-0.7,-0.7,-0.7,-0.7,-0.7,-0.7,-0.7,-0.7,-0.7,-0.7,-0.7,-0.7,-0.7,-0.7,-0.7,-0.7,-0.7,-0.7,-0.7,-0.7,-0.7,-0.7,-0.7,-0.7,-0.7,-0.7,-0.7,-0.7,-0.7,-0.7,-0.7,-0.7,-0.7,-0.7,-0.7,-0.7,-0.7,-0.7,-0.7,-0.7,-0.7,-0.7,-0.7,-0.7,-0.7,-0.7,-0.7,-0.7,-0.7,-0.7,-0.7,-0.7,-0.7,-0.7,-0.7,-0.7,-0.7,-0.7,-0.7,-0.7,-0.7,-0.7,-0.7,-0.7,-0.7,-0.7,-0.7,-0.7,-0.7,-0.7,-0.7,-0.7,-0.7,-0.7,-0.7,-0.7,-0.7,-0.7,-0.7,-0.7,-0.7,-0.7,-0.7,-0.7,-0.7,-0.7,-0.7,-0.7,-0.7,-0.7,-0.7,-0.7
-0.6000000000000001,-0.6000000000000001,-0.6000000000000001,-0.6000000000000001,-0.6000000000000001,-0.6000000000000001,-0.6000000000000001,-0.6000000000000001,-0.6000000000000001,-0.6000000000000001,-0.6000000000000001,-0.6000000000000001,-0.6000000000000001,-0.6000000000000001,-0.6000000000000001,-0.6000000000000001,-0.6000000000000001,-0.6000000000000001,-0.6000000000000001,-0.6000000000000001,-0.6000000000000001,-0.6000000000000001,-0.6000000000000001,-0.6000000000000001,-0.6000000000000001,-0.6000000000000001,-0.6000000000000001,-0.6000000000000001,-0.6000000000000001,-0.6000000000000001,-0.6000000000000001,-0.6000000000000001,-0.6000000000000001,-0.6000000000000001,-0.6000000000000001,-0.6000000000000001,-0.6000000000000001,-0.6000000000000001,-0.6000000000000001,-0.6000000000000001,-0.6000000000000001,-0.6000000000000001,-0.6000000000000001,-0.6000000000000001,-0.6000000000000001,-0.6000000000000001,-0.6000000000000001,-0.6000000000000001,-0.6000000000000001,-0.6000000000000001,-0.6000000000000001,-0.6000000000000001,-0.6000000000000001,-0.6000000000000001,-0.6000000000000001,-0.6000000000000001,-0.6000000000000001,-0.6000000000000001,-0.6000000000000001,-0.6000000000000001,-0.6000000000000001,-0.6000000000000001,-0.6000000000000001,-0.6000000000000001,-0.6000000000000001,-0.6000000000000001,-0.6000000000000001,-0.6000000000000001,-0.6000000000000001,-0.6000000000000001,-0.6000000000000001,-0.6000000000000001,-0.6000000000000001,-0.6000000000000001,-0.6000000000000001,-0.6000000000000001,-0.6000000000000001,-0.6000000000000001,-0.6000000000000001,-0.6000000000000001,-0.6000000000000001,-0.6000000000000001,-0.6000000000000001,-0.6000000000000001,-0.6000000000000001,-0.6000000000000001,-0.6000000000000001,-0.6000000000000001,-0.6000000000000001,-0.6000000000000001,-0.6000000000000001,-0.6000000000000001,-0.6000000000000001,-0.6000000000000001,-0.6000000000000001,-0.6000000000000001,-0.6000000000000001,-0.6000000000000001,-0.6000000000000001,-0.6000000000000001,-0.6000000000000001
-0.5,-0.5,-0.5,-0.5,-0.5,-0.5,-0.5,-0.5,-0.5,-0.5,-0.5,-0.5,-0.5,-0.5,-0.5,-0.5,-0.5,-0.5,-0.5,-0.5,-0.5,-0.5,-0.5,-0.5,-0.5,-0.5,-0.5,-0.5,-0.5,-0.5,-0.5,-0.5,-0.5,-0.5,-0.5,-0.5,-0.5,-0.5,-0.5,-0.5,-0.5,-0.5,-0.5,-0.5,-0.5,-0.5,-0.5,-0.5,-0.5,-0.5,-0.5,-0.5,-0.5,-0.5,-0.5,-0.5,-0.5,-0.5,-0.5,-0.5,-0.5,-0.5,-0.5,-0.5,-0.5,-0.5,-0.5,-0.5,-0.5,-0.5,-0.5,-0.5,-0.5,-0.5,-0.5,-0.5,-0.5,-0.5,-0.5,-0.5,-0.5,-0.5,-0.5,-0.5,-0.5,-0.5,-0.5,-0.5,-0.5,-0.5,-0.5,-0.5,-0.5,-0.5,-0.5,-0.5,-0.5,-0.5,-0.5,-0.5,-0.5
-0.4,-0.4,-0.4,-0.4,-0.4,-0.4,-0.4,-0.4,-0.4,-0.4,-0.4,-0.4,-0.4,-0.4,-0.4,-0.4,-0.4,-0.4,-0.4,-0.4,-0.4,-0.4,-0.4,-0.4,-0.4,-0.4,-0.4,-0.4,-0.4,-0.4,-0.4,-0.4,-0.4,-0.4,-0.4,-0.4,-0.4,-0.4,-0.4,-0.4,-0.4,-0.4,-0.4,-0.4,-0.4,-0.4,-0.4,-0.4,-0.4,-0.4,-0.4,-0.4,-0.4,-0.4,-0.4,-0.4,-0.4,-0.4,-0.4,-0.4,-0.4,-0.4,-0.4,-0.4,-0.4,-0.4,-0.4,-0.4,-0.4,-0.4,-0.4,-0.4,-0.4,-0.4,-0.4,-0.4,-0.4,-0.4,-0.4,-0.4,-0.4,-0.4,-0.4,-0.4,-0.4,-0.4,-0.4,-0.4,-0.4,-0.4,-0.4,-0.4,-0.4,-0.4,-0.4,-0.4,-0.4,-0.4,-0.4,-0.4,-0.4
-0.29999999999999993,-0.29999999999999993,-0.29999999999999993,-0.29999999999999993,-0.29999999999999993,-0.29999999999999993,-0.29999999999999993,-0.29999999999999993,-0.29999999999999993,-0.29999999999999993,-0.29999999999999993,-0.29999999999999993,-0.29999999999999993,-0.29999999999999993,-0.29999999999999993,-0.29999999999999993,-0.29999999999999993,-0.29999999999999993,-0.29999999999999993,-0.29999999999999993,-0.29999999999999993,-0.29999999999999993,-0.29999999999999993,-0.29999999999999993,-0.29999999999999993,-0.29999999999999993,-0.29999999999999993,-0.29999999999999993,-0.29999999999999993,-0.29999999999999993,-0.29999999999999993,-0.29999999999999993,-0.29999999999999993,-0.29999999999999993,-0.29999999999999993,-0.29999999999999993,-0.29999999999999993,-0.29999999999999993,-0.29999999999999993,-0.29999999999999993,-0.29999999999999993,-0.29999999999999993,-0.29999999999999993,-0.29999999999999993,-0.29999999999999993,-0.29999999999999993,-0.29999999999999993,-0.29999999999999993,-0.29999999999999993,-0.29999999999999993,-0.29999999999999993,-0.29999999999999993,-0.29999999999999993,-0.29999999999999993,-0.29999999999999993,-0.29999999999999993,-0.29999999999999993,-0.29999999999999993,-0.29999999999999993,-0.29999999999999993,-0.29999999999999993,-0.29999999999999993,-0.29999999999999993,-0.29999999999999993,-0.29999999999999993,-0.29999999999999993,-0.29999999999999993,-0.29999999999999993,-0.29999999999999993,-0.29999999999999993,-0.29999999999999993,-0.29999999999999993,-0.29999999999999993,-0.29999999999999993,-0.29999999999999993,-0.29999999999999993,-0.29999999999999993,-0.29999999999999993,-0.29999999999999993,-0.29999999999999993,-0.29999999999999993,-0.29999999999999993,-0.29999999999999993,-0.29999999999999993,-0.29999999999999993,-0.29999999999999993,-0.29999999999999993,-0.29999999999999993,-0.29999999999999993,-0.29999999999999993,-0.29999999999999993,-0.29999999999999993,-0.29999999999999993,-0.29999999999999993,-0.29999999999999993,-0.29999999999999993,-0.29999999999999993,-0.29999999999999993,-0.29999999999999993,-0.29999999999999993,-0.29999999999999993
-0.20000000000000007,-0.20000000000000007,-0.20000000000000007,-0.20000000000000007,-0.20000000000000007,-0.20000000000000007,-0.20000000000000007,-0.20000000000000007,-0.20000000000000007,-0.20000000000000007,-0.20000000000000007,-0.20000000000000007,-0.20000000000000007,-0.20000000000000007,-0.20000000000000007,-0.20000000000000007,-0.20000000000000007,-0.20000000000000007,-0.20000000000000007,-0.20000000000000007,-0.20000000000000007,-0.20000000000000007,-0.20000000000000007,-0.20000000000000007,-0.20000000000000007,-0.20000000000000007,-0.20000000000000007,-0.20000000000000007,-0.20000000000000007,-0.20000000000000007,-0.20000000000000007,-0.20000000000000007,-0.20000000000000007,-0.20000000000000007,-0.20000000000000007,-0.20000000000000007,-0.20000000000000007,-0.20000000000000007,-0.20000000000000007,-0.20000000000000007,-0.20000000000000007,-0.20000000000000007,-0.20000000000000007,-0.20000000000000007,-0.20000000000000007,-0.20000000000000007,-0.20000000000000007,-0.20000000000000007,-0.20000000000000007,-0.20000000000000007,-0.20000000000000007,-0.20000000000000007,-0.20000000000000007,-0.20000000000000007,-0.20000000000000007,-0.20000000000000007,-0.20000000000000007,-0.20000000000000007,-0.20000000000000007,-0.20000000000000007,-0.20000000000000007,-0.20000000000000007,-0.20000000000000007,-0.20000000000000007,-0.20000000000000007,-0.20000000000000007,-0.20000000000000007,-0.20000000000000007,-0.20000000000000007,-0.20000000000000007,-0.20000000000000007,-0.20000000000000007,-0.20000000000000007,-0.20000000000000007,-0.20000000000000007,-0.20000000000000007,-0.20000000000000007,-0.20000000000000007,-0.20000000000000007,-0.20000000000000007,-0.20000000000000007,-0.20000000000000007,-0.20000000000000007,-0.20000000000000007,-0.20000000000000007,-0.20000000000000007,-0.20000000000000007,-0.20000000000000007,-0.20000000000000007,-0.20000000000000007,-0.20000000000000007,-0.20000000000000007,-0.20000000000000007,-0.20000000000000007,-0.20000000000000007,-0.20000000000000007,-0.20000000000000007,-0.20000000000000007,-0.20000000000000007,-0.20000000000000007,-0.20000000000000007
-0.09999999999999998,-0.09999999999999998,-0.09999999999999998,-0.09999999999999998,-0.09999999999999998,-0.09999999999999998,-0.09999999999999998,-0.09999999999999998,-0.09999999999999998,-0.09999999999999998,-0.09999999999999998,-0.09999999999999998,-0.09999999999999998,-0.09999999999999998,-0.09999999999999998,-0.09999999999999998,-0.09999999999999998,-0.09999999999999998,-0.09999999999999998,-0.09999999999999998,-0.09999999999999998,-0.09999999999999998,-0.09999999999999998,-0.09999999999999998,-0.09999999999999998,-0.09999999999999998,-0.09999999999999998,-0.09999999999999998,-0.09999999999999998,-0.09999999999999998,-0.09999999999999998,-0.09999999999999998,-0.09999999999999998,-0.09999999999999998,-0.09999999999999998,-0.09999999999999998,-0.09999999999999998,-0.09999999999999998,-0.09999999999999998,-0.09999999999999998,-0.09999999999999998,-0.09999999999999998,-0.09999999999999998,-0.09999999999999998,-0.09999999999999998,-0.09999999999999998,-0.09999999999999998,-0.09999999999999998,-0.09999999999999998,-0.09999999999999998,-0.09999999999999998,-0.09999999999999998,-0.09999999999999998,-0.09999999999999998,-0.09999999999999998,-0.09999999999999998,-0.09999999999999998,-0.09999999999999998,-0.09999999999999998,-0.09999999999999998,-0.09999999999999998,-0.09999999999999998,-0.09999999999999998,-0.09999999999999998,-0.09999999999999998,-0.09999999999999998,-0.09999999999999998,-0.09999999999999998,-0.09999999999999998,-0.09999999999999998,-0.09999999999999998,-0.09999999999999998,-0.09999999999999998,-0.09999999999999998,-0.09999999999999998,-0.09999999999999998,-0.09999999999999998,-0.09999999999999998,-0.09999999999999998,-0.09999999999999998,-0.09999999999999998,-0.09999999999999998,-0.09999999999999998,-0.09999999999999998,-0.09999999999999998,-0.09999999999999998,-0.09999999999999998,-0.09999999999999998,-0.09999999999999998,-0.09999999999999998,-0.09999999999999998,-0.09999999999999998,-0.09999999999999998,-0.09999999999999998,-0.09999999999999998,-0.09999999999999998,-0.09999999999999998,-0.09999999999999998,-0.09999999999999998,-0.09999999999999998,-0.09999999999999998
-1.1102230246251565e-16,-1.1102230246251565e-16,-1.1102230246251565e-16,-1.1102230246251565e-16,-1.1102230246251565e-16,-1.1102230246251565e-16,-1.1102230246251565e-16,-1.1102230246251565e-16,-1.1102230246251565e-16,-1.1102230246251565e-16,-1.1102230246251565e-16,-1.1102230246251565e-16,-1.1102230246251565e-16,-1.1102230246251565e-16,-1.1102230246251565e-16,-1.1102230246251565e-16,-1.1102230246251565e-16,-1.1102230246251565e-16,-1.1102230246251565e-16,-1.1102230246251565e-16,-1.1102230246251565e-16,-1.1102230246251565e-16,-1.1102230246251565e-16,-1.1102230246251565e-16,-1.1102230246251565e-16,-1.1102230246251565e-16,-1.1102230246251565e-16,-1.1102230246251565e-16,-1.1102230246251565e-16,-1.1102230246251565e-16,-1.1102230246251565e-16,-1.1102230246251565e-16,-1.1102230246251565e-16,-1.1102230246251565e-16,-1.1102230246251565e-16,-1.1102230246251565e-16,-1.1102230246251565e-16,-1.1102230246251565e-16,-1.1102230246251565e-16,-1.1102230246251565e-16,-1.1102230246251565e-16,-1.1102230246251565e-16,-1.1102230246251565e-16,-1.1102230246251565e-16,-1.1102230246251565e-16,-1.1102230246251565e-16,-1.1102230246251565e-16,-1.1102230246251565e-16,-1.1102230246251565e-16,-1.1102230246251565e-16,-1.1102230246251565e-16,-1.1102230246251565e-16,-1.1102230246251565e-16,-1.1102230246251565e-16,-1.1102230246251565e-16,-1.1102230246251565e-16,-1.1102230246251565e-16,-1.1102230246251565e-16,-1.1102230246251565e-16,-1.1102230246251565e-16,-1.1102230246251565e-16,-1.1102230246251565e-16,-1.1102230246251565e-16,-1.1102230246251565e-16,-1.1102230246251565e-16,-1.1102230246251565e-16,-1.1102230246251565e-16,-1.1102230246251565e-16,-1.1102230246251565e-16,-1.1102230246251565e-16,-1.1102230246251565e-16,-1.1102230246251565e-16,-1.1102230246251565e-16,-1.1102230246251565e-16,-1.1102230246251565e-16,-1.1102230246251565e-16,-1.1102230246251565e-16,-1.1102230246251565e-16,-1.1102230246251565e-16,-1.1102230246251565e-16,-1.1102230246251565e-16,-1.1102230246251565e-16,-1.1102230246251565e-16,-1.1102230246251565e-16,-1.1102230246251565e-16,-1.1102230246251565e-16,-1.1102230246251565e-16,-1.1102230246251565e-16,-1.1102230246251565e-16,-1.1102230246251565e-16,-1.1102230246251565e-16,-1.1102230246251565e-16,-1.1102230246251565e-16,-1.1102230246251565e-16,-1.1102230246251565e-16,-1.1102230246251565e-16,-1.1102230246251565e-16,-1.1102230246251565e-16,-1.1102230246251565e-16,-1.1102230246251565e-16,-1.1102230246251565e-16
0.09999999999999998,0.09999999999999998,0.09999999999999998,0.09999999999999998,0.09999999999999998,0.09999999999999998,0.09999999999999998,0.09999999999999998,0.09999999999999998,0.09999999999999998,0.09999999999999998,0.09999999999999998,0.09999999999999998,0.09999999999999998,0.09999999999999998,0.09999999999999998,0.09999999999999998,0.09999999999999998,0.09999999999999998,0.09999999999999998,0.09999999999999998,0.09999999999999998,0.09999999999999998,0.09999999999999998,0.09999999999999998,0.09999999999999998,0.09999999999999998,0.09999999999999998,0.09999999999999998,0.09999999999999998,0.09999999999999998,0.09999999999999998,0.09999999999999998,0.09999999999999998,0.09999999999999998,0.09999999999999998,0.09999999999999998,0.09999999999999998,0.09999999999999998,0.09999999999999998,0.09999999999999998,0.09999999999999998,0.09999999999999998,0.09999999999999998,0.09999999999999998,0.09999999999999998,0.09999999999999998,0.09999999999999998,0.09999999999999998,0.09999999999999998,0.09999999999999998,0.09999999999999998,0.09999999999999998,0.09999999999999998,0.09999999999999998,0.09999999999999998,0.09999999999999998,0.09999999999999998,0.09999999999999998,0.09999999999999998,0.09999999999999998,0.09999999999999998,0.09999999999999998,0.09999999999999998,0.09999999999999998,0.09999999999999998,0.09999999999999998,0.09999999999999998,0.09999999999999998,0.09999999999999998,0.09999999999999998,0.09999999999999998,0.09999999999999998,0.09999999999999998,0.09999999999999998,0.09999999999999998,0.09999999999999998,0.09999999999999998,0.09999999999999998,0.09999999999999998,0.09999999999999998,0.09999999999999998,0.09999999999999998,0.09999999999999998,0.09999999999999998,0.09999999999999998,0.09999999999999998,0.09999999999999998,0.09999999999999998,0.09999999999999998,0.09999999999999998,0.09999999999999998,0.09999999999999998,0.09999999999999998,0.09999999999999998,0.09999999999999998,0.09999999999999998,0.09999999999999998,0.09999999999999998,0.09999999999999998,0.09999999999999998
0.19999999999999996,0.19999999999999996,0.19999999999999996,0.19999999999999996,0.19999999999999996,0.19999999999999996,0.19999999999999996,0.19999999999999996,0.19999999999999996,0.19999999999999996,0.19999999999999996,0.19999999999999996,0.19999999999999996,0.19999999999999996,0.19999999999999996,0.19999999999999996,0.19999999999999996,0.19999999999999996,0.19999999999999996,0.19999999999999996,0.19999999999999996,0.19999999999999996,0.19999999999999996,0.19999999999999996,0.19999999999999996,0.19999999999999996,0.19999999999999996,0.19999999999999996,0.19999999999999996,0.19999999999999996,0.19999999999999996,0.19999999999999996,0.19999999999999996,0.19999999999999996,0.19999999999999996,0.19999999999999996,0.19999999999999996,0.19999999999999996,0.19999999999999996,0.19999999999999996,0.19999999999999996,0.19999999999999996,0.19999999999999996,0.19999999999999996,0.19999999999999996,0.19999999999999996,0.19999999999999996,0.19999999999999996,0.19999999999999996,0.19999999999999996,0.19999999999999996,0.19999999999999996,0.19999999999999996,0.19999999999999996,0.19999999999999996,0.19999999999999996,0.19999999999999996,0.19999999999999996,0.19999999999999996,0.19999999999999996,0.19999999999999996,0.19999999999999996,0.19999999999999996,0.19999999999999996,0.19999999999999996,0.19999999999999996,0.19999999999999996,0.19999999999999996,0.19999999999999996,0.19999999999999996,0.19999999999999996,0.19999999999999996,0.19999999999999996,0.19999999999999996,0.19999999999999996,0.19999999999999996,0.19999999999999996,0.19999999999999996,0.19999999999999996,0.19999999999999996,0.19999999999999996,0.19999999999999996,0.19999999999999996,0.19999999999999996,0.19999999999999996,0.19999999999999996,0.19999999999999996,0.19999999999999996,0.19999999999999996,0.19999999999999996,0.19999999999999996,0.19999999999999996,0.19999999999999996,0.19999999999999996,0.19999999999999996,0.19999999999999996,0.19999999999999996,0.19999999999999996,0.19999999999999996,0.19999999999999996,0.19999999999999996
0.30000000000000016,0.30000000000000016,0.30000000000000016,0.30000000000000016,0.30000000000000016,0.30000000000000016,0.30000000000000016,0.30000000000000016,0.30000000000000016,0.30000000000000016,0.30000000000000016,0.30000000000000016,0.30000000000000016,0.30000000000000016,0.30000000000000016,0.30000000000000016,0.30000000000000016,0.30000000000000016,0.30000000000000016,0.30000000000000016,0.30000000000000016,0.30000000000000016,0.30000000000000016,0.30000000000000016,0.30000000000000016,0.30000000000000016,0.30000000000000016,0.30000000000000016,0.30000000000000016,0.30000000000000016,0.30000000000000016,0.30000000000000016,0.30000000000000016,0.30000000000000016,0.30000000000000016,0.30000000000000016,0.30000000000000016,0.30000000000000016,0.30000000000000016,0.30000000000000016,0.30000000000000016,0.30000000000000016,0.30000000000000016,0.30000000000000016,0.30000000000000016,0.30000000000000016,0.30000000000000016,0.30000000000000016,0.30000000000000016,0.30000000000000016,0.30000000000000016,0.30000000000000016,0.30000000000000016,0.30000000000000016,0.30000000000000016,0.30000000000000016,0.30000000000000016,0.30000000000000016,0.30000000000000016,0.30000000000000016,0.30000000000000016,0.30000000000000016,0.30000000000000016,0.30000000000000016,0.30000000000000016,0.30000000000000016,0.30000000000000016,0.30000000000000016,0.30000000000000016,0.30000000000000016,0.30000000000000016,0.30000000000000016,0.30000000000000016,0.30000000000000016,0.30000000000000016,0.30000000000000016,0.30000000000000016,0.30000000000000016,0.30000000000000016,0.30000000000000016,0.30000000000000016,0.30000000000000016,0.30000000000000016,0.30000000000000016,0.30000000000000016,0.30000000000000016,0.30000000000000016,0.30000000000000016,0.30000000000000016,0.30000000000000016,0.30000000000000016,0.30000000000000016,0.30000000000000016,0.30000000000000016,0.30000000000000016,0.30000000000000016,0.30000000000000016,0.30000000000000016,0.30000000000000016,0.30000000000000016,0.30000000000000016
0.40000000000000013,0.40000000000000013,0.40000000000000013,0.40000000000000013,0.40000000000000013,0.40000000000000013,0.40000000000000013,0.40000000000000013,0.40000000000000013,0.40000000000000013,0.40000000000000013,0.40000000000000013,0.40000000000000013,0.40000000000000013,0.40000000000000013,0.40000000000000013,0.40000000000000013,0.40000000000000013,0.40000000000000013,0.40000000000000013,0.40000000000000013,0.40000000000000013,0.40000000000000013,0.40000000000000013,0.40000000000000013,0.40000000000000013,0.40000000000000013,0.40000000000000013,0.40000000000000013,0.40000000000000013,0.40000000000000013,0.40000000000000013,0.40000000000000013,0.40000000000000013,0.40000000000000013,0.40000000000000013,0.40000000000000013,0.40000000000000013,0.40000000000000013,0.40000000000000013,0.40000000000000013,0.40000000000000013,0.40000000000000013,0.40000000000000013,0.40000000000000013,0.40000000000000013,0.40000000000000013,0.40000000000000013,0.40000000000000013,0.40000000000000013,0.40000000000000013,0.40000000000000013,0.40000000000000013,0.40000000000000013,0.40000000000000013,0.40000000000000013,0.40000000000000013,0.40000000000000013,0.40000000000000013,0.40000000000000013,0.40000000000000013,0.40000000000000013,0.40000000000000013,0.40000000000000013,0.40000000000000013,0.40000000000000013,0.40000000000000013,0.40000000000000013,0.40000000000000013,0.40000000000000013,0.40000000000000013,0.40000000000000013,0.40000000000000013,0.40000000000000013,0.40000000000000013,0.40000000000000013,0.40000000000000013,0.40000000000000013,0.40000000000000013,0.40000000000000013,0.40000000000000013,0.40000000000000013,0.40000000000000013,0.40000000000000013,0.40000000000000013,0.40000000000000013,0.40000000000000013,0.40000000000000013,0.40000000000000013,0.40000000000000013,0.40000000000000013,0.40000000000000013,0.40000000000000013,0.40000000000000013,0.40000000000000013,0.40000000000000013,0.40000000000000013,0.40000000000000013,0.40000000000000013,0.40000000000000013,0.40000000000000013
0.5,0.5,0.5,0.5,0.5,0.5,0.5,0.5,0.5,0.5,0.5,0.5,0.5,0.5,0.5,0.5,0.5,0.5,0.5,0.5,0.5,0.5,0.5,0.5,0.5,0.5,0.5,0.5,0.5,0.5,0.5,0.5,0.5,0.5,0.5,0.5,0.5,0.5,0.5,0.5,0.5,0.5,0.5,0.5,0.5,0.5,0.5,0.5,0.5,0.5,0.5,0.5,0.5,0.5,0.5,0.5,0.5,0.5,0.5,0.5,0.5,0.5,0.5,0.5,0.5,0.5,0.5,0.5,0.5,0.5,0.5,0.5,0.5,0.5,0.5,0.5,0.5,0.5,0.5,0.5,0.5,0.5,0.5,0.5,0.5,0.5,0.5,0.5,0.5,0.5,0.5,0.5,0.5,0.5,0.5,0.5,0.5,0.5,0.5,0.5,0.5
0.5999999999999999,0.5999999999999999,0.5999999999999999,0.5999999999999999,0.5999999999999999,0.5999999999999999,0.5999999999999999,0.5999999999999999,0.5999999999999999,0.5999999999999999,0.5999999999999999,0.5999999999999999,0.5999999999999999,0.5999999999999999,0.5999999999999999,0.5999999999999999,0.5999999999999999,0.5999999999999999,0.5999999999999999,0.5999999999999999,0.5999999999999999,0.5999999999999999,0.5999999999999999,0.5999999999999999,0.5999999999999999,0.5999999999999999,0.5999999999999999,0.5999999999999999,0.5999999999999999,0.5999999999999999,0.5999999999999999,0.5999999999999999,0.5999999999999999,0.5999999999999999,0.5999999999999999,0.5999999999999999,0.5999999999999999,0.5999999999999999,0.5999999999999999,0.5999999999999999,0.5999999999999999,0.5999999999999999,0.5999999999999999,0.5999999999999999,0.5999999999999999,0.5999999999999999,0.5999999999999999,0.5999999999999999,0.5999999999999999,0.5999999999999999,0.5999999999999999,0.5999999999999999,0.5999999999999999,0.5999999999999999,0.5999999999999999,0.5999999999999999,0.5999999999999999,0.5999999999999999,0.5999999999999999,0.5999999999999999,0.5999999999999999,0.5999999999999999,0.5999999999999999,0.5999999999999999,0.5999999999999999,0.5999999999999999,0.5999999999999999,0.5999999999999999,0.5999999999999999,0.5999999999999999,0.5999999999999999,0.5999999999999999,0.5999999999999999,0.5999999999999999,0.5999999999999999,0.5999999999999999,0.5999999999999999,0.5999999999999999,0.5999999999999999,0.5999999999999999,0.5999999999999999,0.5999999999999999,0.5999999999999999,0.5999999999999999,0.5999999999999999,0.5999999999999999,0.5999999999999999,0.5999999999999999,0.5999999999999999,0.5999999999999999,0.5999999999999999,0.5999999999999999,0.5999999999999999,0.5999999999999999,0.5999999999999999,0.5999999999999999,0.5999999999999999,0.5999999999999999,0.5999999999999999,0.5999999999999999,0.5999999999999999
0.6999999999999998,0.6999999999999998,0.6999999999999998,0.6999999999999998,0.6999999999999998,0.6999999999999998,0.6999999999999998,0.6999999999999998,0.6999999999999998,0.6999999999999998,0.6999999999999998,0.6999999999999998,0.6999999999999998,0.6999999999999998,0.6999999999999998,0.6999999999999998,0.6999999999999998,0.6999999999999998,0.6999999999999998,0.6999999999999998,0.6999999999999998,0.6999999999999998,0.6999999999999998,0.6999999999999998,0.6999999999999998,0.6999999999999998,0.6999999999999998,0.6999999999999998,0.6999999999999998,0.6999999999999998,0.6999999999999998,0.6999999999999998,0.6999999999999998,0.6999999999999998,0.6999999999999998,0.6999999999999998,0.6999999999999998,0.6999999999999998,0.6999999999999998,0.6999999999999998,0.6999999999999998,0.6999999999999998,0.6999999999999998,0.6999999999999998,0.6999999999999998,0.6999999999999998,0.6999999999999998,0.6999999999999998,0.6999999999999998,0.6999999999999998,0.6999999999999998,0.6999999999999998,0.6999999999999998,0.6999999999999998,0.6999999999999998,0.6999999999999998,0.6999999999999998,0.6999999999999998,0.6999999999999998,0.6999999999999998,0.6999999999999998,0.6999999999999998,0.6999999999999998,0.6999999999999998,0.6999999999999998,0.6999999999999998,0.6999999999999998,0.6999999999999998,0.6999999999999998,0.6999999999999998,0.6999999999999998,0.6999999999999998,0.6999999999999998,0.6999999999999998,0.6999999999999998,0.6999999999999998,0.6999999999999998,0.6999999999999998,0.6999999999999998,0.6999999999999998,0.6999999999999998,0.6999999999999998,0.6999999999999998,0.6999999999999998,0.6999999999999998,0.6999999999999998,0.6999999999999998,0.6999999999999998,0.6999999999999998,0.6999999999999998,0.6999999999999998,0.6999999999999998,0.6999999999999998,0.6999999999999998,0.6999999999999998,0.6999999999999998,0.6999999999999998,0.6999999999999998,0.6999999999999998,0.6999999999999998,0.6999999999999998
0.8,0.8,0.8,0.8,0.8,0.8,0.8,0.8,0.8,0.8,0.8,0.8,0.8,0.8,0.8,0.8,0.8,0.8,0.8,0.8,0.8,0.8,0.8,0.8,0.8,0.8,0.8,0.8,0.8,0.8,0.8,0.8,0.8,0.8,0.8,0.8,0.8,0.8,0.8,0.8,0.8,0.8,0.8,0.8,0.8,0.8,0.8,0.8,0.8,0.8,0.8,0.8,0.8,0.8,0.8,0.8,0.8,0.8,0.8,0.8,0.8,0.8,0.8,0.8,0.8,0.8,0.8,0.8,0.8,0.8,0.8,0.8,0.8,0.8,0.8,0.8,0.8,0.8,0.8,0.8,0.8,0.8,0.8,0.8,0.8,0.8,0.8,0.8,0.8,0.8,0.8,0.8,0.8,0.8,0.8,0.8,0.8,0.8,0.8,0.8,0.8
0.8999999999999999,0.8999999999999999,0.8999999999999999,0.8999999999999999,0.8999999999999999,0.8999999999999999,0.8999999999999999,0.8999999999999999,0.8999999999999999,0.8999999999999999,0.8999999999999999,0.8999999999999999,0.8999999999999999,0.8999999999999999,0.8999999999999999,0.8999999999999999,0.8999999999999999,0.8999999999999999,0.8999999999999999,0.8999999999999999,0.8999999999999999,0.8999999999999999,0.8999999999999999,0.8999999999999999,0.8999999999999999,0.8999999999999999,0.8999999999999999,0.8999999999999999,0.8999999999999999,0.8999999999999999,0.8999999999999999,0.8999999999999999,0.8999999999999999,0.8999999999999999,0.8999999999999999,0.8999999999999999,0.8999999999999999,0.8999999999999999,0.8999999999999999,0.8999999999999999,0.8999999999999999,0.8999999999999999,0.8999999999999999,0.8999999999999999,0.8999999999999999,0.8999999999999999,0.8999999999999999,0.8999999999999999,0.8999999999999999,0.8999999999999999,0.8999999999999999,0.8999999999999999,0.8999999999999999,0.8999999999999999,0.8999999999999999,0.8999999999999999,0.8999999999999999,0.8999999999999999,0.8999999999999999,0.8999999999999999,0.8999999999999999,0.8999999999999999,0.8999999999999999,0.8999999999999999,0.8999999999999999,0.8999999999999999,0.8999999999999999,0.8999999999999999,0.8999999999999999,0.8999999999999999,0.8999999999999999,0.8999999999999999,0.8999999999999999,0.8999999999999999,0.8999999999999999,0.8999999999999999,0.8999999999999999,0.8999999999999999,0.8999999999999999,0.8999999999999999,0.8999999999999999,0.8999999999999999,0.8999999999999999,0.8999999999999999,0.8999999999999999,0.8999999999999999,0.8999999999999999,0.8999999999999999,0.8999999999999999,0.8999999999999999,0.8999999999999999,0.8999999999999999,0.8999999999999999,0.8999999999999999,0.8999999999999999,0.8999999999999999,0.8999999999999999,0.8999999999999999,0.8999999999999999,0.8999999999999999,0.8999999999999999
0.9999999999999998,0.9999999999999998,0.9999999999999998,0.9999999999999998,0.9999999999999998,0.9999999999999998,0.9999999999999998,0.9999999999999998,0.9999999999999998,0.9999999999999998,0.9999999999999998,0.9999999999999998,0.9999999999999998,0.9999999999999998,0.9999999999999998,0.9999999999999998,0.9999999999999998,0.9999999999999998,0.9999999999999998,0.9999999999999998,0.9999999999999998,0.9999999999999998,0.9999999999999998,0.9999999999999998,0.9999999999999998,0.9999999999999998,0.9999999999999998,0.9999999999999998,0.9999999999999998,0.9999999999999998,0.9999999999999998,0.9999999999999998,0.9999999999999998,0.9999999999999998,0.9999999999999998,0.9999999999999998,0.9999999999999998,0.9999999999999998,0.9999999999999998,0.9999999999999998,0.9999999999999998,0.9999999999999998,0.9999999999999998,0.9999999999999998,0.9999999999999998,0.9999999999999998,0.9999999999999998,0.9999999999999998,0.9999999999999998,0.9999999999999998,0.9999999999999998,0.9999999999999998,0.9999999999999998,0.9999999999999998,0.9999999999999998,0.9999999999999998,0.9999999999999998,0.9999999999999998,0.9999999999999998,0.9999999999999998,0.9999999999999998,0.9999999999999998,0.9999999999999998,0.9999999999999998,0.9999999999999998,0.9999999999999998,0.9999999999999998,0.9999999999999998,0.9999999999999998,0.9999999999999998,0.9999999999999998,0.9999999999999998,0.9999999999999998,0.9999999999999998,0.9999999999999998,0.9999999999999998,0.9999999999999998,0.9999999999999998,0.9999999999999998,0.9999999999999998,0.9999999999999998,0.9999999999999998,0.9999999999999998,0.9999999999999998,0.9999999999999998,0.9999999999999998,0.9999999999999998,0.9999999999999998,0.9999999999999998,0.9999999999999998,0.9999999999999998,0.9999999999999998,0.9999999999999998,0.9999999999999998,0.9999999999999998,0.9999999999999998,0.9999999999999998,0.9999999999999998,0.9999999999999998,0.9999999999999998,0.9999999999999998
1.1,1.1,1.1,1.1,1.1,1.1,1.1,1.1,1.1,1.1,1.1,1.1,1.1,1.1,1.1,1.1,1.1,1.1,1.1,1.1,1.1,1.1,1.1,1.1,1.1,1.1,1.1,1.1,1.1,1.1,1.1,1.1,1.1,1.1,1.1,1.1,1.1,1.1,1.1,1.1,1.1,1.1,1.1,1.1,1.1,1.1,1.1,1.1,1.1,1.1,1.1,1.1,1.1,1.1,1.1,1.1,1.1,1.1,1.1,1.1,1.1,1.1,1.1,1.1,1.1,1.1,1.1,1.1,1.1,1.1,1.1,1.1,1.1,1.1,1.1,1.1,1.1,1.1,1.1,1.1,1.1,1.1,1.1,1.1,1.1,1.1,1.1,1.1,1.1,1.1,1.1,1.1,1.1,1.1,1.1,1.1,1.1,1.1,1.1,1.1,1.1
1.2,1.2,1.2,1.2,1.2,1.2,1.2,1.2,1.2,1.2,1.2,1.2,1.2,1.2,1.2,1.2,1.2,1.2,1.2,1.2,1.2,1.2,1.2,1.2,1.2,1.2,1.2,1.2,1.2,1.2,1.2,1.2,1.2,1.2,1.2,1.2,1.2,1.2,1.2,1.2,1.2,1.2,1.2,1.2,1.2,1.2,1.2,1.2,1.2,1.2,1.2,1.2,1.2,1.2,1.2,1.2,1.2,1.2,1.2,1.2,1.2,1.2,1.2,1.2,1.2,1.2,1.2,1.2,1.2,1.2,1.2,1.2,1.2,1.2,1.2,1.2,1.2,1.2,1.2,1.2,1.2,1.2,1.2,1.2,1.2,1.2,1.2,1.2,1.2,1.2,1.2,1.2,1.2,1.2,1.2,1.2,1.2,1.2,1.2,1.2,1.2
1.3,1.3,1.3,1.3,1.3,1.3,1.3,1.3,1.3,1.3,1.3,1.3,1.3,1.3,1.3,1.3,1.3,1.3,1.3,1.3,1.3,1.3,1.3,1.3,1.3,1.3,1.3,1.3,1.3,1.3,1.3,1.3,1.3,1.3,1.3,1.3,1.3,1.3,1.3,1.3,1.3,1.3,1.3,1.3,1.3,1.3,1.3,1.3,1.3,1.3,1.3,1.3,1.3,1.3,1.3,1.3,1.3,1.3,1.3,1.3,1.3,1.3,1.3,1.3,1.3,1.3,1.3,1.3,1.3,1.3,1.3,1.3,1.3,1.3,1.3,1.3,1.3,1.3,1.3,1.3,1.3,1.3,1.3,1.3,1.3,1.3,1.3,1.3,1.3,1.3,1.3,1.3,1.3,1.3,1.3,1.3,1.3,1.3,1.3,1.3,1.3
1.4,1.4,1.4,1.4,1.4,1.4,1.4,1.4,1.4,1.4,1.4,1.4,1.4,1.4,1.4,1.4,1.4,1.4,1.4,1.4,1.4,1.4,1.4,1.4,1.4,1.4,1.4,1.4,1.4,1.4,1.4,1.4,1.4,1.4,1.4,1.4,1.4,1.4,1.4,1.4,1.4,1.4,1.4,1.4,1.4,1.4,1.4,1.4,1.4,1.4,1.4,1.4,1.4,1.4,1.4,1.4,1.4,1.4,1.4,1.4,1.4,1.4,1.4,1.4,1.4,1.4,1.4,1.4,1.4,1.4,1.4,1.4,1.4,1.4,1.4,1.4,1.4,1.4,1.4,1.4,1.4,1.4,1.4,1.4,1.4,1.4,1.4,1.4,1.4,1.4,1.4,1.4,1.4,1.4,1.4,1.4,1.4,1.4,1.4,1.4,1.4
1.5000000000000002,1.5000000000000002,1.5000000000000002,1.5000000000000002,1.5000000000000002,1.5000000000000002,1.5000000000000002,1.5000000000000002,1.5000000000000002,1.5000000000000002,1.5000000000000002,1.5000000000000002,1.5000000000000002,1.5000000000000002,1.5000000000000002,1.5000000000000002,1.5000000000000002,1.5000000000000002,1.5000000000000002,1.5000000000000002,1.5000000000000002,1.5000000000000002,1.5000000000000002,1.5000000000000002,1.5000000000000002,1.5000000000000002,1.5000000000000002,1.5000000000000002,1.5000000000000002,1.5000000000000002,1.5000000000000002,1.5000000000000002,1.5000000000000002,1.5000000000000002,1.5000000000000002,1.5000000000000002,1.5000000000000002,1.5000000000000002,1.5000000000000002,1.5000000000000002,1.5000000000000002,1.5000000000000002,1.5000000000000002,1.5000000000000002,1.5000000000000002,1.5000000000000002,1.5000000000000002,1.5000000000000002,1.5000000000000002,1.5000000000000002,1.5000000000000002,1.5000000000000002,1.5000000000000002,1.5000000000000002,1.5000000000000002,1.5000000000000002,1.5000000000000002,1.5000000000000002,1.5000000000000002,1.5000000000000002,1.5000000000000002,1.5000000000000002,1.5000000000000002,1.5000000000000002,1.5000000000000002,1.5000000000000002,1.5000000000000002,1.5000000000000002,1.5000000000000002,1.5000000000000002,1.5000000000000002,1.5000000000000002,1.5000000000000002,1.5000000000000002,1.5000000000000002,1.5000000000000002,1.5000000000000002,1.5000000000000002,1.5000000000000002,1.5000000000000002,1.5000000000000002,1.5000000000000002,1.5000000000000002,1.5000000000000002,1.5000000000000002,1.5000000000000002,1.5000000000000002,1.5000000000000002,1.5000000000000002,1.5000000000000002,1.5000000000000002,1.5000000000000002,1.5000000000000002,1.5000000000000002,1.5000000000000002,1.5000000000000002,1.5000000000000002,1.5000000000000002,1.5000000000000002,1.5000000000000002,1.5000000000000002
1.6000000000000003,1.6000000000000003,1.6000000000000003,1.6000000000000003,1.6000000000000003,1.6000000000000003,1.6000000000000003,1.6000000000000003,1.6000000000000003,1.6000000000000003,1.6000000000000003,1.6000000000000003,1.6000000000000003,1.6000000000000003,1.6000000000000003,1.6000000000000003,1.6000000000000003,1.6000000000000003,1.6000000000000003,1.6000000000000003,1.6000000000000003,1.6000000000000003,1.6000000000000003,1.6000000000000003,1.6000000000000003,1.6000000000000003,1.6000000000000003,1.6000000000000003,1.6000000000000003,1.6000000000000003,1.6000000000000003,1.6000000000000003,1.6000000000000003,1.6000000000000003,1.6000000000000003,1.6000000000000003,1.6000000000000003,1.6000000000000003,1.6000000000000003,1.6000000000000003,1.6000000000000003,1.6000000000000003,1.6000000000000003,1.6000000000000003,1.6000000000000003,1.6000000000000003,1.6000000000000003,1.6000000000000003,1.6000000000000003,1.6000000000000003,1.6000000000000003,1.6000000000000003,1.6000000000000003,1.6000000000000003,1.6000000000000003,1.6000000000000003,1.6000000000000003,1.6000000000000003,1.6000000000000003,1.6000000000000003,1.6000000000000003,1.6000000000000003,1.6000000000000003,1.6000000000000003,1.6000000000000003,1.6000000000000003,1.6000000000000003,1.6000000000000003,1.6000000000000003,1.6000000000000003,1.6000000000000003,1.6000000000000003,1.6000000000000003,1.6000000000000003,1.6000000000000003,1.6000000000000003,1.6000000000000003,1.6000000000000003,1.6000000000000003,1.6000000000000003,1.6000000000000003,1.6000000000000003,1.6000000000000003,1.6000000000000003,1.6000000000000003,1.6000000000000003,1.6000000000000003,1.6000000000000003,1.6000000000000003,1.6000000000000003,1.6000000000000003,1.6000000000000003,1.6000000000000003,1.6000000000000003,1.6000000000000003,1.6000000000000003,1.6000000000000003,1.6000000000000003,1.6000000000000003,1.6000000000000003,1.6000000000000003
1.7,1.7,1.7,1.7,1.7,1.7,1.7,1.7,1.7,1.7,1.7,1.7,1.7,1.7,1.7,1.7,1.7,1.7,1.7,1.7,1.7,1.7,1.7,1.7,1.7,1.7,1.7,1.7,1.7,1.7,1.7,1.7,1.7,1.7,1.7,1.7,1.7,1.7,1.7,1.7,1.7,1.7,1.7,1.7,1.7,1.7,1.7,1.7,1.7,1.7,1.7,1.7,1.7,1.7,1.7,1.7,1.7,1.7,1.7,1.7,1.7,1.7,1.7,1.7,1.7,1.7,1.7,1.7,1.7,1.7,1.7,1.7,1.7,1.7,1.7,1.7,1.7,1.7,1.7,1.7,1.7,1.7,1.7,1.7,1.7,1.7,1.7,1.7,1.7,1.7,1.7,1.7,1.7,1.7,1.7,1.7,1.7,1.7,1.7,1.7,1.7
1.8000000000000003,1.8000000000000003,1.8000000000000003,1.8000000000000003,1.8000000000000003,1.8000000000000003,1.8000000000000003,1.8000000000000003,1.8000000000000003,1.8000000000000003,1.8000000000000003,1.8000000000000003,1.8000000000000003,1.8000000000000003,1.8000000000000003,1.8000000000000003,1.8000000000000003,1.8000000000000003,1.8000000000000003,1.8000000000000003,1.8000000000000003,1.8000000000000003,1.8000000000000003,1.8000000000000003,1.8000000000000003,1.8000000000000003,1.8000000000000003,1.8000000000000003,1.8000000000000003,1.8000000000000003,1.8000000000000003,1.8000000000000003,1.8000000000000003,1.8000000000000003,1.8000000000000003,1.8000000000000003,1.8000000000000003,1.8000000000000003,1.8000000000000003,1.8000000000000003,1.8000000000000003,1.8000000000000003,1.8000000000000003,1.8000000000000003,1.8000000000000003,1.8000000000000003,1.8000000000000003,1.8000000000000003,1.8000000000000003,1.8000000000000003,1.8000000000000003,1.8000000000000003,1.8000000000000003,1.8000000000000003,1.8000000000000003,1.8000000000000003,1.8000000000000003,1.8000000000000003,1.8000000000000003,1.8000000000000003,1.8000000000000003,1.8000000000000003,1.8000000000000003,1.8000000000000003,1.8000000000000003,1.8000000000000003,1.8000000000000003,1.8000000000000003,1.8000000000000003,1.8000000000000003,1.8000000000000003,1.8000000000000003,1.8000000000000003,1.8000000000000003,1.8000000000000003,1.8000000000000003,1.8000000000000003,1.8000000000000003,1.8000000000000003,1.8000000000000003,1.8000000000000003,1.8000000000000003,1.8000000000000003,1.8000000000000003,1.8000000000000003,1.8000000000000003,1.8000000000000003,1.8000000000000003,1.8000000000000003,1.8000000000000003,1.8000000000000003,1.8000000000000003,1.8000000000000003,1.8000000000000003,1.8000000000000003,1.8000000000000003,1.8000000000000003,1.8000000000000003,1.8000000000000003,1.8000000000000003,1.8000000000000003
1.9,1.9,1.9,1.9,1.9,1.9,1.9,1.9,1.9,1.9,1.9,1.9,1.9,1.9,1.9,1.9,1.9,1.9,1.9,1.9,1.9,1.9,1.9,1.9,1.9,1.9,1.9,1.9,1.9,1.9,1.9,1.9,1.9,1.9,1.9,1.9,1.9,1.9,1.9,1.9,1.9,1.9,1.9,1.9,1.9,1.9,1.9,1.9,1.9,1.9,1.9,1.9,1.9,1.9,1.9,1.9,1.9,1.9,1.9,1.9,1.9,1.9,1.9,1.9,1.9,1.9,1.9,1.9,1.9,1.9,1.9,1.9,1.9,1.9,1.9,1.9,1.9,1.9,1.9,1.9,1.9,1.9,1.9,1.9,1.9,1.9,1.9,1.9,1.9,1.9,1.9,1.9,1.9,1.9,1.9,1.9,1.9,1.9,1.9,1.9,1.9
2.0,2.0,2.0,2.0,2.0,2.0,2.0,2.0,2.0,2.0,2.0,2.0,2.0,2.0,2.0,2.0,2.0,2.0,2.0,2.0,2.0,2.0,2.0,2.0,2.0,2.0,2.0,2.0,2.0,2.0,2.0,2.0,2.0,2.0,2.0,2.0,2.0,2.0,2.0,2.0,2.0,2.0,2.0,2.0,2.0,2.0,2.0,2.0,2.0,2.0,2.0,2.0,2.0,2.0,2.0,2.0,2.0,2.0,2.0,2.0,2.0,2.0,2.0,2.0,2.0,2.0,2.0,2.0,2.0,2.0,2.0,2.0,2.0,2.0,2.0,2.0,2.0,2.0,2.0,2.0,2.0,2.0,2.0,2.0,2.0,2.0,2.0,2.0,2.0,2.0,2.0,2.0,2.0,2.0,2.0,2.0,2.0,2.0,2.0,2.0,2.0
2.1,2.1,2.1,2.1,2.1,2.1,2.1,2.1,2.1,2.1,2.1,2.1,2.1,2.1,2.1,2.1,2.1,2.1,2.1,2.1,2.1,2.1,2.1,2.1,2.1,2.1,2.1,2.1,2.1,2.1,2.1,2.1,2.1,2.1,2.1,2.1,2.1,2.1,2.1,2.1,2.1,2.1,2.1,2.1,2.1,2.1,2.1,2.1,2.1,2.1,2.1,2.1,2.1,2.1,2.1,2.1,2.1,2.1,2.1,2.1,2.1,2.1,2.1,2.1,2.1,2.1,2.1,2.1,2.1,2.1,2.1,2.1,2.1,2.1,2.1,2.1,2.1,2.1,2.1,2.1,2.1,2.1,2.1,2.1,2.1,2.1,2.1,2.1,2.1,2.1,2.1,2.1,2.1,2.1,2.1,2.1,2.1,2.1,2.1,2.1,2.1
2.1999999999999997,2.1999999999999997,2.1999999999999997,2.1999999999999997,2.1999999999999997,2.1999999999999997,2.1999999999999997,2.1999999999999997,2.1999999999999997,2.1999999999999997,2.1999999999999997,2.1999999999999997,2.1999999999999997,2.1999999999999997,2.1999999999999997,2.1999999999999997,2.1999999999999997,2.1999999999999997,2.1999999999999997,2.1999999999999997,2.1999999999999997,2.1999999999999997,2.1999999999999997,2.1999999999999997,2.1999999999999997,2.1999999999999997,2.1999999999999997,2.1999999999999997,2.1999999999999997,2.1999999999999997,2.1999999999999997,2.1999999999999997,2.1999999999999997,2.1999999999999997,2.1999999999999997,2.1999999999999997,2.1999999999999997,2.1999999999999997,2.1999999999999997,2.1999999999999997,2.1999999999999997,2.1999999999999997,2.1999999999999997,2.1999999999999997,2.1999999999999997,2.1999999999999997,2.1999999999999997,2.1999999999999997,2.1999999999999997,2.1999999999999997,2.1999999999999997,2.1999999999999997,2.1999999999999997,2.1999999999999997,2.1999999999999997,2.1999999999999997,2.1999999999999997,2.1999999999999997,2.1999999999999997,2.1999999999999997,2.1999999999999997,2.1999999999999997,2.1999999999999997,2.1999999999999997,2.1999999999999997,2.1999999999999997,2.1999999999999997,2.1999999999999997,2.1999999999999997,2.1999999999999997,2.1999999999999997,2.1999999999999997,2.1999999999999997,2.1999999999999997,2.1999999999999997,2.1999999999999997,2.1999999999999997,2.1999999999999997,2.1999999999999997,2.1999999999999997,2.1999999999999997,2.1999999999999997,2.1999999999999997,2.1999999999999997,2.1999999999999997,2.1999999999999997,2.1999999999999997,2.1999999999999997,2.1999999999999997,2.1999999999999997,2.1999999999999997,2.1999999999999997,2.1999999999999997,2.1999999999999997,2.1999999999999997,2.1999999999999997,2.1999999999999997,2.1999999999999997,2.1999999999999997,2.1999999999999997,2.1999999999999997
2.3,2.3,2.3,2.3,2.3,2.3,2.3,2.3,2.3,2.3,2.3,2.3,2.3,2.3,2.3,2.3,2.3,2.3,2.3,2.3,2.3,2.3,2.3,2.3,2.3,2.3,2.3,2.3,2.3,2.3,2.3,2.3,2.3,2.3,2.3,2.3,2.3,2.3,2.3,2.3,2.3,2.3,2.3,2.3,2.3,2.3,2.3,2.3,2.3,2.3,2.3,2.3,2.3,2.3,2.3,2.3,2.3,2.3,2.3,2.3,2.3,2.3,2.3,2.3,2.3,2.3,2.3,2.3,2.3,2.3,2.3,2.3,2.3,2.3,2.3,2.3,2.3,2.3,2.3,2.3,2.3,2.3,2.3,2.3,2.3,2.3,2.3,2.3,2.3,2.3,2.3,2.3,2.3,2.3,2.3,2.3,2.3,2.3,2.3,2.3,2.3
2.3999999999999995,2.3999999999999995,2.3999999999999995,2.3999999999999995,2.3999999999999995,2.3999999999999995,2.3999999999999995,2.3999999999999995,2.3999999999999995,2.3999999999999995,2.3999999999999995,2.3999999999999995,2.3999999999999995,2.3999999999999995,2.3999999999999995,2.3999999999999995,2.3999999999999995,2.3999999999999995,2.3999999999999995,2.3999999999999995,2.3999999999999995,2.3999999999999995,2.3999999999999995,2.3999999999999995,2.3999999999999995,2.3999999999999995,2.3999999999999995,2.3999999999999995,2.3999999999999995,2.3999999999999995,2.3999999999999995,2.3999999999999995,2.3999999999999995,2.3999999999999995,2.3999999999999995,2.3999999999999995,2.3999999999999995,2.3999999999999995,2.3999999999999995,2.3999999999999995,2.3999999999999995,2.3999999999999995,2.3999999999999995,2.3999999999999995,2.3999999999999995,2.3999999999999995,2.3999999999999995,2.3999999999999995,2.3999999999999995,2.3999999999999995,2.3999999999999995,2.3999999999999995,2.3999999999999995,2.3999999999999995,2.3999999999999995,2.3999999999999995,2.3999999999999995,2.3999999999999995,2.3999999999999995,2.3999999999999995,2.3999999999999995,2.3999999999999995,2.3999999999999995,2.3999999999999995,2.3999999999999995,2.3999999999999995,2.3999999999999995,2.3999999999999995,2.3999999999999995,2.3999999999999995,2.3999999999999995,2.3999999999999995,2.3999999999999995,2.3999999999999995,2.3999999999999995,2.3999999999999995,2.3999999999999995,2.3999999999999995,2.3999999999999995,2.3999999999999995,2.3999999999999995,2.3999999999999995,2.3999999999999995,2.3999999999999995,2.3999999999999995,2.3999999999999995,2.3999999999999995,2.3999999999999995,2.3999999999999995,2.3999999999999995,2.3999999999999995,2.3999999999999995,2.3999999999999995,2.3999999999999995,2.3999999999999995,2.3999999999999995,2.3999999999999995,2.3999999999999995,2.3999999999999995,2.3999999999999995,2.3999999999999995
2.5000000000000004,2.5000000000000004,2.5000000000000004,2.5000000000000004,2.5000000000000004,2.5000000000000004,2.5000000000000004,2.5000000000000004,2.5000000000000004,2.5000000000000004,2.5000000000000004,2.5000000000000004,2.5000000000000004,2.5000000000000004,2.5000000000000004,2.5000000000000004,2.5000000000000004,2.5000000000000004,2.5000000000000004,2.5000000000000004,2.5000000000000004,2.5000000000000004,2.5000000000000004,2.5000000000000004,2.5000000000000004,2.5000000000000004,2.5000000000000004,2.5000000000000004,2.5000000000000004,2.5000000000000004,2.5000000000000004,2.5000000000000004,2.5000000000000004,2.5000000000000004,2.5000000000000004,2.5000000000000004,2.5000000000000004,2.5000000000000004,2.5000000000000004,2.5000000000000004,2.5000000000000004,2.5000000000000004,2.5000000000000004,2.5000000000000004,2.5000000000000004,2.5000000000000004,2.5000000000000004,2.5000000000000004,2.5000000000000004,2.5000000000000004,2.5000000000000004,2.5000000000000004,2.5000000000000004,2.5000000000000004,2.5000000000000004,2.5000000000000004,2.5000000000000004,2.5000000000000004,2.5000000000000004,2.5000000000000004,2.5000000000000004,2.5000000000000004,2.5000000000000004,2.5000000000000004,2.5000000000000004,2.5000000000000004,2.5000000000000004,2.5000000000000004,2.5000000000000004,2.5000000000000004,2.5000000000000004,2.5000000000000004,2.5000000000000004,2.5000000000000004,2.5000000000000004,2.5000000000000004,2.5000000000000004,2.5000000000000004,2.5000000000000004,2.5000000000000004,2.5000000000000004,2.5000000000000004,2.5000000000000004,2.5000000000000004,2.5000000000000004,2.5000000000000004,2.5000000000000004,2.5000000000000004,2.5000000000000004,2.5000000000000004,2.5000000000000004,2.5000000000000004,2.5000000000000004,2.5000000000000004,2.5000000000000004,2.5000000000000004,2.5000000000000004,2.5000000000000004,2.5000000000000004,2.5000000000000004,2.5000000000000004
2.6,2.6,2.6,2.6,2.6,2.6,2.6,2.6,2.6,2.6,2.6,2.6,2.6,2.6,2.6,2.6,2.6,2.6,2.6,2.6,2.6,2.6,2.6,2.6,2.6,2.6,2.6,2.6,2.6,2.6,2.6,2.6,2.6,2.6,2.6,2.6,2.6,2.6,2.6,2.6,2.6,2.6,2.6,2.6,2.6,2.6,2.6,2.6,2.6,2.6,2.6,2.6,2.6,2.6,2.6,2.6,2.6,2.6,2.6,2.6,2.6,2.6,2.6,2.6,2.6,2.6,2.6,2.6,2.6,2.6,2.6,2.6,2.6,2.6,2.6,2.6,2.6,2.6,2.6,2.6,2.6,2.6,2.6,2.6,2.6,2.6,2.6,2.6,2.6,2.6,2.6,2.6,2.6,2.6,2.6,2.6,2.6,2.6,2.6,2.6,2.6
2.7,2.7,2.7,2.7,2.7,2.7,2.7,2.7,2.7,2.7,2.7,2.7,2.7,2.7,2.7,2.7,2.7,2.7,2.7,2.7,2.7,2.7,2.7,2.7,2.7,2.7,2.7,2.7,2.7,2.7,2.7,2.7,2.7,2.7,2.7,2.7,2.7,2.7,2.7,2.7,2.7,2.7,2.7,2.7,2.7,2.7,2.7,2.7,2.7,2.7,2.7,2.7,2.7,2.7,2.7,2.7,2.7,2.7,2.7,2.7,2.7,2.7,2.7,2.7,2.7,2.7,2.7,2.7,2.7,2.7,2.7,2.7,2.7,2.7,2.7,2.7,2.7,2.7,2.7,2.7,2.7,2.7,2.7,2.7,2.7,2.7,2.7,2.7,2.7,2.7,2.7,2.7,2.7,2.7,2.7,2.7,2.7,2.7,2.7,2.7,2.7
2.8,2.8,2.8,2.8,2.8,2.8,2.8,2.8,2.8,2.8,2.8,2.8,2.8,2.8,2.8,2.8,2.8,2.8,2.8,2.8,2.8,2.8,2.8,2.8,2.8,2.8,2.8,2.8,2.8,2.8,2.8,2.8,2.8,2.8,2.8,2.8,2.8,2.8,2.8,2.8,2.8,2.8,2.8,2.8,2.8,2.8,2.8,2.8,2.8,2.8,2.8,2.8,2.8,2.8,2.8,2.8,2.8,2.8,2.8,2.8,2.8,2.8,2.8,2.8,2.8,2.8,2.8,2.8,2.8,2.8,2.8,2.8,2.8,2.8,2.8,2.8,2.8,2.8,2.8,2.8,2.8,2.8,2.8,2.8,2.8,2.8,2.8,2.8,2.8,2.8,2.8,2.8,2.8,2.8,2.8,2.8,2.8,2.8,2.8,2.8,2.8
2.9,2.9,2.9,2.9,2.9,2.9,2.9,2.9,2.9,2.9,2.9,2.9,2.9,2.9,2.9,2.9,2.9,2.9,2.9,2.9,2.9,2.9,2.9,2.9,2.9,2.9,2.9,2.9,2.9,2.9,2.9,2.9,2.9,2.9,2.9,2.9,2.9,2.9,2.9,2.9,2.9,2.9,2.9,2.9,2.9,2.9,2.9,2.9,2.9,2.9,2.9,2.9,2.9,2.9,2.9,2.9,2.9,2.9,2.9,2.9,2.9,2.9,2.9,2.9,2.9,2.9,2.9,2.9,2.9,2.9,2.9,2.9,2.9,2.9,2.9,2.9,2.9,2.9,2.9,2.9,2.9,2.9,2.9,2.9,2.9,2.9,2.9,2.9,2.9,2.9,2.9,2.9,2.9,2.9,2.9,2.9,2.9,2.9,2.9,2.9,2.9
2.9999999999999996,2.9999999999999996,2.9999999999999996,2.9999999999999996,2.9999999999999996,2.9999999999999996,2.9999999999999996,2.9999999999999996,2.9999999999999996,2.9999999999999996,2.9999999999999996,2.9999999999999996,2.9999999999999996,2.9999999999999996,2.9999999999999996,2.9999999999999996,2.9999999999999996,2.9999999999999996,2.9999999999999996,2.9999999999999996,2.9999999999999996,2.9999999999999996,2.9999999999999996,2.9999999999999996,2.9999999999999996,2.9999999999999996,2.9999999999999996,2.9999999999999996,2.9999999999999996,2.9999999999999996,2.9999999999999996,2.9999999999999996,2.9999999999999996,2.9999999999999996,2.9999999999999996,2.9999999999999996,2.9999999999999996,2.9999999999999996,2.9999999999999996,2.9999999999999996,2.9999999999999996,2.9999999999999996,2.9999999999999996,2.9999999999999996,2.9999999999999996,2.9999999999999996,2.9999999999999996,2.9999999999999996,2.9999999999999996,2.9999999999999996,2.9999999999999996,2.9999999999999996,2.9999999999999996,2.9999999999999996,2.9999999999999996,2.9999999999999996,2.9999999999999996,2.9999999999999996,2.9999999999999996,2.9999999999999996,2.9999999999999996,2.9999999999999996,2.9999999999999996,2.9999999999999996,2.9999999999999996,2.9999999999999996,2.9999999999999996,2.9999999999999996,2.9999999999999996,2.9999999999999996,2.9999999999999996,2.9999999999999996,2.9999999999999996,2.9999999999999996,2.9999999999999996,2.9999999999999996,2.9999999999999996,2.9999999999999996,2.9999999999999996,2.9999999999999996,2.9999999999999996,2.9999999999999996,2.9999999999999996,2.9999999999999996,2.9999999999999996,2.9999999999999996,2.9999999999999996,2.9999999999999996,2.9999999999999996,2.9999999999999996,2.9999999999999996,2.9999999999999996,2.9999999999999996,2.9999999999999996,2.9999999999999996,2.9999999999999996,2.9999999999999996,2.9999999999999996,2.9999999999999996,2.9999999999999996,2.9999999999999996
3.1000000000000005,3.1000000000000005,3.1000000000000005,3.1000000000000005,3.1000000000000005,3.1000000000000005,3.1000000000000005,3.1000000000000005,3.1000000000000005,3.1000000000000005,3.1000000000000005,3.1000000000000005,3.1000000000000005,3.1000000000000005,3.1000000000000005,3.1000000000000005,3.1000000000000005,3.1000000000000005,3.1000000000000005,3.1000000000000005,3.1000000000000005,3.1000000000000005,3.1000000000000005,3.1000000000000005,3.1000000000000005,3.1000000000000005,3.1000000000000005,3.1000000000000005,3.1000000000000005,3.1000000000000005,3.1000000000000005,3.1000000000000005,3.1000000000000005,3.1000000000000005,3.1000000000000005,3.1000000000000005,3.1000000000000005,3.1000000000000005,3.1000000000000005,3.1000000000000005,3.1000000000000005,3.1000000000000005,3.1000000000000005,3.1000000000000005,3.1000000000000005,3.1000000000000005,3.1000000000000005,3.1000000000000005,3.1000000000000005,3.1000000000000005,3.1000000000000005,3.1000000000000005,3.1000000000000005,3.1000000000000005,3.1000000000000005,3.1000000000000005,3.1000000000000005,3.1000000000000005,3.1000000000000005,3.1000000000000005,3.1000000000000005,3.1000000000000005,3.1000000000000005,3.1000000000000005,3.1000000000000005,3.1000000000000005,3.1000000000000005,3.1000000000000005,3.1000000000000005,3.1000000000000005,3.1000000000000005,3.1000000000000005,3.1000000000000005,3.1000000000000005,3.1000000000000005,3.1000000000000005,3.1000000000000005,3.1000000000000005,3.1000000000000005,3.1000000000000005,3.1000000000000005,3.1000000000000005,3.1000000000000005,3.1000000000000005,3.1000000000000005,3.1000000000000005,3.1000000000000005,3.1000000000000005,3.1000000000000005,3.1000000000000005,3.1000000000000005,3.1000000000000005,3.1000000000000005,3.1000000000000005,3.1000000000000005,3.1000000000000005,3.1000000000000005,3.1000000000000005,3.1000000000000005,3.1000000000000005,3.1000000000000005
3.2,3.2,3.2,3.2,3.2,3.2,3.2,3.2,3.2,3.2,3.2,3.2,3.2,3.2,3.2,3.2,3.2,3.2,3.2,3.2,3.2,3.2,3.2,3.2,3.2,3.2,3.2,3.2,3.2,3.2,3.2,3.2,3.2,3.2,3.2,3.2,3.2,3.2,3.2,3.2,3.2,3.2,3.2,3.2,3.2,3.2,3.2,3.2,3.2,3.2,3.2,3.2,3.2,3.2,3.2,3.2,3.2,3.2,3.2,3.2,3.2,3.2,3.2,3.2,3.2,3.2,3.2,3.2,3.2,3.2,3.2,3.2,3.2,3.2,3.2,3.2,3.2,3.2,3.2,3.2,3.2,3.2,3.2,3.2,3.2,3.2,3.2,3.2,3.2,3.2,3.2,3.2,3.2,3.2,3.2,3.2,3.2,3.2,3.2,3.2,3.2
3.3000000000000003,3.3000000000000003,3.3000000000000003,3.3000000000000003,3.3000000000000003,3.3000000000000003,3.3000000000000003,3.3000000000000003,3.3000000000000003,3.3000000000000003,3.3000000000000003,3.3000000000000003,3.3000000000000003,3.3000000000000003,3.3000000000000003,3.3000000000000003,3.3000000000000003,3.3000000000000003,3.3000000000000003,3.3000000000000003,3.3000000000000003,3.3000000000000003,3.3000000000000003,3.3000000000000003,3.3000000000000003,3.3000000000000003,3.3000000000000003,3.3000000000000003,3.3000000000000003,3.3000000000000003,3.3000000000000003,3.3000000000000003,3.3000000000000003,3.3000000000000003,3.3000000000000003,3.3000000000000003,3.3000000000000003,3.3000000000000003,3.3000000000000003,3.3000000000000003,3.3000000000000003,3.3000000000000003,3.3000000000000003,3.3000000000000003,3.3000000000000003,3.3000000000000003,3.3000000000000003,3.3000000000000003,3.3000000000000003,3.3000000000000003,3.3000000000000003,3.3000000000000003,3.3000000000000003,3.3000000000000003,3.3000000000000003,3.3000000000000003,3.3000000000000003,3.3000000000000003,3.3000000000000003,3.3000000000000003,3.3000000000000003,3.3000000000000003,3.3000000000000003,3.3000000000000003,3.3000000000000003,3.3000000000000003,3.3000000000000003,3.3000000000000003,3.3000000000000003,3.3000000000000003,3.3000000000000003,3.3000000000000003,3.3000000000000003,3.3000000000000003,3.3000000000000003,3.3000000000000003,3.3000000000000003,3.3000000000000003,3.3000000000000003,3.3000000000000003,3.3000000000000003,3.3000000000000003,3.3000000000000003,3.3000000000000003,3.3000000000000003,3.3000000000000003,3.3000000000000003,3.3000000000000003,3.3000000000000003,3.3000000000000003,3.3000000000000003,3.3000000000000003,3.3000000000000003,3.3000000000000003,3.3000000000000003,3.3000000000000003,3.3000000000000003,3.3000000000000003,3.3000000000000003,3.3000000000000003,3.3000000000000003
3.4,3.4,3.4,3.4,3.4,3.4,3.4,3.4,3.4,3.4,3.4,3.4,3.4,3.4,3.4,3.4,3.4,3.4,3.4,3.4,3.4,3.4,3.4,3.4,3.4,3.4,3.4,3.4,3.4,3.4,3.4,3.4,3.4,3.4,3.4,3.4,3.4,3.4,3.4,3.4,3.4,3.4,3.4,3.4,3.4,3.4,3.4,3.4,3.4,3.4,3.4,3.4,3.4,3.4,3.4,3.4,3.4,3.4,3.4,3.4,3.4,3.4,3.4,3.4,3.4,3.4,3.4,3.4,3.4,3.4,3.4,3.4,3.4,3.4,3.4,3.4,3.4,3.4,3.4,3.4,3.4,3.4,3.4,3.4,3.4,3.4,3.4,3.4,3.4,3.4,3.4,3.4,3.4,3.4,3.4,3.4,3.4,3.4,3.4,3.4,3.4
3.5,3.5,3.5,3.5,3.5,3.5,3.5,3.5,3.5,3.5,3.5,3.5,3.5,3.5,3.5,3.5,3.5,3.5,3.5,3.5,3.5,3.5,3.5,3.5,3.5,3.5,3.5,3.5,3.5,3.5,3.5,3.5,3.5,3.5,3.5,3.5,3.5,3.5,3.5,3.5,3.5,3.5,3.5,3.5,3.5,3.5,3.5,3.5,3.5,3.5,3.5,3.5,3.5,3.5,3.5,3.5,3.5,3.5,3.5,3.5,3.5,3.5,3.5,3.5,3.5,3.5,3.5,3.5,3.5,3.5,3.5,3.5,3.5,3.5,3.5,3.5,3.5,3.5,3.5,3.5,3.5,3.5,3.5,3.5,3.5,3.5,3.5,3.5,3.5,3.5,3.5,3.5,3.5,3.5,3.5,3.5,3.5,3.5,3.5,3.5,3.5
3.6,3.6,3.6,3.6,3.6,3.6,3.6,3.6,3.6,3.6,3.6,3.6,3.6,3.6,3.6,3.6,3.6,3.6,3.6,3.6,3.6,3.6,3.6,3.6,3.6,3.6,3.6,3.6,3.6,3.6,3.6,3.6,3.6,3.6,3.6,3.6,3.6,3.6,3.6,3.6,3.6,3.6,3.6,3.6,3.6,3.6,3.6,3.6,3.6,3.6,3.6,3.6,3.6,3.6,3.6,3.6,3.6,3.6,3.6,3.6,3.6,3.6,3.6,3.6,3.6,3.6,3.6,3.6,3.6,3.6,3.6,3.6,3.6,3.6,3.6,3.6,3.6,3.6,3.6,3.6,3.6,3.6,3.6,3.6,3.6,3.6,3.6,3.6,3.6,3.6,3.6,3.6,3.6,3.6,3.6,3.6,3.6,3.6,3.6,3.6,3.6
3.6999999999999997,3.6999999999999997,3.6999999999999997,3.6999999999999997,3.6999999999999997,3.6999999999999997,3.6999999999999997,3.6999999999999997,3.6999999999999997,3.6999999999999997,3.6999999999999997,3.6999999999999997,3.6999999999999997,3.6999999999999997,3.6999999999999997,3.6999999999999997,3.6999999999999997,3.6999999999999997,3.6999999999999997,3.6999999999999997,3.6999999999999997,3.6999999999999997,3.6999999999999997,3.6999999999999997,3.6999999999999997,3.6999999999999997,3.6999999999999997,3.6999999999999997,3.6999999999999997,3.6999999999999997,3.6999999999999997,3.6999999999999997,3.6999999999999997,3.6999999999999997,3.6999999999999997,3.6999999999999997,3.6999999999999997,3.6999999999999997,3.6999999999999997,3.6999999999999997,3.6999999999999997,3.6999999999999997,3.6999999999999997,3.6999999999999997,3.6999999999999997,3.6999999999999997,3.6999999999999997,3.6999999999999997,3.6999999999999997,3.6999999999999997,3.6999999999999997,3.6999999999999997,3.6999999999999997,3.6999999999999997,3.6999999999999997,3.6999999999999997,3.6999999999999997,3.6999999999999997,3.6999999999999997,3.6999999999999997,3.6999999999999997,3.6999999999999997,3.6999999999999997,3.6999999999999997,3.6999999999999997,3.6999999999999997,3.6999999999999997,3.6999999999999997,3.6999999999999997,3.6999999999999997,3.6999999999999997,3.6999999999999997,3.6999999999999997,3.6999999999999997,3.6999999999999997,3.6999999999999997,3.6999999999999997,3.6999999999999997,3.6999999999999997,3.6999999999999997,3.6999999999999997,3.6999999999999997,3.6999999999999997,3.6999999999999997,3.6999999999999997,3.6999999999999997,3.6999999999999997,3.6999999999999997,3.6999999999999997,3.6999999999999997,3.6999999999999997,3.6999999999999997,3.6999999999999997,3.6999999999999997,3.6999999999999997,3.6999999999999997,3.6999999999999997,3.6999999999999997,3.6999999999999997,3.6999999999999997,3.6999999999999997
3.8,3.8,3.8,3.8,3.8,3.8,3.8,3.8,3.8,3.8,3.8,3.8,3.8,3.8,3.8,3.8,3.8,3.8,3.8,3.8,3.8,3.8,3.8,3.8,3.8,3.8,3.8,3.8,3.8,3.8,3.8,3.8,3.8,3.8,3.8,3.8,3.8,3.8,3.8,3.8,3.8,3.8,3.8,3.8,3.8,3.8,3.8,3.8,3.8,3.8,3.8,3.8,3.8,3.8,3.8,3.8,3.8,3.8,3.8,3.8,3.8,3.8,3.8,3.8,3.8,3.8,3.8,3.8,3.8,3.8,3.8,3.8,3.8,3.8,3.8,3.8,3.8,3.8,3.8,3.8,3.8,3.8,3.8,3.8,3.8,3.8,3.8,3.8,3.8,3.8,3.8,3.8,3.8,3.8,3.8,3.8,3.8,3.8,3.8,3.8,3.8
3.8999999999999995,3.8999999999999995,3.8999999999999995,3.8999999999999995,3.8999999999999995,3.8999999999999995,3.8999999999999995,3.8999999999999995,3.8999999999999995,3.8999999999999995,3.8999999999999995,3.8999999999999995,3.8999999999999995,3.8999999999999995,3.8999999999999995,3.8999999999999995,3.8999999999999995,3.8999999999999995,3.8999999999999995,3.8999999999999995,3.8999999999999995,3.8999999999999995,3.8999999999999995,3.8999999999999995,3.8999999999999995,3.8999999999999995,3.8999999999999995,3.8999999999999995,3.8999999999999995,3.8999999999999995,3.8999999999999995,3.8999999999999995,3.8999999999999995,3.8999999999999995,3.8999999999999995,3.8999999999999995,3.8999999999999995,3.8999999999999995,3.8999999999999995,3.8999999999999995,3.8999999999999995,3.8999999999999995,3.8999999999999995,3.8999999999999995,3.8999999999999995,3.8999999999999995,3.8999999999999995,3.8999999999999995,3.8999999999999995,3.8999999999999995,3.8999999999999995,3.8999999999999995,3.8999999999999995,3.8999999999999995,3.8999999999999995,3.8999999999999995,3.8999999999999995,3.8999999999999995,3.8999999999999995,3.8999999999999995,3.8999999999999995,3.8999999999999995,3.8999999999999995,3.8999999999999995,3.8999999999999995,3.8999999999999995,3.8999999999999995,3.8999999999999995,3.8999999999999995,3.8999999999999995,3.8999999999999995,3.8999999999999995,3.8999999999999995,3.8999999999999995,3.8999999999999995,3.8999999999999995,3.8999999999999995,3.8999999999999995,3.8999999999999995,3.8999999999999995,3.8999999999999995,3.8999999999999995,3.8999999999999995,3.8999999999999995,3.8999999999999995,3.8999999999999995,3.8999999999999995,3.8999999999999995,3.8999999999999995,3.8999999999999995,3.8999999999999995,3.8999999999999995,3.8999999999999995,3.8999999999999995,3.8999999999999995,3.8999999999999995,3.8999999999999995,3.8999999999999995,3.8999999999999995,3.8999999999999995,3.8999999999999995
4.0,4.0,4.0,4.0,4.0,4.0,4.0,4.0,4.0,4.0,4.0,4.0,4.0,4.0,4.0,4.0,4.0,4.0,4.0,4.0,4.0,4.0,4.0,4.0,4.0,4.0,4.0,4.0,4.0,4.0,4.0,4.0,4.0,4.0,4.0,4.0,4.0,4.0,4.0,4.0,4.0,4.0,4.0,4.0,4.0,4.0,4.0,4.0,4.0,4.0,4.0,4.0,4.0,4.0,4.0,4.0,4.0,4.0,4.0,4.0,4.0,4.0,4.0,4.0,4.0,4.0,4.0,4.0,4.0,4.0,4.0,4.0,4.0,4.0,4.0,4.0,4.0,4.0,4.0,4.0,4.0,4.0,4.0,4.0,4.0,4.0,4.0,4.0,4.0,4.0,4.0,4.0,4.0,4.0,4.0,4.0,4.0,4.0,4.0,4.0,4.0
4.1,4.1,4.1,4.1,4.1,4.1,4.1,4.1,4.1,4.1,4.1,4.1,4.1,4.1,4.1,4.1,4.1,4.1,4.1,4.1,4.1,4.1,4.1,4.1,4.1,4.1,4.1,4.1,4.1,4.1,4.1,4.1,4.1,4.1,4.1,4.1,4.1,4.1,4.1,4.1,4.1,4.1,4.1,4.1,4.1,4.1,4.1,4.1,4.1,4.1,4.1,4.1,4.1,4.1,4.1,4.1,4.1,4.1,4.1,4.1,4.1,4.1,4.1,4.1,4.1,4.1,4.1,4.1,4.1,4.1,4.1,4.1,4.1,4.1,4.1,4.1,4.1,4.1,4.1,4.1,4.1,4.1,4.1,4.1,4.1,4.1,4.1,4.1,4.1,4.1,4.1,4.1,4.1,4.1,4.1,4.1,4.1,4.1,4.1,4.1,4.1
4.200000000000001,4.200000000000001,4.200000000000001,4.200000000000001,4.200000000000001,4.200000000000001,4.200000000000001,4.200000000000001,4.200000000000001,4.200000000000001,4.200000000000001,4.200000000000001,4.200000000000001,4.200000000000001,4.200000000000001,4.200000000000001,4.200000000000001,4.200000000000001,4.200000000000001,4.200000000000001,4.200000000000001,4.200000000000001,4.200000000000001,4.200000000000001,4.200000000000001,4.200000000000001,4.200000000000001,4.200000000000001,4.200000000000001,4.200000000000001,4.200000000000001,4.200000000000001,4.200000000000001,4.200000000000001,4.200000000000001,4.200000000000001,4.200000000000001,4.200000000000001,4.200000000000001,4.200000000000001,4.200000000000001,4.200000000000001,4.200000000000001,4.200000000000001,4.200000000000001,4.200000000000001,4.200000000000001,4.200000000000001,4.200000000000001,4.200000000000001,4.200000000000001,4.200000000000001,4.200000000000001,4.200000000000001,4.200000000000001,4.200000000000001,4.200000000000001,4.200000000000001,4.200000000000001,4.200000000000001,4.200000000000001,4.200000000000001,4.200000000000001,4.200000000000001,4.200000000000001,4.200000000000001,4.200000000000001,4.200000000000001,4.200000000000001,4.200000000000001,4.200000000000001,4.200000000000001,4.200000000000001,4.200000000000001,4.200000000000001,4.200000000000001,4.200000000000001,4.200000000000001,4.200000000000001,4.200000000000001,4.200000000000001,4.200000000000001,4.200000000000001,4.200000000000001,4.200000000000001,4.200000000000001,4.200000000000001,4.200000000000001,4.200000000000001,4.200000000000001,4.200000000000001,4.200000000000001,4.200000000000001,4.200000000000001,4.200000000000001,4.200000000000001,4.200000000000001,4.200000000000001,4.200000000000001,4.200000000000001,4.200000000000001
4.299999999999999,4.299999999999999,4.299999999999999,4.299999999999999,4.299999999999999,4.299999999999999,4.299999999999999,4.299999999999999,4.299999999999999,4.299999999999999,4.299999999999999,4.299999999999999,4.299999999999999,4.299999999999999,4.299999999999999,4.299999999999999,4.299999999999999,4.299999999999999,4.299999999999999,4.299999999999999,4.299999999999999,4.299999999999999,4.299999999999999,4.299999999999999,4.299999999999999,4.299999999999999,4.299999999999999,4.299999999999999,4.299999999999999,4.299999999999999,4.299999999999999,4.299999999999999,4.299999999999999,4.299999999999999,4.299999999999999,4.299999999999999,4.299999999999999,4.299999999999999,4.299999999999999,4.299999999999999,4.299999999999999,4.299999999999999,4.299999999999999,4.299999999999999,4.299999999999999,4.299999999999999,4.299999999999999,4.299999999999999,4.299999999999999,4.299999999999999,4.299999999999999,4.299999999999999,4.299999999999999,4.299999999999999,4.299999999999999,4.299999999999999,4.299999999999999,4.299999999999999,4.299999999999999,4.299999999999999,4.299999999999999,4.299999999999999,4.299999999999999,4.299999999999999,4.299999999999999,4.299999999999999,4.299999999999999,4.299999999999999,4.299999999999999,4.299999999999999,4.299999999999999,4.299999999999999,4.299999999999999,4.299999999999999,4.299999999999999,4.299999999999999,4.299999999999999,4.299999999999999,4.299999999999999,4.299999999999999,4.299999999999999,4.299999999999999,4.299999999999999,4.299999999999999,4.299999999999999,4.299999999999999,4.299999999999999,4.299999999999999,4.299999999999999,4.299999999999999,4.299999999999999,4.299999999999999,4.299999999999999,4.299999999999999,4.299999999999999,4.299999999999999,4.299999999999999,4.299999999999999,4.299999999999999,4.299999999999999,4.299999999999999
4.4,4.4,4.4,4.4,4.4,4.4,4.4,4.4,4.4,4.4,4.4,4.4,4.4,4.4,4.4,4.4,4.4,4.4,4.4,4.4,4.4,4.4,4.4,4.4,4.4,4.4,4.4,4.4,4.4,4.4,4.4,4.4,4.4,4.4,4.4,4.4,4.4,4.4,4.4,4.4,4.4,4.4,4.4,4.4,4.4,4.4,4.4,4.4,4.4,4.4,4.4,4.4,4.4,4.4,4.4,4.4,4.4,4.4,4.4,4.4,4.4,4.4,4.4,4.4,4.4,4.4,4.4,4.4,4.4,4.4,4.4,4.4,4.4,4.4,4.4,4.4,4.4,4.4,4.4,4.4,4.4,4.4,4.4,4.4,4.4,4.4,4.4,4.4,4.4,4.4,4.4,4.4,4.4,4.4,4.4,4.4,4.4,4.4,4.4,4.4,4.4
4.5,4.5,4.5,4.5,4.5,4.5,4.5,4.5,4.5,4.5,4.5,4.5,4.5,4.5,4.5,4.5,4.5,4.5,4.5,4.5,4.5,4.5,4.5,4.5,4.5,4.5,4.5,4.5,4.5,4.5,4.5,4.5,4.5,4.5,4.5,4.5,4.5,4.5,4.5,4.5,4.5,4.5,4.5,4.5,4.5,4.5,4.5,4.5,4.5,4.5,4.5,4.5,4.5,4.5,4.5,4.5,4.5,4.5,4.5,4.5,4.5,4.5,4.5,4.5,4.5,4.5,4.5,4.5,4.5,4.5,4.5,4.5,4.5,4.5,4.5,4.5,4.5,4.5,4.5,4.5,4.5,4.5,4.5,4.5,4.5,4.5,4.5,4.5,4.5,4.5,4.5,4.5,4.5,4.5,4.5,4.5,4.5,4.5,4.5,4.5,4.5
4.6000000000000005,4.6000000000000005,4.6000000000000005,4.6000000000000005,4.6000000000000005,4.6000000000000005,4.6000000000000005,4.6000000000000005,4.6000000000000005,4.6000000000000005,4.6000000000000005,4.6000000000000005,4.6000000000000005,4.6000000000000005,4.6000000000000005,4.6000000000000005,4.6000000000000005,4.6000000000000005,4.6000000000000005,4.6000000000000005,4.6000000000000005,4.6000000000000005,4.6000000000000005,4.6000000000000005,4.6000000000000005,4.6000000000000005,4.6000000000000005,4.6000000000000005,4.6000000000000005,4.6000000000000005,4.6000000000000005,4.6000000000000005,4.6000000000000005,4.6000000000000005,4.6000000000000005,4.6000000000000005,4.6000000000000005,4.6000000000000005,4.6000000000000005,4.6000000000000005,4.6000000000000005,4.6000000000000005,4.6000000000000005,4.6000000000000005,4.6000000000000005,4.6000000000000005,4.6000000000000005,4.6000000000000005,4.6000000000000005,4.6000000000000005,4.6000000000000005,4.6000000000000005,4.6000000000000005,4.6000000000000005,4.6000000000000005,4.6000000000000005,4.6000000000000005,4.6000000000000005,4.6000000000000005,4.6000000000000005,4.6000000000000005,4.6000000000000005,4.6000000000000005,4.6000000000000005,4.6000000000000005,4.6000000000000005,4.6000000000000005,4.6000000000000005,4.6000000000000005,4.6000000000000005,4.6000000000000005,4.6000000000000005,4.6000000000000005,4.6000000000000005,4.6000000000000005,4.6000000000000005,4.6000000000000005,4.6000000000000005,4.6000000000000005,4.6000000000000005,4.6000000000000005,4.6000000000000005,4.6000000000000005,4.6000000000000005,4.6000000000000005,4.6000000000000005,4.6000000000000005,4.6000000000000005,4.6000000000000005,4.6000000000000005,4.6000000000000005,4.6000000000000005,4.6000000000000005,4.6000000000000005,4.6000000000000005,4.6000000000000005,4.6000000000000005,4.6000000000000005,4.6000000000000005,4.6000000000000005,4.6000000000000005
4.7,4.7,4.7,4.7,4.7,4.7,4.7,4.7,4.7,4.7,4.7,4.7,4.7,4.7,4.7,4.7,4.7,4.7,4.7,4.7,4.7,4.7,4.7,4.7,4.7,4.7,4.7,4.7,4.7,4.7,4.7,4.7,4.7,4.7,4.7,4.7,4.7,4.7,4.7,4.7,4.7,4.7,4.7,4.7,4.7,4.7,4.7,4.7,4.7,4.7,4.7,4.7,4.7,4.7,4.7,4.7,4.7,4.7,4.7,4.7,4.7,4.7,4.7,4.7,4.7,4.7,4.7,4.7,4.7,4.7,4.7,4.7,4.7,4.7,4.7,4.7,4.7,4.7,4.7,4.7,4.7,4.7,4.7,4.7,4.7,4.7,4.7,4.7,4.7,4.7,4.7,4.7,4.7,4.7,4.7,4.7,4.7,4.7,4.7,4.7,4.7
4.8,4.8,4.8,4.8,4.8,4.8,4.8,4.8,4.8,4.8,4.8,4.8,4.8,4.8,4.8,4.8,4.8,4.8,4.8,4.8,4.8,4.8,4.8,4.8,4.8,4.8,4.8,4.8,4.8,4.8,4.8,4.8,4.8,4.8,4.8,4.8,4.8,4.8,4.8,4.8,4.8,4.8,4.8,4.8,4.8,4.8,4.8,4.8,4.8,4.8,4.8,4.8,4.8,4.8,4.8,4.8,4.8,4.8,4.8,4.8,4.8,4.8,4.8,4.8,4.8,4.8,4.8,4.8,4.8,4.8,4.8,4.8,4.8,4.8,4.8,4.8,4.8,4.8,4.8,4.8,4.8,4.8,4.8,4.8,4.8,4.8,4.8,4.8,4.8,4.8,4.8,4.8,4.8,4.8,4.8,4.8,4.8,4.8,4.8,4.8,4.8
4.8999999999999995,4.8999999999999995,4.8999999999999995,4.8999999999999995,4.8999999999999995,4.8999999999999995,4.8999999999999995,4.8999999999999995,4.8999999999999995,4.8999999999999995,4.8999999999999995,4.8999999999999995,4.8999999999999995,4.8999999999999995,4.8999999999999995,4.8999999999999995,4.8999999999999995,4.8999999999999995,4.8999999999999995,4.8999999999999995,4.8999999999999995,4.8999999999999995,4.8999999999999995,4.8999999999999995,4.8999999999999995,4.8999999999999995,4.8999999999999995,4.8999999999999995,4.8999999999999995,4.8999999999999995,4.8999999999999995,4.8999999999999995,4.8999999999999995,4.8999999999999995,4.8999999999999995,4.8999999999999995,4.8999999999999995,4.8999999999999995,4.8999999999999995,4.8999999999999995,4.8999999999999995,4.8999999999999995,4.8999999999999995,4.8999999999999995,4.8999999999999995,4.8999999999999995,4.8999999999999995,4.8999999999999995,4.8999999999999995,4.8999999999999995,4.8999999999999995,4.8999999999999995,4.8999999999999995,4.8999999999999995,4.8999999999999995,4.8999999999999995,4.8999999999999995,4.8999999999999995,4.8999999999999995,4.8999999999999995,4.8999999999999995,4.8999999999999995,4.8999999999999995,4.8999999999999995,4.8999999999999995,4.8999999999999995,4.8999999999999995,4.8999999999999995,4.8999999999999995,4.8999999999999995,4.8999999999999995,4.8999999999999995,4.8999999999999995,4.8999999999999995,4.8999999999999995,4.8999999999999995,4.8999999999999995,4.8999999999999995,4.8999999999999995,4.8999999999999995,4.8999999999999995,4.8999999999999995,4.8999999999999995,4.8999999999999995,4.8999999999999995,4.8999999999999995,4.8999999999999995,4.8999999999999995,4.8999999999999995,4.8999999999999995,4.8999999999999995,4.8999999999999995,4.8999999999999995,4.8999999999999995,4.8999999999999995,4.8999999999999995,4.8999999999999995,4.8999999999999995,4.8999999999999995,4.8999999999999995,4.8999999999999995
5.0,5.0,5.0,5.0,5.0,5.0,5.0,5.0,5.0,5.0,5.0,5.0,5.0,5.0,5.0,5.0,5.0,5.0,5.0,5.0,5.0,5.0,5.0,5.0,5.0,5.0,5.0,5.0,5.0,5.0,5.0,5.0,5.0,5.0,5.0,5.0,5.0,5.0,5.0,5.0,5.0,5.0,5.0,5.0,5.0,5.0,5.0,5.0,5.0,5.0,5.0,5.0,5.0,5.0,5.0,5.0,5.0,5.0,5.0,5.0,5.0,5.0,5.0,5.0,5.0,5.0,5.0,5.0,5.0,5.0,5.0,5.0,5.0,5.0,5.0,5.0,5.0,5.0,5.0,5.0,5.0,5.0,5.0,5.0,5.0,5.0,5.0,5.0,5.0,5.0,5.0,5.0,5.0,5.0,5.0,5.0,5.0,5.0,5.0,5.0,5.0
