-0.447213595499958,-0.4366062299143245,-0.4272001872658766,-0.41907636535600534,-0.4123105625617661,-0.4069705149024927,-0.40311288741492757,-0.40078048854703496,-0.4,-0.4,-0.4,-0.4,-0.4,-0.4,-0.4,-0.4,-0.4,-0.4,-0.4,-0.4,-0.4,-0.4,-0.4,-0.4,-0.4,-0.4,-0.4,-0.4,-0.4,-0.4,-0.4,-0.4,-0.4,-0.40078048854703496,-0.40311288741492757,-0.4069705149024927,-0.4123105625617661,-0.41907636535600534,-0.4272001872658766,-0.4366062299143245,-0.447213595499958
-0.40311288741492746,-0.3913118960624632,-0.3807886552931954,-0.37165171868296265,-0.36400549446402586,-0.3579455265819088,-0.35355339059327373,-0.350891721190455,-0.35,-0.35,-0.35,-0.35,-0.35,-0.35,-0.35,-0.35,-0.35,-0.35,-0.35,-0.35,-0.35,-0.35,-0.35,-0.35,-0.35,-0.35,-0.35,-0.35,-0.35,-0.35,-0.35,-0.35,-0.35,-0.350891721190455,-0.35355339059327373,-0.3579455265819088,-0.36400549446402586,-0.37165171868296265,-0.3807886552931954,-0.3913118960624632,-0.40311288741492746
-0.36055512754639885,-0.3473110997362451,-0.3354101966249684,-0.32499999999999996,-0.3162277660168379,-0.30923292192132446,-0.3041381265149109,-0.30103986446980724,-0.29999999999999993,-0.29999999999999993,-0.29999999999999993,-0.29999999999999993,-0.29999999999999993,-0.29999999999999993,-0.29999999999999993,-0.29999999999999993,-0.29999999999999993,-0.29999999999999993,-0.29999999999999993,-0.29999999999999993,-0.29999999999999993,-0.29999999999999993,-0.29999999999999993,-0.29999999999999993,-0.29999999999999993,-0.29999999999999993,-0.29999999999999993,-0.29999999999999993,-0.29999999999999993,-0.29999999999999993,-0.29999999999999993,-0.29999999999999993,-0.29999999999999993,-0.30103986446980724,-0.3041381265149109,-0.30923292192132446,-0.3162277660168379,-0.32499999999999996,-0.3354101966249684,-0.3473110997362451,-0.36055512754639885
-0.32015621187164256,-0.3051638903933427,-0.2915475947422651,-0.27950849718747384,-0.2692582403567253,-0.2610076627227639,-0.2549509756796394,-0.2512468905280224,-0.2500000000000001,-0.2500000000000001,-0.2500000000000001,-0.2500000000000001,-0.2500000000000001,-0.2500000000000001,-0.2500000000000001,-0.2500000000000001,-0.2500000000000001,-0.2500000000000001,-0.2500000000000001,-0.2500000000000001,-0.2500000000000001,-0.2500000000000001,-0.2500000000000001,-0.2500000000000001,-0.2500000000000001,-0.2500000000000001,-0.2500000000000001,-0.2500000000000001,-0.2500000000000001,-0.2500000000000001,-0.2500000000000001,-0.2500000000000001,-0.2500000000000001,-0.2512468905280224,-0.2549509756796394,-0.2610076627227639,-0.2692582403567253,-0.27950849718747384,-0.2915475947422651,-0.3051638903933427,-0.32015621187164256
-0.282842712474619,-0.2657536453183663,-0.25,-0.23584952830141515,-0.22360679774997905,-0.2136000936329383,-0.20615528128088312,-0.20155644370746384,-0.20000000000000007,-0.20000000000000007,-0.20000000000000007,-0.20000000000000007,-0.20000000000000007,-0.20000000000000007,-0.20000000000000007,-0.20000000000000007,-0.20000000000000007,-0.20000000000000007,-0.20000000000000007,-0.20000000000000007,-0.20000000000000007,-0.20000000000000007,-0.20000000000000007,-0.20000000000000007,-0.20000000000000007,-0.20000000000000007,-0.20000000000000007,-0.20000000000000007,-0.20000000000000007,-0.20000000000000007,-0.20000000000000007,-0.20000000000000007,-0.20000000000000007,-0.20155644370746384,-0.20615528128088312,-0.2136000936329383,-0.22360679774997905,-0.23584952830141515,-0.25,-0.2657536453183663,-0.282842712474619
-0.25,-0.23048861143232224,-0.21213203435596428,-0.19525624189766644,-0.18027756377319948,-0.16770509831248426,-0.158113883008419,-0.1520690632574555,-0.15000000000000002,-0.15000000000000002,-0.15000000000000002,-0.15000000000000002,-0.15000000000000002,-0.15000000000000002,-0.15000000000000002,-0.15000000000000002,-0.15000000000000002,-0.15000000000000002,-0.15000000000000002,-0.15000000000000002,-0.15000000000000002,-0.15000000000000002,-0.15000000000000002,-0.15000000000000002,-0.15000000000000002,-0.15000000000000002,-0.15000000000000002,-0.15000000000000002,-0.15000000000000002,-0.15000000000000002,-0.15000000000000002,-0.15000000000000002,-0.15000000000000002,-0.1520690632574555,-0.158113883008419,-0.16770509831248426,-0.18027756377319948,-0.19525624189766644,-0.21213203435596428,-0.23048861143232224,-0.25
-0.22360679774997894,-0.20155644370746373,-0.18027756377319937,-0.16007810593582128,-0.14142135623730956,-0.125,-0.11180339887498947,-0.10307764064044145,-0.09999999999999998,-0.09999999999999998,-0.09999999999999998,-0.09999999999999998,-0.09999999999999998,-0.09999999999999998,-0.09999999999999998,-0.09999999999999998,-0.09999999999999998,-0.09999999999999998,-0.09999999999999998,-0.09999999999999998,-0.09999999999999998,-0.09999999999999998,-0.09999999999999998,-0.09999999999999998,-0.09999999999999998,-0.09999999999999998,-0.09999999999999998,-0.09999999999999998,-0.09999999999999998,-0.09999999999999998,-0.09999999999999998,-0.09999999999999998,-0.09999999999999998,-0.10307764064044145,-0.11180339887498947,-0.125,-0.14142135623730956,-0.16007810593582128,-0.18027756377319937,-0.20155644370746373,-0.22360679774997894
-0.206155281280883,-0.18200274723201293,-0.1581138830084189,-0.1346291201783626,-0.11180339887498947,-0.09013878188659974,-0.07071067811865472,-0.05590169943749468,-0.04999999999999993,-0.04999999999999993,-0.04999999999999993,-0.04999999999999993,-0.04999999999999993,-0.04999999999999993,-0.04999999999999993,-0.04999999999999993,-0.04999999999999993,-0.04999999999999993,-0.04999999999999993,-0.04999999999999993,-0.04999999999999993,-0.04999999999999993,-0.04999999999999993,-0.04999999999999993,-0.04999999999999993,-0.04999999999999993,-0.04999999999999993,-0.04999999999999993,-0.04999999999999993,-0.04999999999999993,-0.04999999999999993,-0.04999999999999993,-0.04999999999999993,-0.05590169943749468,-0.07071067811865472,-0.09013878188659974,-0.11180339887498947,-0.1346291201783626,-0.1581138830084189,-0.18200274723201293,-0.206155281280883
-0.20000000000000007,-0.17499999999999993,-0.15000000000000002,-0.1250000000000001,-0.09999999999999998,-0.07500000000000007,-0.04999999999999999,-0.024999999999999967,-1.1102230246251565e-16,-1.1102230246251565e-16,-1.1102230246251565e-16,-1.1102230246251565e-16,-1.1102230246251565e-16,-1.1102230246251565e-16,-1.1102230246251565e-16,-1.1102230246251565e-16,-1.1102230246251565e-16,-1.1102230246251565e-16,-1.1102230246251565e-16,-1.1102230246251565e-16,-1.1102230246251565e-16,-1.1102230246251565e-16,-1.1102230246251565e-16,-1.1102230246251565e-16,-1.1102230246251565e-16,-1.1102230246251565e-16,-1.1102230246251565e-16,-1.1102230246251565e-16,-1.1102230246251565e-16,-1.1102230246251565e-16,-1.1102230246251565e-16,-1.1102230246251565e-16,-1.1102230246251565e-16,-0.024999999999999967,-0.04999999999999999,-0.07500000000000007,-0.09999999999999998,-0.1250000000000001,-0.15000000000000002,-0.17499999999999993,-0.20000000000000007
-0.20000000000000007,-0.17499999999999993,-0.15000000000000002,-0.1250000000000001,-0.09999999999999998,-0.07500000000000007,-0.04999999999999999,-0.024999999999999967,-5.551115123125783e-17,-0.1343575840242487,-0.08382739414999629,-0.11716955810984597,-0.0681327610370197,-0.10048951513069782,-0.052901974431849075,-0.08430244192218639,-0.03812132559843073,-0.06859376902576375,-0.023777510955090952,-0.05334935757545589,-0.009857620100414188,-0.038555486571928865,0.02948195767294881,0.04999999999999993,0.04999999999999993,0.04999999999999993,0.04999999999999993,0.04999999999999993,0.04999999999999993,0.04999999999999993,0.04999999999999993,0.024999999999999967,-5.551115123125783e-17,-0.024999999999999967,-0.04999999999999999,-0.07500000000000007,-0.09999999999999998,-0.1250000000000001,-0.15000000000000002,-0.17499999999999993,-0.20000000000000007
-0.20000000000000007,-0.17499999999999993,-0.15000000000000002,-0.1250000000000001,-0.09999999999999998,-0.07500000000000007,-0.04999999999999999,-0.024999999999999967,-5.551115123125783e-17,-0.08681407676338004,-0.03530511747257081,-0.11716955810984597,-0.0681327610370197,-0.10048951513069782,-0.052901974431849075,-0.08430244192218639,-0.03812132559843073,-0.06859376902576375,-0.023777510955090952,-0.05334935757545589,-0.009857620100414188,0.016760135325287917,0.04182779334883391,0.09999999999999998,0.09999999999999998,0.09999999999999998,0.09999999999999998,0.09999999999999998,0.09999999999999998,0.07500000000000001,0.04999999999999999,0.024999999999999967,-5.551115123125783e-17,-0.024999999999999967,-0.04999999999999999,-0.07500000000000007,-0.09999999999999998,-0.1250000000000001,-0.15000000000000002,-0.17499999999999993,-0.20000000000000007
-0.20000000000000007,-0.17499999999999993,-0.15000000000000002,-0.1250000000000001,-0.09999999999999998,-0.07500000000000007,-0.04999999999999999,-0.024999999999999967,-5.551115123125783e-17,-0.04103239533203329,0.013217159204854445,-0.11716955810984597,-0.0681327610370197,-0.10048951513069782,-0.052901974431849075,-0.08430244192218639,-0.03812132559843073,-0.06859376902576375,-0.023777510955090952,-0.05334935757545589,0.016760135325287917,0.04182779334883391,0.053808754438420425,0.15000000000000002,0.15000000000000002,0.15000000000000002,0.14999999999999997,0.12499999999999994,0.10000000000000003,0.07500000000000001,0.04999999999999999,0.024999999999999967,-5.551115123125783e-17,-0.024999999999999967,-0.04999999999999999,-0.07500000000000007,-0.09999999999999998,-0.1250000000000001,-0.15000000000000002,-0.17499999999999993,-0.20000000000000007
-0.20000000000000007,-0.17499999999999993,-0.15000000000000002,-0.1250000000000001,-0.09999999999999998,-0.07500000000000007,-0.04999999999999999,-0.024999999999999967,-5.551115123125783e-17,-0.011043979133858128,0.0132171592048545,-0.11716955810984597,-0.055714726190206565,-0.10048951513069782,-0.052901974431849075,-0.08430244192218639,-0.03812132559843073,-0.06859376902576375,-0.009857620100414188,0.003650875806989584,0.02948195767294881,0.04182779334883391,0.053808754438420425,0.2,0.2,0.175,0.14999999999999997,0.12499999999999994,0.10000000000000003,0.07500000000000001,0.04999999999999999,0.014339177451165974,-5.551115123125783e-17,-0.024999999999999967,-0.04999999999999999,-0.07500000000000007,-0.09999999999999998,-0.1250000000000001,-0.15000000000000002,-0.17499999999999993,-0.20000000000000007
-0.20000000000000007,-0.17499999999999993,-0.15000000000000002,-0.1250000000000001,-0.09999999999999998,-0.07500000000000007,-0.04999999999999999,-0.024999999999999967,-5.551115123125783e-17,0.0132171592048545,-0.0710311738393049,-0.055714726190206565,-0.10048951513069782,-0.052901974431849075,-0.08430244192218639,-0.03812132559843073,-0.023777510955090952,-0.009857620100414188,0.003650875806989584,0.02948195767294881,0.04182779334883391,0.24999999999999994,0.24999999999999994,0.22500000000000003,0.2,0.175,0.14999999999999997,0.12499999999999994,0.07671886884785362,0.016760135325287917,0.014339177451165974,0.024999999999999967,-5.551115123125783e-17,-0.024999999999999967,-0.04999999999999999,-0.07500000000000007,-0.09999999999999998,-0.1250000000000001,-0.15000000000000002,-0.17499999999999993,-0.20000000000000007
-0.20000000000000007,-0.17499999999999993,-0.15000000000000002,-0.1250000000000001,-0.09999999999999998,-0.07500000000000007,-0.04999999999999999,-0.024999999999999967,-5.551115123125783e-17,0.0132171592048545,-0.026602545575913794,-0.055714726190206565,-0.10048951513069782,-0.052901974431849075,-0.03812132559843073,-0.03812132559843073,-0.023777510955090952,-0.009857620100414188,0.016760135325287917,0.02948195767294881,0.04182779334883391,0.27499999999999997,0.24999999999999994,0.22500000000000003,0.2,0.175,0.14999999999999997,0.12499999999999994,0.053808754438420425,0.016760135325287917,0.014339177451165974,0.024999999999999967,-5.551115123125783e-17,-0.024999999999999967,-0.04999999999999999,-0.07500000000000007,-0.09999999999999998,-0.1250000000000001,-0.15000000000000002,-0.17499999999999993,-0.20000000000000007
-0.20000000000000007,-0.17499999999999993,-0.15000000000000002,-0.1250000000000001,-0.09999999999999998,-0.07500000000000007,-0.04999999999999999,-0.024999999999999967,-5.551115123125783e-17,0.0132171592048545,0.0024995789817990333,-0.055714726190206565,-0.04085094797930949,-0.052901974431849075,-0.03812132559843073,-0.023777510955090952,-0.009857620100414188,0.003650875806989584,0.016760135325287917,0.02948195767294881,0.24412566078130013,0.27499999999999997,0.24999999999999994,0.22500000000000003,0.2,0.175,0.14999999999999997,0.06543562461542812,0.04182779334883391,0.014339177451165974,-0.012428281648803607,0.024999999999999967,-5.551115123125783e-17,-0.024999999999999967,-0.04999999999999999,-0.07500000000000007,-0.09999999999999998,-0.1250000000000001,-0.15000000000000002,-0.17499999999999993,-0.20000000000000007
-0.20000000000000007,-0.17499999999999993,-0.15000000000000002,-0.1250000000000001,-0.09999999999999998,-0.07500000000000007,-0.04999999999999999,-0.024999999999999967,-5.551115123125783e-17,0.0132171592048545,0.026043692321405132,-0.055714726190206565,-0.04085094797930949,-0.052901974431849075,-0.03812132559843073,-0.023777510955090952,-0.009857620100414188,0.003650875806989584,0.016760135325287917,0.23794071237786116,0.28008968093069425,0.27499999999999997,0.24999999999999994,0.22500000000000003,0.2,0.175,0.14999999999999997,0.04182779334883391,0.003650875806989584,0.0011561887890901845,-0.012428281648803607,0.024999999999999967,-5.551115123125783e-17,-0.024999999999999967,-0.04999999999999999,-0.07500000000000007,-0.09999999999999998,-0.1250000000000001,-0.15000000000000002,-0.17499999999999993,-0.20000000000000007
-0.20000000000000007,-0.17499999999999993,-0.15000000000000002,-0.1250000000000001,-0.09999999999999998,-0.07500000000000007,-0.04999999999999999,-0.024999999999999967,-5.551115123125783e-17,0.0132171592048545,0.026043692321405132,-0.012599162330311608,-0.04085094797930949,-0.026426460802888796,-0.03812132559843073,-0.023777510955090952,-0.009857620100414188,0.003650875806989584,0.23156740425326888,0.25582854259198157,0.28008968093069425,0.27499999999999997,0.24999999999999994,0.22500000000000003,0.2,0.175,0.053808754438420425,0.02948195767294881,0.003650875806989584,0.0011561887890901845,-0.012428281648803607,0.024999999999999967,-5.551115123125783e-17,-0.024999999999999967,-0.04999999999999999,-0.07500000000000007,-0.09999999999999998,-0.1250000000000001,-0.15000000000000002,-0.17499999999999993,-0.20000000000000007
-0.20000000000000007,-0.17499999999999993,-0.15000000000000002,-0.1250000000000001,-0.09999999999999998,-0.07500000000000007,-0.04999999999999999,-0.024999999999999967,-5.551115123125783e-17,0.024999999999999967,0.015642864463493167,-0.04085094797930949,-0.026426460802888796,-0.03812132559843073,-0.023777510955090952,-0.009857620100414188,0.2,0.225,0.24999999999999997,0.27499999999999997,0.3,0.27499999999999997,0.24999999999999994,0.22500000000000003,0.2,0.04182779334883391,0.02948195767294881,-0.009857620100414188,0.0011561887890901845,-0.026426460802888796,0.04077558727678848,0.024999999999999967,-5.551115123125783e-17,-0.024999999999999967,-0.04999999999999999,-0.07500000000000007,-0.09999999999999998,-0.1250000000000001,-0.15000000000000002,-0.17499999999999993,-0.20000000000000007
-0.20000000000000007,-0.17499999999999993,-0.15000000000000002,-0.1250000000000001,-0.09999999999999998,-0.07500000000000007,-0.04999999999999999,-0.024999999999999967,-5.551115123125783e-17,0.024999999999999967,0.028397707155356167,-0.04085094797930949,-0.026426460802888796,-0.023777510955090952,-0.009857620100414188,0.003650875806989584,0.2,0.225,0.24999999999999997,0.27499999999999997,0.3,0.27499999999999997,0.24999999999999994,0.22500000000000003,0.2,0.02948195767294881,0.016760135325287917,-0.009857620100414188,-0.012428281648803607,-0.026426460802888796,0.028397707155356167,0.024999999999999967,-5.551115123125783e-17,-0.024999999999999967,-0.04999999999999999,-0.07500000000000007,-0.09999999999999998,-0.1250000000000001,-0.15000000000000002,-0.17499999999999993,-0.20000000000000007
-0.20000000000000007,-0.17499999999999993,-0.15000000000000002,-0.1250000000000001,-0.09999999999999998,-0.07500000000000007,-0.04999999999999999,-0.024999999999999967,-5.551115123125783e-17,0.024999999999999967,0.028397707155356167,-0.026426460802888796,-0.012428281648803607,-0.023777510955090952,0.003650875806989584,0.016760135325287917,0.2,0.225,0.24999999999999997,0.27499999999999997,0.3,0.27499999999999997,0.24999999999999994,0.22500000000000003,0.2,0.016760135325287917,0.003650875806989584,-0.023777510955090952,-0.012428281648803607,-0.026426460802888796,0.028397707155356167,0.024999999999999967,-5.551115123125783e-17,-0.024999999999999967,-0.04999999999999999,-0.07500000000000007,-0.09999999999999998,-0.1250000000000001,-0.15000000000000002,-0.17499999999999993,-0.20000000000000007
-0.20000000000000007,-0.17499999999999993,-0.15000000000000002,-0.1250000000000001,-0.09999999999999998,-0.07500000000000007,-0.04999999999999999,-0.024999999999999967,-5.551115123125783e-17,0.024999999999999967,0.028397707155356167,-0.026426460802888796,-0.012428281648803607,-0.009857620100414188,0.016760135325287917,0.02948195767294881,0.2,0.225,0.24999999999999997,0.27499999999999997,0.3,0.27499999999999997,0.24999999999999994,0.22500000000000003,0.2,0.003650875806989584,-0.009857620100414188,-0.023777510955090952,-0.026426460802888796,-0.04085094797930949,0.028397707155356167,0.024999999999999967,-5.551115123125783e-17,-0.024999999999999967,-0.04999999999999999,-0.07500000000000007,-0.09999999999999998,-0.1250000000000001,-0.15000000000000002,-0.17499999999999993,-0.20000000000000007
-0.20000000000000007,-0.17499999999999993,-0.15000000000000002,-0.1250000000000001,-0.09999999999999998,-0.07500000000000007,-0.04999999999999999,-0.024999999999999967,-5.551115123125783e-17,0.024999999999999967,0.04077558727678848,-0.026426460802888796,0.0011561887890901845,-0.009857620100414188,0.02948195767294881,0.04182779334883391,0.2,0.225,0.24999999999999997,0.27499999999999997,0.3,0.27499999999999997,0.24999999999999994,0.22500000000000003,0.2,-0.009857620100414188,-0.023777510955090952,-0.03812132559843073,-0.026426460802888796,-0.04085094797930949,0.015642864463493167,0.024999999999999967,-5.551115123125783e-17,-0.024999999999999967,-0.04999999999999999,-0.07500000000000007,-0.09999999999999998,-0.1250000000000001,-0.15000000000000002,-0.17499999999999993,-0.20000000000000007
-0.20000000000000007,-0.17499999999999993,-0.15000000000000002,-0.1250000000000001,-0.09999999999999998,-0.07500000000000007,-0.04999999999999999,-0.024999999999999967,-5.551115123125783e-17,0.024999999999999967,-0.012428281648803607,0.0011561887890901845,0.003650875806989584,0.02948195767294881,0.053808754438420425,0.175,0.2,0.225,0.24999999999999997,0.27499999999999997,0.28008968093069425,0.2558285425919815,0.2315674042532689,0.003650875806989584,-0.009857620100414188,-0.023777510955090952,-0.03812132559843073,-0.026426460802888796,-0.04085094797930949,-0.012599162330311608,0.026043692321405132,0.0132171592048545,-5.551115123125783e-17,-0.024999999999999967,-0.04999999999999999,-0.07500000000000007,-0.09999999999999998,-0.1250000000000001,-0.15000000000000002,-0.17499999999999993,-0.20000000000000007
-0.20000000000000007,-0.17499999999999993,-0.15000000000000002,-0.1250000000000001,-0.09999999999999998,-0.07500000000000007,-0.04999999999999999,-0.024999999999999967,-5.551115123125783e-17,0.024999999999999967,-0.012428281648803607,0.0011561887890901845,0.003650875806989584,0.04182779334883391,0.14999999999999997,0.175,0.2,0.225,0.24999999999999997,0.27499999999999997,0.28008968093069425,0.23794071237786119,0.016760135325287917,0.003650875806989584,-0.009857620100414188,-0.023777510955090952,-0.03812132559843073,-0.052901974431849075,-0.04085094797930949,-0.055714726190206565,0.026043692321405132,0.0132171592048545,-5.551115123125783e-17,-0.024999999999999967,-0.04999999999999999,-0.07500000000000007,-0.09999999999999998,-0.1250000000000001,-0.15000000000000002,-0.17499999999999993,-0.20000000000000007
-0.20000000000000007,-0.17499999999999993,-0.15000000000000002,-0.1250000000000001,-0.09999999999999998,-0.07500000000000007,-0.04999999999999999,-0.024999999999999967,-5.551115123125783e-17,0.024999999999999967,-0.012428281648803607,0.014339177451165974,0.04182779334883391,0.06543562461542812,0.14999999999999997,0.175,0.2,0.225,0.24999999999999997,0.27499999999999997,0.24412566078130016,0.02948195767294881,0.016760135325287917,0.003650875806989584,-0.009857620100414188,-0.023777510955090952,-0.03812132559843073,-0.052901974431849075,-0.04085094797930949,-0.055714726190206565,0.0024995789817990333,0.0132171592048545,-5.551115123125783e-17,-0.024999999999999967,-0.04999999999999999,-0.07500000000000007,-0.09999999999999998,-0.1250000000000001,-0.15000000000000002,-0.17499999999999993,-0.20000000000000007
-0.20000000000000007,-0.17499999999999993,-0.15000000000000002,-0.1250000000000001,-0.09999999999999998,-0.07500000000000007,-0.04999999999999999,-0.024999999999999967,-5.551115123125783e-17,0.024999999999999967,0.014339177451165974,0.016760135325287917,0.053808754438420425,0.125,0.14999999999999997,0.175,0.2,0.225,0.24999999999999997,0.27499999999999997,0.04182779334883391,0.02948195767294881,0.016760135325287917,-0.009857620100414188,-0.023777510955090952,-0.03812132559843073,-0.03812132559843073,-0.052901974431849075,-0.10048951513069782,-0.055714726190206565,-0.026602545575913794,0.0132171592048545,-5.551115123125783e-17,-0.024999999999999967,-0.04999999999999999,-0.07500000000000007,-0.09999999999999998,-0.1250000000000001,-0.15000000000000002,-0.17499999999999993,-0.20000000000000007
-0.20000000000000007,-0.17499999999999993,-0.15000000000000002,-0.1250000000000001,-0.09999999999999998,-0.07500000000000007,-0.04999999999999999,-0.024999999999999967,-5.551115123125783e-17,0.024999999999999967,0.014339177451165974,0.016760135325287917,0.07671886884785362,0.125,0.14999999999999997,0.175,0.2,0.225,0.2499999999999999,0.2499999999999999,0.04182779334883391,0.02948195767294881,0.003650875806989584,-0.009857620100414188,-0.023777510955090952,-0.03812132559843073,-0.08430244192218639,-0.052901974431849075,-0.10048951513069782,-0.055714726190206565,-0.0710311738393049,0.0132171592048545,-5.551115123125783e-17,-0.024999999999999967,-0.04999999999999999,-0.07500000000000007,-0.09999999999999998,-0.1250000000000001,-0.15000000000000002,-0.17499999999999993,-0.20000000000000007
-0.20000000000000007,-0.17499999999999993,-0.15000000000000002,-0.1250000000000001,-0.09999999999999998,-0.07500000000000007,-0.04999999999999999,-0.024999999999999967,-5.551115123125783e-17,0.014339177451165974,0.04999999999999999,0.07500000000000001,0.09999999999999998,0.125,0.14999999999999997,0.175,0.2,0.20000000000000007,0.053808754438420425,0.04182779334883391,0.02948195767294881,0.003650875806989584,-0.009857620100414188,-0.06859376902576375,-0.03812132559843073,-0.08430244192218639,-0.052901974431849075,-0.10048951513069782,-0.055714726190206565,-0.11716955810984597,0.0132171592048545,-0.011043979133858128,-5.551115123125783e-17,-0.024999999999999967,-0.04999999999999999,-0.07500000000000007,-0.09999999999999998,-0.1250000000000001,-0.15000000000000002,-0.17499999999999993,-0.20000000000000007
-0.20000000000000007,-0.17499999999999993,-0.15000000000000002,-0.1250000000000001,-0.09999999999999998,-0.07500000000000007,-0.04999999999999999,-0.024999999999999967,-5.551115123125783e-17,0.024999999999999967,0.04999999999999999,0.07500000000000001,0.09999999999999998,0.125,0.14999999999999997,0.15000000000000002,0.15000000000000002,0.15000000000000002,0.053808754438420425,0.04182779334883391,0.016760135325287917,-0.05334935757545589,-0.023777510955090952,-0.06859376902576375,-0.03812132559843073,-0.08430244192218639,-0.052901974431849075,-0.10048951513069782,-0.0681327610370197,-0.11716955810984597,0.013217159204854445,-0.04103239533203329,-5.551115123125783e-17,-0.024999999999999967,-0.04999999999999999,-0.07500000000000007,-0.09999999999999998,-0.1250000000000001,-0.15000000000000002,-0.17499999999999993,-0.20000000000000007
-0.20000000000000007,-0.17499999999999993,-0.15000000000000002,-0.1250000000000001,-0.09999999999999998,-0.07500000000000007,-0.04999999999999999,-0.024999999999999967,-5.551115123125783e-17,0.024999999999999967,0.04999999999999999,0.07500000000000001,0.09999999999999998,0.09999999999999998,0.09999999999999998,0.09999999999999998,0.09999999999999998,0.09999999999999998,0.04182779334883391,0.016760135325287917,-0.009857620100414188,-0.05334935757545589,-0.023777510955090952,-0.06859376902576375,-0.03812132559843073,-0.08430244192218639,-0.052901974431849075,-0.10048951513069782,-0.0681327610370197,-0.11716955810984597,-0.03530511747257081,-0.08681407676338004,-5.551115123125783e-17,-0.024999999999999967,-0.04999999999999999,-0.07500000000000007,-0.09999999999999998,-0.1250000000000001,-0.15000000000000002,-0.17499999999999993,-0.20000000000000007
-0.20000000000000007,-0.17499999999999993,-0.15000000000000002,-0.1250000000000001,-0.09999999999999998,-0.07500000000000007,-0.04999999999999999,-0.024999999999999967,-5.551115123125783e-17,0.024999999999999967,0.04999999999999993,0.04999999999999993,0.04999999999999993,0.04999999999999993,0.04999999999999993,0.04999999999999993,0.04999999999999993,0.04999999999999993,0.02948195767294881,-0.038555486571928865,-0.009857620100414188,-0.05334935757545589,-0.023777510955090952,-0.06859376902576375,-0.03812132559843073,-0.08430244192218639,-0.052901974431849075,-0.10048951513069782,-0.0681327610370197,-0.11716955810984597,-0.08382739414999629,-0.1343575840242487,-5.551115123125783e-17,-0.024999999999999967,-0.04999999999999999,-0.07500000000000007,-0.09999999999999998,-0.1250000000000001,-0.15000000000000002,-0.17499999999999993,-0.20000000000000007
-0.20000000000000007,-0.17499999999999993,-0.15000000000000002,-0.1250000000000001,-0.09999999999999998,-0.07500000000000007,-0.04999999999999999,-0.024999999999999967,-1.1102230246251565e-16,-1.1102230246251565e-16,-1.1102230246251565e-16,-1.1102230246251565e-16,-1.1102230246251565e-16,-1.1102230246251565e-16,-1.1102230246251565e-16,-1.1102230246251565e-16,-1.1102230246251565e-16,-1.1102230246251565e-16,-1.1102230246251565e-16,-1.1102230246251565e-16,-1.1102230246251565e-16,-1.1102230246251565e-16,-1.1102230246251565e-16,-1.1102230246251565e-16,-1.1102230246251565e-16,-1.1102230246251565e-16,-1.1102230246251565e-16,-1.1102230246251565e-16,-1.1102230246251565e-16,-1.1102230246251565e-16,-1.1102230246251565e-16,-1.1102230246251565e-16,-1.1102230246251565e-16,-0.024999999999999967,-0.04999999999999999,-0.07500000000000007,-0.09999999999999998,-0.1250000000000001,-0.15000000000000002,-0.17499999999999993,-0.20000000000000007
-0.206155281280883,-0.18200274723201293,-0.1581138830084189,-0.1346291201783626,-0.11180339887498947,-0.09013878188659974,-0.07071067811865472,-0.05590169943749468,-0.04999999999999993,-0.04999999999999993,-0.04999999999999993,-0.04999999999999993,-0.04999999999999993,-0.04999999999999993,-0.04999999999999993,-0.04999999999999993,-0.04999999999999993,-0.04999999999999993,-0.04999999999999993,-0.04999999999999993,-0.04999999999999993,-0.04999999999999993,-0.04999999999999993,-0.04999999999999993,-0.04999999999999993,-0.04999999999999993,-0.04999999999999993,-0.04999999999999993,-0.04999999999999993,-0.04999999999999993,-0.04999999999999993,-0.04999999999999993,-0.04999999999999993,-0.05590169943749468,-0.07071067811865472,-0.09013878188659974,-0.11180339887498947,-0.1346291201783626,-0.1581138830084189,-0.18200274723201293,-0.206155281280883
-0.22360679774997894,-0.20155644370746373,-0.18027756377319937,-0.16007810593582128,-0.14142135623730956,-0.125,-0.11180339887498947,-0.10307764064044145,-0.09999999999999998,-0.09999999999999998,-0.09999999999999998,-0.09999999999999998,-0.09999999999999998,-0.09999999999999998,-0.09999999999999998,-0.09999999999999998,-0.09999999999999998,-0.09999999999999998,-0.09999999999999998,-0.09999999999999998,-0.09999999999999998,-0.09999999999999998,-0.09999999999999998,-0.09999999999999998,-0.09999999999999998,-0.09999999999999998,-0.09999999999999998,-0.09999999999999998,-0.09999999999999998,-0.09999999999999998,-0.09999999999999998,-0.09999999999999998,-0.09999999999999998,-0.10307764064044145,-0.11180339887498947,-0.125,-0.14142135623730956,-0.16007810593582128,-0.18027756377319937,-0.20155644370746373,-0.22360679774997894
-0.25,-0.23048861143232224,-0.21213203435596428,-0.19525624189766644,-0.18027756377319948,-0.16770509831248426,-0.158113883008419,-0.1520690632574555,-0.15000000000000002,-0.15000000000000002,-0.15000000000000002,-0.15000000000000002,-0.15000000000000002,-0.15000000000000002,-0.15000000000000002,-0.15000000000000002,-0.15000000000000002,-0.15000000000000002,-0.15000000000000002,-0.15000000000000002,-0.15000000000000002,-0.15000000000000002,-0.15000000000000002,-0.15000000000000002,-0.15000000000000002,-0.15000000000000002,-0.15000000000000002,-0.15000000000000002,-0.15000000000000002,-0.15000000000000002,-0.15000000000000002,-0.15000000000000002,-0.15000000000000002,-0.1520690632574555,-0.158113883008419,-0.16770509831248426,-0.18027756377319948,-0.19525624189766644,-0.21213203435596428,-0.23048861143232224,-0.25
-0.282842712474619,-0.2657536453183663,-0.25,-0.23584952830141515,-0.22360679774997905,-0.2136000936329383,-0.20615528128088312,-0.20155644370746384,-0.20000000000000007,-0.20000000000000007,-0.20000000000000007,-0.20000000000000007,-0.20000000000000007,-0.20000000000000007,-0.20000000000000007,-0.20000000000000007,-0.20000000000000007,-0.20000000000000007,-0.20000000000000007,-0.20000000000000007,-0.20000000000000007,-0.20000000000000007,-0.20000000000000007,-0.20000000000000007,-0.20000000000000007,-0.20000000000000007,-0.20000000000000007,-0.20000000000000007,-0.20000000000000007,-0.20000000000000007,-0.20000000000000007,-0.20000000000000007,-0.20000000000000007,-0.20155644370746384,-0.20615528128088312,-0.2136000936329383,-0.22360679774997905,-0.23584952830141515,-0.25,-0.2657536453183663,-0.282842712474619
-0.32015621187164256,-0.3051638903933427,-0.2915475947422651,-0.27950849718747384,-0.2692582403567253,-0.2610076627227639,-0.2549509756796394,-0.2512468905280224,-0.2500000000000001,-0.2500000000000001,-0.2500000000000001,-0.2500000000000001,-0.2500000000000001,-0.2500000000000001,-0.2500000000000001,-0.2500000000000001,-0.2500000000000001,-0.2500000000000001,-0.2500000000000001,-0.2500000000000001,-0.2500000000000001,-0.2500000000000001,-0.2500000000000001,-0.2500000000000001,-0.2500000000000001,-0.2500000000000001,-0.2500000000000001,-0.2500000000000001,-0.2500000000000001,-0.2500000000000001,-0.2500000000000001,-0.2500000000000001,-0.2500000000000001,-0.2512468905280224,-0.2549509756796394,-0.2610076627227639,-0.2692582403567253,-0.27950849718747384,-0.2915475947422651,-0.3051638903933427,-0.32015621187164256
-0.36055512754639885,-0.3473110997362451,-0.3354101966249684,-0.32499999999999996,-0.3162277660168379,-0.30923292192132446,-0.3041381265149109,-0.30103986446980724,-0.29999999999999993,-0.29999999999999993,-0.29999999999999993,-0.29999999999999993,-0.29999999999999993,-0.29999999999999993,-0.29999999999999993,-0.29999999999999993,-0.29999999999999993,-0.29999999999999993,-0.29999999999999993,-0.29999999999999993,-0.29999999999999993,-0.29999999999999993,-0.29999999999999993,-0.29999999999999993,-0.29999999999999993,-0.29999999999999993,-0.29999999999999993,-0.29999999999999993,-0.29999999999999993,-0.29999999999999993,-0.29999999999999993,-0.29999999999999993,-0.29999999999999993,-0.30103986446980724,-0.3041381265149109,-0.30923292192132446,-0.3162277660168379,-0.32499999999999996,-0.3354101966249684,-0.3473110997362451,-0.36055512754639885
-0.40311288741492746,-0.3913118960624632,-0.3807886552931954,-0.37165171868296265,-0.36400549446402586,-0.3579455265819088,-0.35355339059327373,-0.350891721190455,-0.35,-0.35,-0.35,-0.35,-0.35,-0.35,-0.35,-0.35,-0.35,-0.35,-0.35,-0.35,-0.35,-0.35,-0.35,-0.35,-0.35,-0.35,-0.35,-0.35,-0.35,-0.35,-0.35,-0.35,-0.35,-0.350891721190455,-0.35355339059327373,-0.3579455265819088,-0.36400549446402586,-0.37165171868296265,-0.3807886552931954,-0.3913118960624632,-0.40311288741492746
-0.447213595499958,-0.4366062299143245,-0.4272001872658766,-0.41907636535600534,-0.4123105625617661,-0.4069705149024927,-0.40311288741492757,-0.40078048854703496,-0.4,-0.4,-0.4,-0.4,-0.4,-0.4,-0.4,-0.4,-0.4,-0.4,-0.4,-0.4,-0.4,-0.4,-0.4,-0.4,-0.4,-0.4,-0.4,-0.4,-0.4,-0.4,-0.4,-0.4,-0.4,-0.40078048854703496,-0.40311288741492757,-0.4069705149024927,-0.4123105625617661,-0.41907636535600534,-0.4272001872658766,-0.4366062299143245,-0.447213595499958
