-2.23606797749979,-2.1990721605592984,-2.164839627373099,-2.1335033945822257,-2.105192802261559,-2.080031396937291,-2.0581346815373713,-2.0396078054371145,-2.024543284349357,-2.0130188518638326,-2.0050955496597425,-2.0008161600013254,-2.0,-2.0,-2.0,-2.0,-2.0,-2.0,-2.0,-2.0,-2.0,-2.0,-2.0,-2.0,-2.0,-2.0,-2.0,-2.0,-2.0,-2.0,-2.0,-2.0,-2.0,-2.0,-2.0,-2.0,-2.0,-2.0,-2.0,-2.0,-2.0,-2.0,-2.0,-2.0,-2.0,-2.0,-2.0,-2.0,-2.0,-2.0,-2.0,-2.0,-2.0,-2.0,-2.0,-2.0,-2.0,-2.0,-2.0,-2.0008161600013254,-2.0050955496597425,-2.0130188518638334,-2.024543284349358,-2.0396078054371145,-2.0581346815373713,-2.080031396937291,-2.105192802261559,-2.1335033945822257,-2.164839627373099,-2.1990721605592984,-2.23606797749979
-2.1092604371762,-2.069999507049138,-2.033595388488486,-2.000204071221388,-1.9699787629643666,-1.9430672155336355,-1.9196088036846657,-1.8997314525576332,-1.8835485398685154,-1.8711559234323367,-1.8626292586293287,-1.85802177004447,-1.8571428571428577,-1.8571428571428577,-1.8571428571428577,-1.8571428571428577,-1.8571428571428577,-1.8571428571428577,-1.8571428571428577,-1.8571428571428577,-1.8571428571428577,-1.8571428571428577,-1.8571428571428577,-1.8571428571428577,-1.8571428571428577,-1.8571428571428577,-1.8571428571428577,-1.8571428571428577,-1.8571428571428577,-1.8571428571428577,-1.8571428571428577,-1.8571428571428577,-1.8571428571428577,-1.8571428571428577,-1.8571428571428577,-1.8571428571428577,-1.8571428571428577,-1.8571428571428577,-1.8571428571428577,-1.8571428571428577,-1.8571428571428577,-1.8571428571428577,-1.8571428571428577,-1.8571428571428577,-1.8571428571428577,-1.8571428571428577,-1.8571428571428577,-1.8571428571428577,-1.8571428571428577,-1.8571428571428577,-1.8571428571428577,-1.8571428571428577,-1.8571428571428577,-1.8571428571428577,-1.8571428571428577,-1.8571428571428577,-1.8571428571428577,-1.8571428571428577,-1.8571428571428577,-1.85802177004447,-1.8626292586293287,-1.8711559234323367,-1.8835485398685154,-1.8997314525576332,-1.9196088036846657,-1.9430672155336355,-1.9699787629643666,-2.000204071221388,-2.033595388488486,-2.069999507049138,-2.1092604371762
-1.9846348556356856,-1.9428571428571422,-1.9040236664624146,-1.8683180256310639,-1.8359227230191246,-1.8070158058105017,-1.781767066019298,-1.7603339200856407,-1.742857142857142,-1.7294566800481772,-1.7202277969703275,-1.7152378308347003,-1.7142857142857135,-1.7142857142857135,-1.7142857142857135,-1.7142857142857135,-1.7142857142857135,-1.7142857142857135,-1.7142857142857135,-1.7142857142857135,-1.7142857142857135,-1.7142857142857135,-1.7142857142857135,-1.7142857142857135,-1.7142857142857135,-1.7142857142857135,-1.7142857142857135,-1.7142857142857135,-1.7142857142857135,-1.7142857142857135,-1.7142857142857135,-1.7142857142857135,-1.7142857142857135,-1.7142857142857135,-1.7142857142857135,-1.7142857142857135,-1.7142857142857135,-1.7142857142857135,-1.7142857142857135,-1.7142857142857135,-1.7142857142857135,-1.7142857142857135,-1.7142857142857135,-1.7142857142857135,-1.7142857142857135,-1.7142857142857135,-1.7142857142857135,-1.7142857142857135,-1.7142857142857135,-1.7142857142857135,-1.7142857142857135,-1.7142857142857135,-1.7142857142857135,-1.7142857142857135,-1.7142857142857135,-1.7142857142857135,-1.7142857142857135,-1.7142857142857135,-1.7142857142857135,-1.7152378308347003,-1.7202277969703275,-1.7294566800481772,-1.742857142857142,-1.7603339200856407,-1.781767066019298,-1.8070158058105017,-1.8359227230191246,-1.8683180256310639,-1.9040236664624146,-1.9428571428571422,-1.9846348556356856
-1.8626292586293278,-1.8180500879923471,-1.7764904636239782,-1.7381669913434434,-1.703298121233015,-1.6720999872456606,-1.6447814816713433,-1.621538699847167,-1.6025489899863037,-1.5879649407531717,-1.577908716741037,-1.5724671892362299,-1.5714285714285712,-1.5714285714285712,-1.5714285714285712,-1.5714285714285712,-1.5714285714285712,-1.5714285714285712,-1.5714285714285712,-1.5714285714285712,-1.5714285714285712,-1.5714285714285712,-1.5714285714285712,-1.5714285714285712,-1.5714285714285712,-1.5714285714285712,-1.5714285714285712,-1.5714285714285712,-1.5714285714285712,-1.5714285714285712,-1.5714285714285712,-1.5714285714285712,-1.5714285714285712,-1.5714285714285712,-1.5714285714285712,-1.5714285714285712,-1.5714285714285712,-1.5714285714285712,-1.5714285714285712,-1.5714285714285712,-1.5714285714285712,-1.5714285714285712,-1.5714285714285712,-1.5714285714285712,-1.5714285714285712,-1.5714285714285712,-1.5714285714285712,-1.5714285714285712,-1.5714285714285712,-1.5714285714285712,-1.5714285714285712,-1.5714285714285712,-1.5714285714285712,-1.5714285714285712,-1.5714285714285712,-1.5714285714285712,-1.5714285714285712,-1.5714285714285712,-1.5714285714285712,-1.5724671892362299,-1.577908716741037,-1.5879649407531717,-1.6025489899863037,-1.621538699847167,-1.6447814816713433,-1.6720999872456606,-1.703298121233015,-1.7381669913434434,-1.7764904636239782,-1.8180500879923471,-1.8626292586293278
-1.743793659390529,-1.6960939519606666,-1.6514681161849634,-1.610171748983471,-1.5724671892362303,-1.5386185163241444,-1.5088852487441025,-1.4835148555139623,-1.4627343698480235,-1.4467415887053905,-1.4356965173029845,-1.429713828936778,-1.4285714285714288,-1.4285714285714288,-1.4285714285714288,-1.4285714285714288,-1.4285714285714288,-1.4285714285714288,-1.4285714285714288,-1.4285714285714288,-1.4285714285714288,-1.4285714285714288,-1.4285714285714288,-1.4285714285714288,-1.4285714285714288,-1.4285714285714288,-1.4285714285714288,-1.4285714285714288,-1.4285714285714288,-1.4285714285714288,-1.4285714285714288,-1.4285714285714288,-1.4285714285714288,-1.4285714285714288,-1.4285714285714288,-1.4285714285714288,-1.4285714285714288,-1.4285714285714288,-1.4285714285714288,-1.4285714285714288,-1.4285714285714288,-1.4285714285714288,-1.4285714285714288,-1.4285714285714288,-1.4285714285714288,-1.4285714285714288,-1.4285714285714288,-1.4285714285714288,-1.4285714285714288,-1.4285714285714288,-1.4285714285714288,-1.4285714285714288,-1.4285714285714288,-1.4285714285714288,-1.4285714285714288,-1.4285714285714288,-1.4285714285714288,-1.4285714285714288,-1.4285714285714288,-1.429713828936778,-1.4356965173029845,-1.4467415887053905,-1.4627343698480235,-1.4835148555139623,-1.5088852487441025,-1.5386185163241448,-1.5724671892362307,-1.610171748983471,-1.651468116184963,-1.696093951960667,-1.743793659390529
-1.628822035855912,-1.577650021974689,-1.5295724359227636,-1.4848898811641473,-1.4439175735420893,-1.4069796859708728,-1.3744015395206515,-1.3464996191940783,-1.323569693931483,-1.3058737008030223,-1.2936264483053463,-1.2869835005205958,-1.2857142857142865,-1.2857142857142865,-1.2857142857142865,-1.2857142857142865,-1.2857142857142865,-1.2857142857142865,-1.2857142857142865,-1.2857142857142865,-1.2857142857142865,-1.2857142857142865,-1.2857142857142865,-1.2857142857142865,-1.2857142857142865,-1.2857142857142865,-1.2857142857142865,-1.2857142857142865,-1.2857142857142865,-1.2857142857142865,-1.2857142857142865,-1.2857142857142865,-1.2857142857142865,-1.2857142857142865,-1.2857142857142865,-1.2857142857142865,-1.2857142857142865,-1.2857142857142865,-1.2857142857142865,-1.2857142857142865,-1.2857142857142865,-1.2857142857142865,-1.2857142857142865,-1.2857142857142865,-1.2857142857142865,-1.2857142857142865,-1.2857142857142865,-1.2857142857142865,-1.2857142857142865,-1.2857142857142865,-1.2857142857142865,-1.2857142857142865,-1.2857142857142865,-1.2857142857142865,-1.2857142857142865,-1.2857142857142865,-1.2857142857142865,-1.2857142857142865,-1.2857142857142865,-1.2869835005205958,-1.293626448305346,-1.3058737008030228,-1.323569693931483,-1.3464996191940788,-1.3744015395206515,-1.4069796859708732,-1.4439175735420897,-1.4848898811641473,-1.5295724359227632,-1.577650021974689,-1.628822035855912
-1.5185922589620926,-1.4635712542703652,-1.4116136373754995,-1.3630697647858927,-1.318316799435351,-1.2777531299998794,-1.2417893606914698,-1.2108354343095478,-1.1852839150109444,-1.1654901745354929,-1.151751106899792,-1.1442848225429012,-1.1428571428571423,-1.1428571428571423,-1.1428571428571423,-1.1428571428571423,-1.1428571428571423,-1.1428571428571423,-1.1428571428571423,-1.1428571428571423,-1.1428571428571423,-1.1428571428571423,-1.1428571428571423,-1.1428571428571423,-1.1428571428571423,-1.1428571428571423,-1.1428571428571423,-1.1428571428571423,-1.1428571428571423,-1.1428571428571423,-1.1428571428571423,-1.1428571428571423,-1.1428571428571423,-1.1428571428571423,-1.1428571428571423,-1.1428571428571423,-1.1428571428571423,-1.1428571428571423,-1.1428571428571423,-1.1428571428571423,-1.1428571428571423,-1.1428571428571423,-1.1428571428571423,-1.1428571428571423,-1.1428571428571423,-1.1428571428571423,-1.1428571428571423,-1.1428571428571423,-1.1428571428571423,-1.1428571428571423,-1.1428571428571423,-1.1428571428571423,-1.1428571428571423,-1.1428571428571423,-1.1428571428571423,-1.1428571428571423,-1.1428571428571423,-1.1428571428571423,-1.1428571428571423,-1.1442848225429012,-1.151751106899792,-1.1654901745354933,-1.1852839150109449,-1.2108354343095478,-1.2417893606914698,-1.2777531299998799,-1.3183167994353515,-1.3630697647858927,-1.4116136373754995,-1.4635712542703652,-1.5185922589620926
-1.414213562373095,-1.3549606515862145,-1.2986649345558297,-1.2457273918052367,-1.1965938052212528,-1.151751106899793,-1.1117186547624982,-1.0770329614269007,-1.0482249330196654,-1.0257898897723567,-1.010152544552211,-1.0016313224547488,-1.0,-1.0,-1.0,-1.0,-1.0,-1.0,-1.0,-1.0,-1.0,-1.0,-1.0,-1.0,-1.0,-1.0,-1.0,-1.0,-1.0,-1.0,-1.0,-1.0,-1.0,-1.0,-1.0,-1.0,-1.0,-1.0,-1.0,-1.0,-1.0,-1.0,-1.0,-1.0,-1.0,-1.0,-1.0,-1.0,-1.0,-1.0,-1.0,-1.0,-1.0,-1.0,-1.0,-1.0,-1.0,-1.0,-1.0,-1.0016313224547488,-1.0101525445522106,-1.0257898897723567,-1.0482249330196654,-1.0770329614269007,-1.1117186547624982,-1.151751106899793,-1.1965938052212532,-1.2457273918052367,-1.2986649345558297,-1.3549606515862145,-1.414213562373095
-1.3170777796132702,-1.2532406971120755,-1.1921512025728611,-1.1342533280730978,-1.0800604669391891,-1.030157507275426,-0.9851965514038099,-0.9458825918426776,-0.9129454462097408,-0.8870956969291446,-0.8689660757568891,-0.8590455073355954,-0.8571428571428577,-0.8571428571428577,-0.8571428571428577,-0.8571428571428577,-0.8571428571428577,-0.8571428571428577,-0.8571428571428577,-0.8571428571428577,-0.8571428571428577,-0.8571428571428577,-0.8571428571428577,-0.8571428571428577,-0.8571428571428577,-0.8571428571428577,-0.8571428571428577,-0.8571428571428577,-0.8571428571428577,-0.8571428571428577,-0.8571428571428577,-0.8571428571428577,-0.8571428571428577,-0.8571428571428577,-0.8571428571428577,-0.8571428571428577,-0.8571428571428577,-0.8571428571428577,-0.8571428571428577,-0.8571428571428577,-0.8571428571428577,-0.8571428571428577,-0.8571428571428577,-0.8571428571428577,-0.8571428571428577,-0.8571428571428577,-0.8571428571428577,-0.8571428571428577,-0.8571428571428577,-0.8571428571428577,-0.8571428571428577,-0.8571428571428577,-0.8571428571428577,-0.8571428571428577,-0.8571428571428577,-0.8571428571428577,-0.8571428571428577,-0.8571428571428577,-0.8571428571428577,-0.8590455073355949,-0.8689660757568891,-0.887095696929145,-0.9129454462097408,-0.9458825918426776,-0.9851965514038099,-1.030157507275426,-1.0800604669391891,-1.1342533280730978,-1.1921512025728611,-1.2532406971120755,-1.3170777796132702
-1.2289036095775185,-1.1602251716712546,-1.0939536982329514,-1.0305536455355107,-0.9705878715121736,-0.9147320339189786,-0.863783797590342,-0.8186599303939666,-0.7803714447855814,-0.7499659856232399,-0.7284313590846843,-0.7165677830848263,-0.7142857142857149,-0.7142857142857149,-0.7142857142857149,-0.7142857142857149,-0.7142857142857149,-0.7142857142857149,-0.7142857142857149,-0.7142857142857149,-0.7142857142857149,-0.7142857142857149,-0.7142857142857149,-0.7142857142857149,-0.7142857142857149,-0.7142857142857149,-0.7142857142857149,-0.7142857142857149,-0.7142857142857149,-0.7142857142857149,-0.7142857142857149,-0.7142857142857149,-0.7142857142857149,-0.7142857142857149,-0.7142857142857149,-0.7142857142857149,-0.7142857142857149,-0.7142857142857149,-0.7142857142857149,-0.7142857142857149,-0.7142857142857149,-0.7142857142857149,-0.7142857142857149,-0.7142857142857149,-0.7142857142857149,-0.7142857142857149,-0.7142857142857149,-0.7142857142857149,-0.7142857142857149,-0.7142857142857149,-0.7142857142857149,-0.7142857142857149,-0.7142857142857149,-0.7142857142857149,-0.7142857142857149,-0.7142857142857149,-0.7142857142857149,-0.7142857142857149,-0.7142857142857149,-0.7165677830848263,-0.7284313590846838,-0.7499659856232399,-0.7803714447855814,-0.8186599303939666,-0.863783797590342,-0.9147320339189795,-0.9705878715121736,-1.0305536455355107,-1.0939536982329514,-1.160225171671255,-1.2289036095775185
-1.151751106899793,-1.0781692722350407,-1.0065094259319167,-0.9372125409632419,-0.8708428945216102,-0.8081220356417691,-0.7499659856232399,-0.697517463756212,-0.6521549834579048,-0.6154474065296585,-0.5890150893739521,-0.5742786069211943,-0.5714285714285721,-0.5714285714285721,-0.5714285714285721,-0.5714285714285721,-0.5714285714285721,-0.5714285714285721,-0.5714285714285721,-0.5714285714285721,-0.5714285714285721,-0.5714285714285721,-0.5714285714285721,-0.5714285714285721,-0.5714285714285721,-0.5714285714285721,-0.5714285714285721,-0.5714285714285721,-0.5714285714285721,-0.5714285714285721,-0.5714285714285721,-0.5714285714285721,-0.5714285714285721,-0.5714285714285721,-0.5714285714285721,-0.5714285714285721,-0.5714285714285721,-0.5714285714285721,-0.5714285714285721,-0.5714285714285721,-0.5714285714285721,-0.5714285714285721,-0.5714285714285721,-0.5714285714285721,-0.5714285714285721,-0.5714285714285721,-0.5714285714285721,-0.5714285714285721,-0.5714285714285721,-0.5714285714285721,-0.5714285714285721,-0.5714285714285721,-0.5714285714285721,-0.5714285714285721,-0.5714285714285721,-0.5714285714285721,-0.5714285714285721,-0.5714285714285721,-0.5714285714285721,-0.5742786069211943,-0.5890150893739521,-0.6154474065296585,-0.6521549834579052,-0.6975174637562125,-0.7499659856232399,-0.8081220356417695,-0.8708428945216102,-0.9372125409632419,-1.0065094259319167,-1.078169272235041,-1.151751106899793
-1.0879675865519869,-1.0097484026898451,-0.9328472981322578,-0.8576189154173508,-0.7845445838711989,-0.7142857142857144,-0.6477590885002646,-0.5862367008195202,-0.531459292506808,-0.48571428571428577,-0.4517539514526261,-0.43236417001204464,-0.4285714285714288,-0.4285714285714288,-0.4285714285714288,-0.4285714285714288,-0.4285714285714288,-0.4285714285714288,-0.4285714285714288,-0.4285714285714288,-0.4285714285714288,-0.4285714285714288,-0.4285714285714288,-0.4285714285714288,-0.4285714285714288,-0.4285714285714288,-0.4285714285714288,-0.4285714285714288,-0.4285714285714288,-0.4285714285714288,-0.4285714285714288,-0.4285714285714288,-0.4285714285714288,-0.4285714285714288,-0.4285714285714288,-0.4285714285714288,-0.4285714285714288,-0.4285714285714288,-0.4285714285714288,-0.4285714285714288,-0.4285714285714288,-0.4285714285714288,-0.4285714285714288,-0.4285714285714288,-0.4285714285714288,-0.4285714285714288,-0.4285714285714288,-0.4285714285714288,-0.4285714285714288,-0.4285714285714288,-0.4285714285714288,-0.4285714285714288,-0.4285714285714288,-0.4285714285714288,-0.4285714285714288,-0.4285714285714288,-0.4285714285714288,-0.4285714285714288,-0.4285714285714288,-0.43236417001204464,-0.45175395145262565,-0.4857142857142862,-0.5314592925068085,-0.5862367008195202,-0.6477590885002651,-0.7142857142857149,-0.7845445838711993,-0.8576189154173508,-0.9328472981322573,-1.0097484026898456,-1.0879675865519869
-1.040015698468645,-0.9578888350994403,-0.8764492371530266,-0.7959079015533783,-0.7165677830848258,-0.6388765649999399,-0.563516654951886,-0.491561443831007,-0.4247448213519567,-0.36589281356759074,-0.31943828249996953,-0.291372543633873,-0.28571428571428514,-0.28571428571428514,-0.28571428571428514,-0.28571428571428514,-0.28571428571428514,-0.28571428571428514,-0.28571428571428514,-0.28571428571428514,-0.28571428571428514,-0.28571428571428514,-0.28571428571428514,-0.28571428571428514,-0.28571428571428514,-0.28571428571428514,-0.28571428571428514,-0.28571428571428514,-0.28571428571428514,-0.28571428571428514,-0.28571428571428514,-0.28571428571428514,-0.28571428571428514,-0.28571428571428514,-0.28571428571428514,-0.28571428571428514,-0.28571428571428514,-0.28571428571428514,-0.28571428571428514,-0.28571428571428514,-0.28571428571428514,-0.28571428571428514,-0.28571428571428514,-0.28571428571428514,-0.28571428571428514,-0.28571428571428514,-0.28571428571428514,-0.28571428571428514,-0.28571428571428514,-0.28571428571428514,-0.28571428571428514,-0.28571428571428514,-0.28571428571428514,-0.28571428571428514,-0.28571428571428514,-0.28571428571428514,-0.28571428571428514,-0.28571428571428514,-0.28571428571428514,-0.291372543633873,-0.3194382824999691,-0.3658928135675916,-0.42474482135195757,-0.4915614438310074,-0.563516654951886,-0.6388765649999404,-0.7165677830848258,-0.7959079015533783,-0.8764492371530261,-0.9578888350994408,-1.040015698468645
-1.0101525445522106,-0.925379128040094,-0.840796512546409,-0.756468702564213,-0.6724915597679897,-0.5890150893739516,-0.5062870041905527,-0.4247448213519571,-0.34522988495984475,-0.26954231805876017,-0.20203050891044194,-0.15386185163241395,-0.14285714285714235,-0.14285714285714235,-0.14285714285714235,-0.14285714285714235,-0.14285714285714235,-0.14285714285714235,-0.14285714285714235,-0.14285714285714235,-0.14285714285714235,-0.14285714285714235,-0.14285714285714235,-0.14285714285714235,-0.14285714285714235,-0.14285714285714235,-0.14285714285714235,-0.14285714285714235,-0.14285714285714235,-0.14285714285714235,-0.14285714285714235,-0.14285714285714235,-0.14285714285714235,-0.14285714285714235,-0.14285714285714235,-0.14285714285714235,-0.14285714285714235,-0.14285714285714235,-0.14285714285714235,-0.14285714285714235,-0.14285714285714235,-0.14285714285714235,-0.14285714285714235,-0.14285714285714235,-0.14285714285714235,-0.14285714285714235,-0.14285714285714235,-0.14285714285714235,-0.14285714285714235,-0.14285714285714235,-0.14285714285714235,-0.14285714285714235,-0.14285714285714235,-0.14285714285714235,-0.14285714285714235,-0.14285714285714235,-0.14285714285714235,-0.14285714285714235,-0.14285714285714235,-0.15386185163241395,-0.2020305089104415,-0.2695423180587606,-0.3452298849598452,-0.42474482135195757,-0.5062870041905527,-0.5890150893739521,-0.6724915597679901,-0.756468702564213,-0.840796512546409,-0.9253791280400945,-1.0101525445522106
-1.0,-0.9142857142857146,-0.8285714285714283,-0.7428571428571429,-0.657142857142857,-0.5714285714285716,-0.48571428571428577,-0.3999999999999999,-0.31428571428571406,-0.22857142857142865,-0.14285714285714324,-0.05714285714285694,-0.22610802107438976,-0.140479406802958,-0.140479406802958,-0.05485079253152536,-0.2236470757535547,-0.13810404729635506,-0.05256101883915498,-0.14047940680295712,-0.13573106196197493,-0.13810404729635417,-0.1333604484268318,-0.04798833505449007,-0.13573106196197404,-0.13099220432031222,-0.04570542038951109,-0.04570542038951109,-0.13336044842683092,-0.0434247874981204,-0.0434247874981204,-0.04114643409968455,-0.04114643409968455,-0.12390166490188381,-0.12390166490188381,-0.03887035791585003,-0.03887035791585003,-0.036596556670540625,-0.036596556670540625,-0.034325028089954746,-0.03205576990256365,-0.03205576990256365,-0.027524055632600408,-0.027524055632600408,-0.027524055632600408,-0.027524055632600408,-0.02526159501831371,-0.020743455518823506,-0.016234343268074714,-0.016234343268074714,0.0,0.0,0.0,0.0,0.0,0.0,0.0,0.0,0.0,-0.05714285714285694,-0.14285714285714235,-0.22857142857142954,-0.31428571428571495,-0.40000000000000036,-0.48571428571428577,-0.5714285714285721,-0.6571428571428575,-0.7428571428571429,-0.8285714285714283,-0.9142857142857146,-1.0
-1.0,-0.9142857142857146,-0.8285714285714283,-0.7428571428571429,-0.657142857142857,-0.5714285714285716,-0.48571428571428577,-0.3999999999999999,-0.31428571428571406,-0.22857142857142865,-0.14285714285714324,-0.05714285714285694,-0.22610802107438976,-0.140479406802958,-0.05485079253152536,-0.2236470757535547,-0.13810404729635506,-0.05256101883915498,-0.14047940680295712,-0.13573106196197493,-0.05027353377597166,-0.13810404729635417,-0.1333604484268318,-0.04798833505449007,-0.13573106196197404,-0.13099220432031222,-0.04570542038951109,-0.1286263272741719,-0.0434247874981204,-0.0434247874981204,-0.1262628149225331,-0.04114643409968455,-0.04114643409968455,-0.03887035791585003,-0.03887035791585003,-0.036596556670540625,-0.034325028089954746,-0.034325028089954746,-0.034325028089954746,-0.02978877983910877,-0.02978877983910877,-0.02978877983910877,-0.027524055632600408,-0.02300139573378779,-0.01848777211548036,-0.01848777211548036,-0.01848777211548036,0.06578168656751204,0.14285714285714324,0.14285714285714324,0.14285714285714324,0.14285714285714324,0.14285714285714324,0.14285714285714324,0.14285714285714324,0.14285714285714324,0.14285714285714324,0.11428571428571477,0.028571428571428026,-0.05714285714285694,-0.14285714285714235,-0.22857142857142954,-0.31428571428571495,-0.40000000000000036,-0.48571428571428577,-0.5714285714285721,-0.6571428571428575,-0.7428571428571429,-0.8285714285714283,-0.9142857142857146,-1.0
-1.0,-0.9142857142857146,-0.8285714285714283,-0.7428571428571429,-0.657142857142857,-0.5714285714285716,-0.48571428571428577,-0.3999999999999999,-0.31428571428571406,-0.22857142857142865,-0.14285714285714324,-0.05714285714285694,-0.22610802107438976,-0.140479406802958,-0.05485079253152536,-0.2236470757535547,-0.13810404729635506,-0.05256101883915498,-0.2211885901479782,-0.13573106196197493,-0.05027353377597166,-0.13810404729635417,-0.1333604484268318,-0.04798833505449007,-0.13099220432031222,-0.04570542038951109,-0.04570542038951109,-0.1286263272741719,-0.0434247874981204,-0.0434247874981204,-0.04114643409968455,-0.04114643409968455,-0.03887035791585003,-0.036596556670540625,-0.036596556670540625,-0.036596556670540625,-0.03205576990256365,-0.03205576990256365,-0.03205576990256365,-0.02978877983910877,-0.02526159501831371,-0.020743455518823506,-0.020743455518823506,-0.020743455518823506,0.06361031477162937,0.15005114525050445,0.2857142857142856,0.2857142857142856,0.2857142857142856,0.2857142857142856,0.2857142857142856,0.2857142857142856,0.2857142857142856,0.2857142857142856,0.2857142857142856,0.2857142857142856,0.20000000000000018,0.11428571428571477,0.028571428571428026,-0.05714285714285694,-0.14285714285714235,-0.22857142857142954,-0.31428571428571495,-0.40000000000000036,-0.48571428571428577,-0.5714285714285721,-0.6571428571428575,-0.7428571428571429,-0.8285714285714283,-0.9142857142857146,-1.0
-1.0,-0.9142857142857146,-0.8285714285714283,-0.7428571428571429,-0.657142857142857,-0.5714285714285716,-0.48571428571428577,-0.3999999999999999,-0.31428571428571406,-0.22857142857142865,-0.14285714285714324,-0.05714285714285694,-0.22610802107438976,-0.140479406802958,-0.05485079253152536,-0.2236470757535547,-0.13810404729635506,-0.05256101883915498,-0.2211885901479782,-0.13573106196197493,-0.05027353377597166,-0.1333604484268318,-0.04798833505449007,-0.04798833505449007,-0.13099220432031222,-0.04570542038951109,-0.04570542038951109,-0.0434247874981204,-0.0434247874981204,-0.04114643409968455,-0.03887035791585003,-0.03887035791585003,-0.03887035791585003,-0.034325028089954746,-0.034325028089954746,-0.034325028089954746,-0.03205576990256365,-0.027524055632600408,-0.02300139573378779,-0.02300139573378779,-0.02300139573378779,0.061436770517903305,0.1479640850620827,0.31475126927297703,0.3166716256429891,0.3166716256429891,0.4285714285714288,0.4285714285714288,0.4285714285714288,0.4285714285714288,0.4285714285714288,0.4285714285714288,0.4285714285714288,0.4285714285714288,0.37142857142857144,0.28571428571428603,0.20000000000000018,0.11428571428571477,0.028571428571428026,-0.05714285714285694,-0.14285714285714235,-0.22857142857142954,-0.31428571428571495,-0.40000000000000036,-0.48571428571428577,-0.5714285714285721,-0.6571428571428575,-0.7428571428571429,-0.8285714285714283,-0.9142857142857146,-1.0
-1.0,-0.9142857142857146,-0.8285714285714283,-0.7428571428571429,-0.657142857142857,-0.5714285714285716,-0.48571428571428577,-0.3999999999999999,-0.31428571428571406,-0.22857142857142865,-0.14285714285714324,-0.05714285714285694,-0.22610802107438976,-0.140479406802958,-0.05485079253152536,-0.2236470757535547,-0.13810404729635506,-0.05256101883915498,-0.13573106196197493,-0.05027353377597166,-0.05027353377597166,-0.1333604484268318,-0.04798833505449007,-0.04798833505449007,-0.04570542038951109,-0.04570542038951109,-0.0434247874981204,-0.04114643409968455,-0.04114643409968455,-0.04114643409968455,-0.036596556670540625,-0.036596556670540625,-0.036596556670540625,-0.034325028089954746,-0.02978877983910877,-0.02526159501831371,-0.02526159501831371,-0.02526159501831371,0.05926105163278894,0.1458749367695944,0.31282899158609667,0.31475126927297703,0.31475126927297703,0.48362760177635966,0.5680657680280503,0.5680657680280503,0.5714285714285712,0.5714285714285712,0.5714285714285712,0.5714285714285712,0.5714285714285712,0.5714285714285712,0.5428571428571427,0.4571428571428573,0.37142857142857144,0.28571428571428603,0.20000000000000018,0.11428571428571477,0.028571428571428026,-0.05714285714285694,-0.14285714285714235,-0.22857142857142954,-0.31428571428571495,-0.40000000000000036,-0.48571428571428577,-0.5714285714285721,-0.6571428571428575,-0.7428571428571429,-0.8285714285714283,-0.9142857142857146,-1.0
-1.0,-0.9142857142857146,-0.8285714285714283,-0.7428571428571429,-0.657142857142857,-0.5714285714285716,-0.48571428571428577,-0.3999999999999999,-0.31428571428571406,-0.22857142857142865,-0.14285714285714324,-0.05714285714285694,-0.22610802107438976,-0.140479406802958,-0.05485079253152536,-0.13810404729635506,-0.05256101883915498,-0.05256101883915498,-0.13573106196197493,-0.05027353377597166,-0.05027353377597166,-0.04798833505449007,-0.04798833505449007,-0.04570542038951109,-0.0434247874981204,-0.0434247874981204,-0.0434247874981204,-0.03887035791585003,-0.03887035791585003,-0.03887035791585003,-0.036596556670540625,-0.03205576990256365,-0.027524055632600408,-0.027524055632600408,-0.027524055632600408,0.05708315594056712,0.14378369828389115,0.31090479066007015,0.31282899158609667,0.31282899158609667,0.481874284888302,0.566396931539404,0.566396931539404,0.6509195781905064,0.7142857142857135,0.7142857142857135,0.7142857142857135,0.7142857142857135,0.7142857142857135,0.7142857142857135,0.7142857142857135,0.6285714285714286,0.5428571428571427,0.4571428571428573,0.37142857142857144,0.28571428571428603,0.20000000000000018,0.11428571428571477,0.028571428571428026,-0.05714285714285694,-0.14285714285714235,-0.22857142857142954,-0.31428571428571495,-0.40000000000000036,-0.48571428571428577,-0.5714285714285721,-0.6571428571428575,-0.7428571428571429,-0.8285714285714283,-0.9142857142857146,-1.0
-1.0,-0.9142857142857146,-0.8285714285714283,-0.7428571428571429,-0.657142857142857,-0.5714285714285716,-0.48571428571428577,-0.3999999999999999,-0.31428571428571406,-0.22857142857142865,-0.14285714285714324,-0.05714285714285694,-0.140479406802958,-0.05485079253152536,-0.05485079253152536,-0.13810404729635506,-0.05256101883915498,-0.05256101883915498,-0.05027353377597166,-0.05027353377597166,-0.04798833505449007,-0.04570542038951109,-0.04570542038951109,-0.04570542038951109,-0.04114643409968455,-0.04114643409968455,-0.04114643409968455,-0.03887035791585003,-0.034325028089954746,-0.02978877983910877,-0.02978877983910877,-0.02978877983910877,0.0549030812633422,0.14169036751373465,0.3089786645706962,0.31090479066007015,0.31090479066007015,0.48011921380640543,0.5647264253795725,0.5647264253795725,0.64933363695274,0.8571428571428568,0.8571428571428568,0.8571428571428568,0.8571428571428568,0.8571428571428568,0.8571428571428568,0.8571428571428568,0.8571428571428568,0.7999999999999998,0.714285714285714,0.6285714285714286,0.5428571428571427,0.4571428571428573,0.37142857142857144,0.28571428571428603,0.20000000000000018,0.11428571428571477,0.028571428571428026,-0.05714285714285694,-0.14285714285714235,-0.22857142857142954,-0.31428571428571495,-0.40000000000000036,-0.48571428571428577,-0.5714285714285721,-0.6571428571428575,-0.7428571428571429,-0.8285714285714283,-0.9142857142857146,-1.0
-1.0,-0.9142857142857146,-0.8285714285714283,-0.7428571428571429,-0.657142857142857,-0.5714285714285716,-0.48571428571428577,-0.3999999999999999,-0.31428571428571406,-0.22857142857142865,-0.14285714285714324,-0.05714285714285694,-0.140479406802958,-0.05485079253152536,-0.13810404729635506,-0.05256101883915498,-0.05256101883915498,-0.05027353377597166,-0.05027353377597166,-0.04798833505449007,-0.04798833505449007,-0.04570542038951109,-0.0434247874981204,-0.0434247874981204,-0.04114643409968455,-0.036596556670540625,-0.036596556670540625,-0.03205576990256365,-0.03205576990256365,0.0527208254210394,0.13959494236579362,0.30705061139184897,0.3089786645706962,0.3089786645706962,0.47836238677559906,0.5630542478780498,0.5630542478780498,0.647746108980501,0.8157101833334672,0.9018216922878548,0.9018216922878548,1.0,1.0,1.0,1.0,1.0,1.0,0.971428571428572,0.8857142857142852,0.7999999999999998,0.714285714285714,0.6285714285714286,0.5428571428571427,0.4571428571428573,0.37142857142857144,0.28571428571428603,0.20000000000000018,0.11428571428571477,0.028571428571428026,-0.05714285714285694,-0.14285714285714235,-0.22857142857142954,-0.31428571428571495,-0.40000000000000036,-0.48571428571428577,-0.5714285714285721,-0.6571428571428575,-0.7428571428571429,-0.8285714285714283,-0.9142857142857146,-1.0
-1.0,-0.9142857142857146,-0.8285714285714283,-0.7428571428571429,-0.657142857142857,-0.5714285714285716,-0.48571428571428577,-0.3999999999999999,-0.31428571428571406,-0.22857142857142865,-0.14285714285714324,-0.05714285714285694,-0.140479406802958,-0.05485079253152536,-0.13810404729635506,-0.05256101883915498,-0.13573106196197493,-0.05027353377597166,-0.05027353377597166,-0.04798833505449007,-0.04570542038951109,-0.04570542038951109,-0.0434247874981204,-0.03887035791585003,-0.03887035791585003,-0.034325028089954746,-0.034325028089954746,0.05053638623140255,0.13749742074464244,0.30512062919547467,0.30705061139184897,0.30705061139184897,0.4766038020390553,0.5613803973626579,0.5613803973626579,0.6461569926862609,0.8142891151236185,0.9004867786570703,0.9004867786570703,1.0688733580876906,1.0700399693042768,1.1428571428571426,1.1428571428571426,1.1428571428571426,1.1428571428571426,1.1428571428571426,1.0571428571428574,0.971428571428572,0.8857142857142852,0.7999999999999998,0.714285714285714,0.6285714285714286,0.5428571428571427,0.4571428571428573,0.37142857142857144,0.28571428571428603,0.20000000000000018,0.11428571428571477,0.028571428571428026,-0.05714285714285694,-0.14285714285714235,-0.22857142857142954,-0.31428571428571495,-0.40000000000000036,-0.48571428571428577,-0.5714285714285721,-0.6571428571428575,-0.7428571428571429,-0.8285714285714283,-0.9142857142857146,-1.0
-1.0,-0.9142857142857146,-0.8285714285714283,-0.7428571428571429,-0.657142857142857,-0.5714285714285716,-0.48571428571428577,-0.3999999999999999,-0.31428571428571406,-0.22857142857142865,-0.14285714285714324,-0.05714285714285694,-0.140479406802958,-0.05485079253152536,-0.13810404729635506,-0.05256101883915498,-0.13573106196197493,-0.05027353377597166,-0.04798833505449007,-0.04798833505449007,-0.04570542038951109,-0.04114643409968455,-0.04114643409968455,-0.036596556670540625,-0.036596556670540625,0.04834976150999237,0.13539780055275985,0.30318871605159115,0.30512062919547467,0.30512062919547467,0.4748434578381895,0.5597048721595463,0.5597048721595463,0.6445662864809036,0.8128666251347887,0.8991505294449758,0.8991505294449758,1.0677055796763877,1.0688733580876906,1.2385961867304047,1.2385961867304047,1.2857142857142851,1.2857142857142851,1.2857142857142851,1.2285714285714286,1.1428571428571428,1.0571428571428574,0.971428571428572,0.8857142857142852,0.7999999999999998,0.714285714285714,0.6285714285714286,0.5428571428571427,0.4571428571428573,0.37142857142857144,0.28571428571428603,0.20000000000000018,0.11428571428571477,0.028571428571428026,-0.05714285714285694,-0.14285714285714235,-0.22857142857142954,-0.31428571428571495,-0.40000000000000036,-0.48571428571428577,-0.5714285714285721,-0.6571428571428575,-0.7428571428571429,-0.8285714285714283,-0.9142857142857146,-1.0
-1.0,-0.9142857142857146,-0.8285714285714283,-0.7428571428571429,-0.657142857142857,-0.5714285714285716,-0.48571428571428577,-0.3999999999999999,-0.31428571428571406,-0.22857142857142865,-0.14285714285714324,-0.05714285714285694,-0.140479406802958,-0.05485079253152536,-0.13810404729635506,-0.05256101883915498,-0.05027353377597166,-0.05027353377597166,-0.04798833505449007,-0.0434247874981204,-0.0434247874981204,-0.03887035791585003,-0.03887035791585003,0.046160949070183754,0.13329607969052537,0.3012548700282851,0.30318871605159115,0.30318871605159115,0.47308135241265736,0.5580276705931897,0.5580276705931897,0.6429739887737227,0.811442711944488,0.8978129433153217,0.8978129433153217,1.0665366329025896,1.0677055796763877,1.237598216037453,1.237598216037453,1.4285714285714288,1.4285714285714288,1.4285714285714288,1.4,1.314285714285714,1.2285714285714286,1.1428571428571428,1.0571428571428574,0.971428571428572,0.8857142857142852,0.7999999999999998,0.714285714285714,0.6285714285714286,0.5428571428571427,0.4571428571428573,0.37142857142857144,0.28571428571428603,0.20000000000000018,0.11428571428571477,0.028571428571428026,-0.05714285714285694,-0.14285714285714235,-0.22857142857142954,-0.31428571428571495,-0.40000000000000036,-0.48571428571428577,-0.5714285714285721,-0.6571428571428575,-0.7428571428571429,-0.8285714285714283,-0.9142857142857146,-1.0
-1.0,-0.9142857142857146,-0.8285714285714283,-0.7428571428571429,-0.657142857142857,-0.5714285714285716,-0.48571428571428577,-0.3999999999999999,-0.31428571428571406,-0.22857142857142865,-0.14285714285714324,-0.05714285714285694,-0.140479406802958,-0.05485079253152536,-0.05256101883915498,-0.05256101883915498,-0.05027353377597166,-0.04570542038951109,-0.04570542038951109,-0.04114643409968455,-0.04114643409968455,0.04396994672316401,0.13119225605621754,0.29931908919171035,0.3012548700282851,0.3012548700282851,0.4713174840003531,0.5563487909863865,0.5563487909863865,0.6413800979724202,0.810017374128803,0.8964740189305218,0.8964740189305218,1.0653665165973496,1.0665366329025896,1.2365992468746567,1.2365992468746567,1.4909484207115935,1.4909484207115935,1.5714285714285718,1.5714285714285718,1.4857142857142853,1.4,1.314285714285714,1.2285714285714286,1.1428571428571428,1.0571428571428574,0.971428571428572,0.8857142857142852,0.7999999999999998,0.714285714285714,0.6285714285714286,0.5428571428571427,0.4571428571428573,0.37142857142857144,0.28571428571428603,0.20000000000000018,0.11428571428571477,0.028571428571428026,-0.05714285714285694,-0.14285714285714235,-0.22857142857142954,-0.31428571428571495,-0.40000000000000036,-0.48571428571428577,-0.5714285714285721,-0.6571428571428575,-0.7428571428571429,-0.8285714285714283,-0.9142857142857146,-1.0
-1.0,-0.9142857142857146,-0.8285714285714283,-0.7428571428571429,-0.657142857142857,-0.5714285714285716,-0.48571428571428577,-0.3999999999999999,-0.31428571428571406,-0.22857142857142865,-0.14285714285714324,-0.05714285714285694,-0.05485079253152536,-0.05485079253152536,-0.05256101883915498,-0.04798833505449007,-0.04798833505449007,-0.0434247874981204,-0.0434247874981204,0.041776752277931095,0.129086327546013,0.297381371606086,0.29931908919171035,0.29931908919171035,0.46955185083740836,0.5546682316602567,0.5546682316602567,0.6397846124831055,0.8085906102623959,0.8951337549516518,0.8951337549516518,1.064195229590551,1.0653665165973496,1.2355992782430465,1.2355992782430465,1.4902029284708092,1.4902029284708092,1.5754044682468604,1.5760648015344416,1.6571428571428575,1.571428571428572,1.4857142857142853,1.4,1.314285714285714,1.2285714285714286,1.1428571428571428,1.0571428571428574,0.971428571428572,0.8857142857142852,0.7999999999999998,0.714285714285714,0.6285714285714286,0.5428571428571427,0.4571428571428573,0.37142857142857144,0.28571428571428603,0.20000000000000018,0.11428571428571477,0.028571428571428026,-0.05714285714285694,-0.14285714285714235,-0.22857142857142954,-0.31428571428571495,-0.40000000000000036,-0.48571428571428577,-0.5714285714285721,-0.6571428571428575,-0.7428571428571429,-0.8285714285714283,-0.9142857142857146,-1.0
-1.0,-0.9142857142857146,-0.8285714285714283,-0.7428571428571429,-0.657142857142857,-0.5714285714285716,-0.48571428571428577,-0.3999999999999999,-0.31428571428571406,-0.22857142857142865,-0.14285714285714324,-0.05714285714285694,-0.05485079253152536,-0.05256101883915498,-0.05027353377597166,-0.04798833505449007,-0.04570542038951109,0.03958136354129005,0.041776752277931095,0.12697829205398303,0.2954417153336941,0.297381371606086,0.4660152831952973,0.4677844511581897,0.552985990934241,0.6381875307102927,0.8071624189185025,0.8085906102623959,0.8937921500384476,1.063022770710907,1.064195229590551,1.1493967693666025,1.2345983091426538,1.3197998489187057,1.4894566903649138,1.4902029284708092,1.5754044682468604,1.6606060080229121,1.7428571428571433,1.6571428571428575,1.571428571428572,1.4857142857142853,1.4,1.314285714285714,1.2285714285714286,1.1428571428571428,1.0571428571428574,0.971428571428572,0.8857142857142852,0.7999999999999998,0.714285714285714,0.6285714285714286,0.5428571428571427,0.4571428571428573,0.37142857142857144,0.28571428571428603,0.20000000000000018,0.11428571428571477,0.028571428571428026,-0.05714285714285694,-0.14285714285714235,-0.22857142857142954,-0.31428571428571495,-0.40000000000000036,-0.48571428571428577,-0.5714285714285721,-0.6571428571428575,-0.7428571428571429,-0.8285714285714283,-0.9142857142857146,-1.0
-1.0,-0.9142857142857146,-0.8285714285714283,-0.7428571428571429,-0.657142857142857,-0.5714285714285716,-0.48571428571428577,-0.3999999999999999,-0.31428571428571406,-0.22857142857142865,-0.14285714285714324,-0.05714285714285694,-0.05485079253152536,-0.05256101883915498,-0.05027353377597166,-0.04798833505449007,0.03738377831785211,0.03958136354129005,0.12486814747209163,0.29350011843487844,0.2954417153336941,0.46424434517956303,0.4660152831952973,0.5513020671260984,0.6365888510568998,0.8057327986689315,0.8071624189185025,0.8924492028493041,1.0618491387859583,1.063022770710907,1.1483095546417081,1.233596338572509,1.3188831225033106,1.488709705647669,1.4894566903649138,1.574743474295715,1.6600302582265163,1.8285714285714287,1.7428571428571433,1.6571428571428575,1.571428571428572,1.4857142857142853,1.4,1.314285714285714,1.2285714285714286,1.1428571428571428,1.0571428571428574,0.971428571428572,0.8857142857142852,0.7999999999999998,0.714285714285714,0.6285714285714286,0.5428571428571427,0.4571428571428573,0.37142857142857144,0.28571428571428603,0.20000000000000018,0.11428571428571477,0.028571428571428026,-0.05714285714285694,-0.14285714285714235,-0.22857142857142954,-0.31428571428571495,-0.40000000000000036,-0.48571428571428577,-0.5714285714285721,-0.6571428571428575,-0.7428571428571429,-0.8285714285714283,-0.9142857142857146,-1.0
-1.0,-0.9142857142857146,-0.8285714285714283,-0.7428571428571429,-0.657142857142857,-0.5714285714285716,-0.48571428571428577,-0.3999999999999999,-0.31428571428571406,-0.22857142857142865,-0.14285714285714324,-0.05714285714285694,-0.05485079253152536,-0.05256101883915498,-0.05027353377597166,0.035183994410031616,0.03738377831785211,0.1227558916901943,0.2915565789680419,0.29350011843487844,0.46247163534004887,0.46424434517956303,0.549616458551905,0.6349885719242472,0.8043017480840624,0.8057327986689315,0.8911049120412737,1.0606743326420731,1.0618491387859583,1.1472212521583003,1.232593365530642,1.3179654789029844,1.4879619735720901,1.488709705647669,1.574081819020011,1.6594539323923532,1.8297920863161037,1.8285714285714287,1.7428571428571433,1.6571428571428575,1.571428571428572,1.4857142857142853,1.4,1.314285714285714,1.2285714285714286,1.1428571428571428,1.0571428571428574,0.971428571428572,0.8857142857142852,0.7999999999999998,0.714285714285714,0.6285714285714286,0.5428571428571427,0.4571428571428573,0.37142857142857144,0.28571428571428603,0.20000000000000018,0.11428571428571477,0.028571428571428026,-0.05714285714285694,-0.14285714285714235,-0.22857142857142954,-0.31428571428571495,-0.40000000000000036,-0.48571428571428577,-0.5714285714285721,-0.6571428571428575,-0.7428571428571429,-0.8285714285714283,-0.9142857142857146,-1.0
-1.0,-0.9142857142857146,-0.8285714285714283,-0.7428571428571429,-0.657142857142857,-0.5714285714285716,-0.48571428571428577,-0.3999999999999999,-0.31428571428571406,-0.22857142857142865,-0.14285714285714324,-0.05714285714285694,-0.05485079253152536,-0.05256101883915498,0.03298200961804465,0.035183994410031616,0.12064152259603489,0.28961109498964466,0.2915565789680419,0.4606971519040448,0.46247163534004887,0.5479291635260521,0.6333866917120556,0.8028692657328447,0.8043017480840624,0.8897592762700659,1.0594983511044451,1.0606743326420731,1.1461318608280764,1.2315893890140794,1.317046917200083,1.487213493390445,1.4879619735720901,1.5734195017580932,1.6588770299440967,1.8293856072192447,1.8297920863161037,1.8285714285714287,1.7428571428571433,1.6571428571428575,1.571428571428572,1.4857142857142853,1.4,1.314285714285714,1.2285714285714286,1.1428571428571428,1.0571428571428574,0.971428571428572,0.8857142857142852,0.7999999999999998,0.714285714285714,0.6285714285714286,0.5428571428571427,0.4571428571428573,0.37142857142857144,0.28571428571428603,0.20000000000000018,0.11428571428571477,0.028571428571428026,-0.05714285714285694,-0.14285714285714235,-0.22857142857142954,-0.31428571428571495,-0.40000000000000036,-0.48571428571428577,-0.5714285714285721,-0.6571428571428575,-0.7428571428571429,-0.8285714285714283,-0.9142857142857146,-1.0
-1.0,-0.9142857142857146,-0.8285714285714283,-0.7428571428571429,-0.657142857142857,-0.5714285714285716,-0.48571428571428577,-0.3999999999999999,-0.31428571428571406,-0.22857142857142865,-0.14285714285714324,-0.05714285714285694,-0.05485079253152536,0.030777821739906397,0.03298200961804465,0.11852503807524473,0.2876636645542028,0.28961109498964466,0.4589208930970672,0.4606971519040448,0.5462401803612447,0.6317832088184447,0.8014353501827958,0.8028692657328447,0.8884122941900447,1.0583211929970926,1.0594983511044451,1.145041379561645,1.2305844080188446,1.3161274364760447,1.4864642643542534,1.487213493390445,1.5727565218476447,1.6582995503048448,1.8289787214399817,1.8293856072192447,1.9142857142857146,1.8285714285714287,1.7428571428571433,1.6571428571428575,1.571428571428572,1.4857142857142853,1.4,1.314285714285714,1.2285714285714286,1.1428571428571428,1.0571428571428574,0.971428571428572,0.8857142857142852,0.7999999999999998,0.714285714285714,0.6285714285714286,0.5428571428571427,0.4571428571428573,0.37142857142857144,0.28571428571428603,0.20000000000000018,0.11428571428571477,0.028571428571428026,-0.05714285714285694,-0.14285714285714235,-0.22857142857142954,-0.31428571428571495,-0.40000000000000036,-0.48571428571428577,-0.5714285714285721,-0.6571428571428575,-0.7428571428571429,-0.8285714285714283,-0.9142857142857146,-1.0
-1.0,-0.9142857142857146,-0.8285714285714283,-0.7428571428571429,-0.657142857142857,-0.5714285714285716,-0.48571428571428577,-0.3999999999999999,-0.31428571428571406,-0.22857142857142865,-0.14285714285714324,-0.05714285714285694,0.02857142857142847,0.030777821739906397,0.1164064360113386,0.2857142857142856,0.2876636645542028,0.4571428571428571,0.4589208930970672,0.5445495073684992,0.6301781216399314,0.8,0.8014353501827958,0.887063964454228,1.0571428571428574,1.0583211929970926,1.1439498072685246,1.2295784215399566,1.3152070358113885,1.485714285714286,1.4864642643542534,1.5720928786256851,1.6577214928971173,1.8285714285714287,1.8289787214399817,1.9146073357114135,1.9142857142857146,1.8285714285714287,1.7428571428571433,1.6571428571428575,1.571428571428572,1.4857142857142853,1.4,1.314285714285714,1.2285714285714286,1.1428571428571428,1.0571428571428574,0.971428571428572,0.8857142857142852,0.7999999999999998,0.714285714285714,0.6285714285714286,0.5428571428571427,0.4571428571428573,0.37142857142857144,0.28571428571428603,0.20000000000000018,0.11428571428571477,0.028571428571428026,-0.05714285714285694,-0.14285714285714235,-0.22857142857142954,-0.31428571428571495,-0.40000000000000036,-0.48571428571428577,-0.5714285714285721,-0.6571428571428575,-0.7428571428571429,-0.8285714285714283,-0.9142857142857146,-1.0
-1.0,-0.9142857142857146,-0.8285714285714283,-0.7428571428571429,-0.657142857142857,-0.5714285714285716,-0.48571428571428577,-0.3999999999999999,-0.31428571428571406,-0.22857142857142865,-0.14285714285714324,-0.05714285714285694,0.02857142857142847,0.11428571428571432,0.20000000000000018,0.2857142857142856,0.37142857142857144,0.4571428571428571,0.5428571428571427,0.6285714285714283,0.714285714285714,0.8,0.8857142857142857,0.9714285714285713,1.0571428571428574,1.142857142857143,1.2285714285714286,1.3142857142857143,1.4,1.485714285714286,1.5714285714285714,1.6571428571428573,1.7428571428571427,1.8285714285714287,1.9142857142857141,2.0,1.9142857142857146,1.8285714285714287,1.7428571428571433,1.6571428571428575,1.571428571428572,1.4857142857142853,1.4,1.314285714285714,1.2285714285714286,1.1428571428571428,1.0571428571428574,0.971428571428572,0.8857142857142852,0.7999999999999998,0.714285714285714,0.6285714285714286,0.5428571428571427,0.4571428571428573,0.37142857142857144,0.28571428571428603,0.20000000000000018,0.11428571428571477,0.028571428571428026,-0.05714285714285694,-0.14285714285714235,-0.22857142857142954,-0.31428571428571495,-0.40000000000000036,-0.48571428571428577,-0.5714285714285721,-0.6571428571428575,-0.7428571428571429,-0.8285714285714283,-0.9142857142857146,-1.0
-1.0,-0.9142857142857146,-0.8285714285714283,-0.7428571428571429,-0.657142857142857,-0.5714285714285716,-0.48571428571428577,-0.3999999999999999,-0.31428571428571406,-0.22857142857142865,-0.14285714285714324,-0.05714285714285694,0.02857142857142847,0.11428571428571432,0.20000000000000018,0.2857142857142856,0.37142857142857144,0.4571428571428571,0.5428571428571427,0.6285714285714283,0.714285714285714,0.8,0.8857142857142857,0.9714285714285713,1.0571428571428574,1.142857142857143,1.2285714285714286,1.3142857142857143,1.4,1.485714285714286,1.5714285714285714,1.6571428571428573,1.7428571428571427,1.8285714285714287,1.9142857142857141,2.0,1.9142857142857146,1.8285714285714287,1.7428571428571433,1.6571428571428575,1.571428571428572,1.4857142857142853,1.4,1.314285714285714,1.2285714285714286,1.1428571428571428,1.0571428571428574,0.971428571428572,0.8857142857142852,0.7999999999999998,0.714285714285714,0.6285714285714286,0.5428571428571427,0.4571428571428573,0.37142857142857144,0.28571428571428603,0.20000000000000018,0.11428571428571477,0.028571428571428026,-0.05714285714285694,-0.14285714285714235,-0.22857142857142954,-0.31428571428571495,-0.40000000000000036,-0.48571428571428577,-0.5714285714285721,-0.6571428571428575,-0.7428571428571429,-0.8285714285714283,-0.9142857142857146,-1.0
-1.0,-0.9142857142857146,-0.8285714285714283,-0.7428571428571429,-0.657142857142857,-0.5714285714285716,-0.48571428571428577,-0.3999999999999999,-0.31428571428571406,-0.22857142857142865,-0.14285714285714324,-0.05714285714285694,0.02857142857142847,0.11428571428571432,0.20000000000000018,0.2857142857142856,0.37142857142857144,0.4571428571428571,0.5428571428571427,0.6285714285714283,0.714285714285714,0.8,0.8857142857142857,0.9714285714285713,1.0571428571428574,1.142857142857143,1.2285714285714286,1.3142857142857143,1.4,1.485714285714286,1.5714285714285714,1.6571428571428573,1.7428571428571427,1.8285714285714287,1.9142857142857141,2.0,1.9142857142857146,1.8285714285714287,1.7428571428571433,1.6571428571428575,1.571428571428572,1.4857142857142853,1.4,1.314285714285714,1.2285714285714286,1.1428571428571428,1.0571428571428574,0.971428571428572,0.8857142857142852,0.7999999999999998,0.714285714285714,0.6285714285714286,0.5428571428571427,0.4571428571428573,0.37142857142857144,0.28571428571428603,0.20000000000000018,0.11428571428571477,0.028571428571428026,-0.05714285714285694,-0.14285714285714235,-0.22857142857142954,-0.31428571428571495,-0.40000000000000036,-0.48571428571428577,-0.5714285714285721,-0.6571428571428575,-0.7428571428571429,-0.8285714285714283,-0.9142857142857146,-1.0
-1.0,-0.9142857142857146,-0.8285714285714283,-0.7428571428571429,-0.657142857142857,-0.5714285714285716,-0.48571428571428577,-0.3999999999999999,-0.31428571428571406,-0.22857142857142865,-0.14285714285714324,-0.05714285714285694,0.02857142857142847,0.11428571428571432,0.20000000000000018,0.2857142857142856,0.37142857142857144,0.4571428571428571,0.5428571428571427,0.6285714285714283,0.714285714285714,0.8,0.8857142857142857,0.9714285714285713,1.0571428571428574,1.142857142857143,1.2285714285714286,1.3142857142857143,1.4,1.485714285714286,1.5714285714285714,1.6571428571428573,1.7428571428571427,1.8285714285714287,1.9142857142857141,2.0,1.9142857142857146,1.8285714285714287,1.7428571428571433,1.6571428571428575,1.571428571428572,1.4857142857142853,1.4,1.314285714285714,1.2285714285714286,1.1428571428571428,1.0571428571428574,0.971428571428572,0.8857142857142852,0.7999999999999998,0.714285714285714,0.6285714285714286,0.5428571428571427,0.4571428571428573,0.37142857142857144,0.28571428571428603,0.20000000000000018,0.11428571428571477,0.028571428571428026,-0.05714285714285694,-0.14285714285714235,-0.22857142857142954,-0.31428571428571495,-0.40000000000000036,-0.48571428571428577,-0.5714285714285721,-0.6571428571428575,-0.7428571428571429,-0.8285714285714283,-0.9142857142857146,-1.0
-1.0,-0.9142857142857146,-0.8285714285714283,-0.7428571428571429,-0.657142857142857,-0.5714285714285716,-0.48571428571428577,-0.3999999999999999,-0.31428571428571406,-0.22857142857142865,-0.14285714285714324,-0.05714285714285694,0.02857142857142847,0.11428571428571432,0.20000000000000018,0.2857142857142856,0.37142857142857144,0.4571428571428571,0.5428571428571427,0.6285714285714283,0.714285714285714,0.8,0.8857142857142857,0.9714285714285713,1.0571428571428574,1.142857142857143,1.2285714285714286,1.3142857142857143,1.4,1.485714285714286,1.5714285714285714,1.6571428571428573,1.7428571428571427,1.8285714285714287,1.9142857142857141,2.0,1.9142857142857146,1.8285714285714287,1.7428571428571433,1.6571428571428575,1.571428571428572,1.4857142857142853,1.4,1.314285714285714,1.2285714285714286,1.1428571428571428,1.0571428571428574,0.971428571428572,0.8857142857142852,0.7999999999999998,0.714285714285714,0.6285714285714286,0.5428571428571427,0.4571428571428573,0.37142857142857144,0.28571428571428603,0.20000000000000018,0.11428571428571477,0.028571428571428026,-0.05714285714285694,-0.14285714285714235,-0.22857142857142954,-0.31428571428571495,-0.40000000000000036,-0.48571428571428577,-0.5714285714285721,-0.6571428571428575,-0.7428571428571429,-0.8285714285714283,-0.9142857142857146,-1.0
-1.0,-0.9142857142857146,-0.8285714285714283,-0.7428571428571429,-0.657142857142857,-0.5714285714285716,-0.48571428571428577,-0.3999999999999999,-0.31428571428571406,-0.22857142857142865,-0.14285714285714324,-0.05714285714285694,0.02857142857142847,0.11428571428571432,0.20000000000000018,0.2857142857142856,0.37142857142857144,0.4571428571428571,0.5428571428571427,0.6285714285714283,0.714285714285714,0.8,0.8857142857142857,0.9714285714285713,1.0571428571428574,1.142857142857143,1.2285714285714286,1.3142857142857143,1.4,1.485714285714286,1.5714285714285714,1.6571428571428573,1.7428571428571427,1.8285714285714287,1.9142857142857141,2.0,1.9142857142857146,1.74335010716855,1.7428571428571433,1.6571428571428575,1.571428571428572,1.4008356500828207,1.4,1.2305844080188446,1.2285714285714286,1.0583211929970926,0.9726925787256606,0.971428571428572,0.8857142857142852,0.7999999999999998,0.6301781216399316,0.6285714285714286,0.4589208930970674,0.4571428571428573,0.2876636645542032,0.28571428571428603,0.20000000000000018,0.11428571428571477,-0.05485079253152536,-0.05714285714285694,-0.14285714285714235,-0.22857142857142954,-0.31428571428571495,-0.40000000000000036,-0.48571428571428577,-0.5714285714285721,-0.6571428571428575,-0.7428571428571429,-0.8285714285714283,-0.9142857142857146,-1.0
-1.0,-0.9142857142857146,-0.8285714285714283,-0.7428571428571429,-0.657142857142857,-0.5714285714285716,-0.48571428571428577,-0.3999999999999999,-0.31428571428571406,-0.22857142857142865,-0.14285714285714324,-0.05714285714285694,0.02857142857142847,0.11428571428571432,0.20000000000000018,0.2857142857142856,0.37142857142857144,0.4571428571428571,0.5428571428571427,0.6285714285714283,0.714285714285714,0.8,0.8857142857142857,0.9714285714285713,1.0571428571428574,1.142857142857143,1.2285714285714286,1.3142857142857143,1.4,1.485714285714286,1.5714285714285714,1.6571428571428573,1.7428571428571427,1.8285714285714287,1.9142857142857141,1.914607335711414,1.743842578762045,1.74335010716855,1.6577214928971176,1.5720928786256858,1.4016704649332445,1.4008356500828207,1.2315893890140794,1.2295784215399566,1.0594983511044451,0.9739553226472453,0.9726925787256606,0.8870639644542275,0.8014353501827955,0.631783208818445,0.6301781216399316,0.46069715190404503,0.4589208930970674,0.2896110949896451,0.2876636645542032,0.2020350502827708,0.11640643601133904,-0.05256101883915498,-0.05485079253152536,-0.05714285714285694,-0.14285714285714235,-0.22857142857142954,-0.31428571428571495,-0.40000000000000036,-0.48571428571428577,-0.5714285714285721,-0.6571428571428575,-0.7428571428571429,-0.8285714285714283,-0.9142857142857146,-1.0
-1.0,-0.9142857142857146,-0.8285714285714283,-0.7428571428571429,-0.657142857142857,-0.5714285714285716,-0.48571428571428577,-0.3999999999999999,-0.31428571428571406,-0.22857142857142865,-0.14285714285714324,-0.05714285714285694,0.02857142857142847,0.11428571428571432,0.20000000000000018,0.2857142857142856,0.37142857142857144,0.4571428571428571,0.5428571428571427,0.6285714285714283,0.714285714285714,0.8,0.8857142857142857,0.9714285714285713,1.0571428571428574,1.142857142857143,1.2285714285714286,1.3142857142857143,1.4,1.485714285714286,1.5714285714285714,1.6571428571428573,1.7428571428571427,1.8285714285714287,1.9142857142857141,1.7443345581301004,1.743842578762045,1.6582995503048448,1.5727565218476454,1.4025044453860862,1.4016704649332445,1.232593365530642,1.2305844080188446,1.0606743326420731,0.9752168044560698,0.9739553226472453,0.8884122941900443,0.8028692657328445,0.6333866917120559,0.631783208818445,0.4624716353400491,0.46069715190404503,0.2915565789680423,0.2896110949896451,0.2040680665324448,0.11852503807524517,-0.05027353377597166,-0.05256101883915498,-0.05485079253152536,-0.05714285714285694,-0.14285714285714235,-0.22857142857142954,-0.31428571428571495,-0.40000000000000036,-0.48571428571428577,-0.5714285714285721,-0.6571428571428575,-0.7428571428571429,-0.8285714285714283,-0.9142857142857146,-1.0
-1.0,-0.9142857142857146,-0.8285714285714283,-0.7428571428571429,-0.657142857142857,-0.5714285714285716,-0.48571428571428577,-0.3999999999999999,-0.31428571428571406,-0.22857142857142865,-0.14285714285714324,-0.05714285714285694,0.02857142857142847,0.11428571428571432,0.20000000000000018,0.2857142857142856,0.37142857142857144,0.4571428571428571,0.5428571428571427,0.6285714285714283,0.714285714285714,0.8,0.8857142857142857,0.9714285714285713,1.0571428571428574,1.142857142857143,1.2285714285714286,1.3142857142857143,1.4,1.485714285714286,1.5714285714285714,1.6571428571428573,1.7428571428571427,1.8285714285714287,1.7448260457646956,1.7443345581301004,1.658877029944097,1.573419501758094,1.4033375922753266,1.4025044453860862,1.233596338572509,1.2315893890140794,1.0618491387859583,0.9764770254136164,0.9752168044560698,0.8897592762700655,0.8043017480840622,0.6349885719242474,0.6333866917120559,0.46424434517956326,0.4624716353400491,0.2935001184348789,0.2915565789680423,0.2060990507820386,0.12064152259603533,-0.04798833505449007,-0.05027353377597166,-0.05256101883915498,-0.05485079253152536,-0.05714285714285694,-0.14285714285714235,-0.22857142857142954,-0.31428571428571495,-0.40000000000000036,-0.48571428571428577,-0.5714285714285721,-0.6571428571428575,-0.7428571428571429,-0.8285714285714283,-0.9142857142857146,-1.0
-1.0,-0.9142857142857146,-0.8285714285714283,-0.7428571428571429,-0.657142857142857,-0.5714285714285716,-0.48571428571428577,-0.3999999999999999,-0.31428571428571406,-0.22857142857142865,-0.14285714285714324,-0.05714285714285694,0.02857142857142847,0.11428571428571432,0.20000000000000018,0.2857142857142856,0.37142857142857144,0.4571428571428571,0.5428571428571427,0.6285714285714283,0.714285714285714,0.8,0.8857142857142857,0.9714285714285713,1.0571428571428574,1.142857142857143,1.2285714285714286,1.3142857142857143,1.4,1.485714285714286,1.5714285714285714,1.6571428571428573,1.7428571428571427,1.7453170421573179,1.7448260457646956,1.6594539323923532,1.5740818190200114,1.404169906434112,1.4033375922753266,1.2345983091426538,1.232593365530642,1.063022770710907,0.9777359867801059,0.9764770254136164,0.8911049120412733,0.8057327986689313,0.6365888510569,0.6349885719242474,0.4660152831952975,0.46424434517956326,0.29544171533369457,0.2935001184348789,0.20812800506253648,0.12275589169019474,-0.04570542038951109,-0.04798833505449007,-0.05027353377597166,-0.05256101883915498,-0.05485079253152536,-0.05714285714285694,-0.14285714285714235,-0.22857142857142954,-0.31428571428571495,-0.40000000000000036,-0.48571428571428577,-0.5714285714285721,-0.6571428571428575,-0.7428571428571429,-0.8285714285714283,-0.9142857142857146,-1.0
-1.0,-0.9142857142857146,-0.8285714285714283,-0.7428571428571429,-0.657142857142857,-0.5714285714285716,-0.48571428571428577,-0.3999999999999999,-0.31428571428571406,-0.22857142857142865,-0.14285714285714324,-0.05714285714285694,0.02857142857142847,0.11428571428571432,0.20000000000000018,0.2857142857142856,0.37142857142857144,0.4571428571428571,0.5428571428571427,0.6285714285714283,0.714285714285714,0.8,0.8857142857142857,0.9714285714285713,1.0571428571428574,1.142857142857143,1.2285714285714286,1.3142857142857143,1.4,1.485714285714286,1.5714285714285714,1.6571428571428573,1.7428571428571427,1.7453170421573179,1.6600302582265165,1.5747434742957154,1.4050013886947572,1.404169906434112,1.2355992782430465,1.233596338572509,1.064195229590551,0.9789936898144997,0.9777359867801059,0.8924492028493036,0.8071624189185023,0.6381875307102929,0.6365888510569,0.4677844511581899,0.4660152831952975,0.29738137160608646,0.29544171533369457,0.21015493140289276,0.12486814747209207,-0.0434247874981204,-0.04570542038951109,-0.04798833505449007,-0.05027353377597166,-0.05256101883915498,-0.05485079253152536,-0.05714285714285694,-0.14285714285714235,-0.22857142857142954,-0.31428571428571495,-0.40000000000000036,-0.48571428571428577,-0.5714285714285721,-0.6571428571428575,-0.7428571428571429,-0.8285714285714283,-0.9142857142857146,-1.0
-1.0,-0.9142857142857146,-0.8285714285714283,-0.7428571428571429,-0.657142857142857,-0.5714285714285716,-0.48571428571428577,-0.3999999999999999,-0.31428571428571406,-0.22857142857142865,-0.14285714285714324,-0.05714285714285694,0.02857142857142847,0.11428571428571432,0.20000000000000018,0.2857142857142856,0.37142857142857144,0.4571428571428571,0.5428571428571427,0.6285714285714283,0.714285714285714,0.8,0.8857142857142857,0.9714285714285713,1.0571428571428574,1.142857142857143,1.2285714285714286,1.3142857142857143,1.4,1.485714285714286,1.5714285714285714,1.6571428571428573,1.7142857142857144,1.575404468246861,1.5747434742957154,1.4050013886947572,1.404169906434112,1.2345983091426538,1.2345983091426538,1.0653665165973496,0.9802501357745013,0.8937921500384471,0.8085906102623956,0.6397846124831057,0.6381875307102929,0.4695518508374086,0.4695518508374086,0.4677844511581899,0.29738137160608646,0.29738137160608646,0.12697829205398348,-0.04114643409968455,-0.0434247874981204,-0.04570542038951109,-0.04798833505449007,-0.04798833505449007,-0.05027353377597166,-0.05256101883915498,-0.14047940680295712,-0.05714285714285694,-0.14285714285714235,-0.22857142857142954,-0.31428571428571495,-0.40000000000000036,-0.48571428571428577,-0.5714285714285721,-0.6571428571428575,-0.7428571428571429,-0.8285714285714283,-0.9142857142857146,-1.0
-1.0,-0.9142857142857146,-0.8285714285714283,-0.7428571428571429,-0.657142857142857,-0.5714285714285716,-0.48571428571428577,-0.3999999999999999,-0.31428571428571406,-0.22857142857142865,-0.14285714285714324,-0.05714285714285694,0.02857142857142847,0.11428571428571432,0.20000000000000018,0.2857142857142856,0.37142857142857144,0.4571428571428571,0.5428571428571427,0.6285714285714283,0.714285714285714,0.8,0.8857142857142857,0.9714285714285713,1.0571428571428574,1.142857142857143,1.2285714285714286,1.3142857142857143,1.4,1.485714285714286,1.5714285714285712,1.5714285714285712,1.5714285714285712,1.405832039888744,1.4050013886947572,1.2355992782430465,1.2355992782430465,1.0665366329025896,0.9815053259165563,0.8951337549516514,0.8100173741288028,0.6413800979724205,0.6397846124831057,0.47131748400035334,0.47131748400035334,0.4695518508374086,0.2993190891917108,0.2993190891917108,0.12908632754601346,-0.03887035791585003,-0.04114643409968455,-0.0434247874981204,-0.04570542038951109,-0.04570542038951109,-0.04798833505449007,-0.05027353377597166,-0.13810404729635417,-0.05485079253152536,-0.14047940680295712,-0.05714285714285694,-0.14285714285714235,-0.22857142857142954,-0.31428571428571495,-0.40000000000000036,-0.48571428571428577,-0.5714285714285721,-0.6571428571428575,-0.7428571428571429,-0.8285714285714283,-0.9142857142857146,-1.0
-1.0,-0.9142857142857146,-0.8285714285714283,-0.7428571428571429,-0.657142857142857,-0.5714285714285716,-0.48571428571428577,-0.3999999999999999,-0.31428571428571406,-0.22857142857142865,-0.14285714285714324,-0.05714285714285694,0.02857142857142847,0.11428571428571432,0.20000000000000018,0.2857142857142856,0.37142857142857144,0.4571428571428571,0.5428571428571427,0.6285714285714283,0.714285714285714,0.8,0.8857142857142857,0.9714285714285713,1.0571428571428574,1.142857142857143,1.2285714285714286,1.3142857142857143,1.4,1.4285714285714288,1.4285714285714288,1.4066618608467243,1.405832039888744,1.2365992468746567,1.2365992468746567,1.0677055796763877,0.9827592614958551,0.8964740189305214,0.8114427119444878,0.6429739887737229,0.6413800979724205,0.4730813524126576,0.4730813524126576,0.47131748400035334,0.30125487002828555,0.30125487002828555,0.13119225605621798,-0.036596556670540625,-0.03887035791585003,-0.04114643409968455,-0.0434247874981204,-0.0434247874981204,-0.04570542038951109,-0.04798833505449007,-0.13573106196197404,-0.05256101883915498,-0.13810404729635417,-0.05485079253152536,-0.14047940680295712,-0.05714285714285694,-0.14285714285714235,-0.22857142857142954,-0.31428571428571495,-0.40000000000000036,-0.48571428571428577,-0.5714285714285721,-0.6571428571428575,-0.7428571428571429,-0.8285714285714283,-0.9142857142857146,-1.0
-1.0,-0.9142857142857146,-0.8285714285714283,-0.7428571428571429,-0.657142857142857,-0.5714285714285716,-0.48571428571428577,-0.3999999999999999,-0.31428571428571406,-0.22857142857142865,-0.14285714285714324,-0.05714285714285694,0.02857142857142847,0.11428571428571432,0.20000000000000018,0.2857142857142856,0.37142857142857144,0.4571428571428571,0.5428571428571427,0.6285714285714283,0.714285714285714,0.8,0.8857142857142857,0.9714285714285713,1.0571428571428574,1.142857142857143,1.2285714285714286,1.2857142857142865,1.2857142857142865,1.2857142857142865,1.2857142857142865,1.237598216037453,1.237598216037453,1.0688733580876906,0.9840119437663335,0.8978129433153212,0.8128666251347885,0.6445662864809039,0.6429739887737229,0.4748434578381897,0.4748434578381897,0.4730813524126576,0.3031887160515916,0.3031887160515916,0.13329607969052581,-0.034325028089954746,-0.036596556670540625,-0.03887035791585003,-0.04114643409968455,-0.04114643409968455,-0.0434247874981204,-0.04570542038951109,-0.13336044842683092,-0.05027353377597166,-0.13573106196197404,-0.05256101883915498,-0.13810404729635417,-0.05485079253152536,-0.14047940680295712,-0.05714285714285694,-0.14285714285714235,-0.22857142857142954,-0.31428571428571495,-0.40000000000000036,-0.48571428571428577,-0.5714285714285721,-0.6571428571428575,-0.7428571428571429,-0.8285714285714283,-0.9142857142857146,-1.0
-1.0,-0.9142857142857146,-0.8285714285714283,-0.7428571428571429,-0.657142857142857,-0.5714285714285716,-0.48571428571428577,-0.3999999999999999,-0.31428571428571406,-0.22857142857142865,-0.14285714285714324,-0.05714285714285694,0.02857142857142847,0.11428571428571432,0.20000000000000018,0.2857142857142856,0.37142857142857144,0.4571428571428571,0.5428571428571427,0.6285714285714283,0.714285714285714,0.8,0.8857142857142857,0.9714285714285713,1.0571428571428574,1.1428571428571426,1.1428571428571426,1.1428571428571426,1.1428571428571426,1.1428571428571426,1.1428571428571426,1.0700399693042768,0.985263373980674,0.8991505294449753,0.8142891151236182,0.6461569926862611,0.6445662864809039,0.4766038020390555,0.4766038020390555,0.4748434578381897,0.3051206291954751,0.3051206291954751,0.1353978005527603,-0.03205576990256365,-0.034325028089954746,-0.036596556670540625,-0.03887035791585003,-0.03887035791585003,-0.04114643409968455,-0.0434247874981204,-0.04798833505449007,-0.04798833505449007,-0.13336044842683092,-0.05027353377597166,-0.13573106196197404,-0.05256101883915498,-0.13810404729635417,-0.05485079253152536,-0.14047940680295712,-0.05714285714285694,-0.14285714285714235,-0.22857142857142954,-0.31428571428571495,-0.40000000000000036,-0.48571428571428577,-0.5714285714285721,-0.6571428571428575,-0.7428571428571429,-0.8285714285714283,-0.9142857142857146,-1.0
-1.0,-0.9142857142857146,-0.8285714285714283,-0.7428571428571429,-0.657142857142857,-0.5714285714285716,-0.48571428571428577,-0.3999999999999999,-0.31428571428571406,-0.22857142857142865,-0.14285714285714324,-0.05714285714285694,0.02857142857142847,0.11428571428571432,0.20000000000000018,0.2857142857142856,0.37142857142857144,0.4571428571428571,0.5428571428571427,0.6285714285714283,0.714285714285714,0.8,0.8857142857142857,0.9714285714285713,1.0000000000000002,1.0000000000000002,1.0000000000000002,1.0000000000000002,1.0000000000000002,1.0000000000000002,0.9865135533903067,0.9004867786570698,0.815710183333467,0.6477461089805012,0.6461569926862611,0.4783623867755993,0.4783623867755993,0.4766038020390555,0.3070506113918494,0.3070506113918494,0.13749742074464288,-0.02978877983910877,-0.03205576990256365,-0.034325028089954746,-0.036596556670540625,-0.036596556670540625,-0.03887035791585003,-0.04114643409968455,-0.04570542038951109,-0.04570542038951109,-0.04798833505449007,-0.04798833505449007,-0.05027353377597166,-0.05027353377597166,-0.13573106196197404,-0.05256101883915498,-0.13810404729635417,-0.05485079253152536,-0.14047940680295712,-0.05714285714285694,-0.14285714285714235,-0.22857142857142954,-0.31428571428571495,-0.40000000000000036,-0.48571428571428577,-0.5714285714285721,-0.6571428571428575,-0.7428571428571429,-0.8285714285714283,-0.9142857142857146,-1.0
-1.0,-0.9142857142857146,-0.8285714285714283,-0.7428571428571429,-0.657142857142857,-0.5714285714285716,-0.48571428571428577,-0.3999999999999999,-0.31428571428571406,-0.22857142857142865,-0.14285714285714324,-0.05714285714285694,0.02857142857142847,0.11428571428571432,0.20000000000000018,0.2857142857142856,0.37142857142857144,0.4571428571428571,0.5428571428571427,0.6285714285714283,0.714285714285714,0.8,0.8571428571428568,0.8571428571428568,0.8571428571428568,0.8571428571428568,0.8571428571428568,0.8571428571428568,0.8571428571428568,0.8171298311854034,0.6493336369527403,0.6477461089805012,0.6477461089805012,0.48011921380640565,0.4783623867755993,0.30897866457069667,0.30897866457069667,0.13959494236579406,0.13959494236579406,-0.027524055632600408,-0.02978877983910877,-0.034325028089954746,-0.034325028089954746,-0.036596556670540625,-0.03887035791585003,-0.0434247874981204,-0.0434247874981204,-0.0434247874981204,-0.04570542038951109,-0.04798833505449007,-0.04798833505449007,-0.05027353377597166,-0.05027353377597166,-0.05256101883915498,-0.05256101883915498,-0.05256101883915498,-0.13810404729635417,-0.05485079253152536,-0.22610802107439065,-0.05714285714285694,-0.14285714285714235,-0.22857142857142954,-0.31428571428571495,-0.40000000000000036,-0.48571428571428577,-0.5714285714285721,-0.6571428571428575,-0.7428571428571429,-0.8285714285714283,-0.9142857142857146,-1.0
-1.0,-0.9142857142857146,-0.8285714285714283,-0.7428571428571429,-0.657142857142857,-0.5714285714285716,-0.48571428571428577,-0.3999999999999999,-0.31428571428571406,-0.22857142857142865,-0.14285714285714324,-0.05714285714285694,0.02857142857142847,0.11428571428571432,0.20000000000000018,0.2857142857142856,0.37142857142857144,0.4571428571428571,0.5428571428571427,0.6285714285714283,0.714285714285714,0.7142857142857144,0.7142857142857144,0.7142857142857144,0.7142857142857144,0.7142857142857144,0.7142857142857144,0.6509195781905066,0.6493336369527403,0.6493336369527403,0.4818742848883022,0.48011921380640565,0.3109047906600706,0.3109047906600706,0.1416903675137351,0.1416903675137351,-0.02526159501831371,-0.027524055632600408,-0.03205576990256365,-0.03205576990256365,-0.034325028089954746,-0.036596556670540625,-0.04114643409968455,-0.04114643409968455,-0.04114643409968455,-0.0434247874981204,-0.04570542038951109,-0.04570542038951109,-0.04798833505449007,-0.04798833505449007,-0.05027353377597166,-0.05027353377597166,-0.05027353377597166,-0.05256101883915498,-0.05256101883915498,-0.22364707575355558,-0.05485079253152536,-0.14047940680295712,-0.22610802107439065,-0.05714285714285694,-0.14285714285714235,-0.22857142857142954,-0.31428571428571495,-0.40000000000000036,-0.48571428571428577,-0.5714285714285721,-0.6571428571428575,-0.7428571428571429,-0.8285714285714283,-0.9142857142857146,-1.0
-1.0,-0.9142857142857146,-0.8285714285714283,-0.7428571428571429,-0.657142857142857,-0.5714285714285716,-0.48571428571428577,-0.3999999999999999,-0.31428571428571406,-0.22857142857142865,-0.14285714285714324,-0.05714285714285694,0.02857142857142847,0.11428571428571432,0.20000000000000018,0.2857142857142856,0.37142857142857144,0.4571428571428571,0.5428571428571427,0.5714285714285712,0.5714285714285712,0.5714285714285712,0.5714285714285712,0.5714285714285712,0.5714285714285712,0.5714285714285712,0.5714285714285712,0.4836276017763599,0.4818742848883022,0.3128289915860971,0.3128289915860971,0.1437836982838916,0.1437836982838916,-0.02300139573378779,-0.02526159501831371,-0.02978877983910877,-0.02978877983910877,-0.03205576990256365,-0.034325028089954746,-0.03887035791585003,-0.03887035791585003,-0.03887035791585003,-0.04114643409968455,-0.0434247874981204,-0.0434247874981204,-0.04570542038951109,-0.04570542038951109,-0.04798833505449007,-0.04798833505449007,-0.04798833505449007,-0.05027353377597166,-0.05027353377597166,-0.2211885901479791,-0.05256101883915498,-0.13810404729635417,-0.22364707575355558,-0.05485079253152536,-0.14047940680295712,-0.22610802107439065,-0.05714285714285694,-0.14285714285714235,-0.22857142857142954,-0.31428571428571495,-0.40000000000000036,-0.48571428571428577,-0.5714285714285721,-0.6571428571428575,-0.7428571428571429,-0.8285714285714283,-0.9142857142857146,-1.0
-1.0,-0.9142857142857146,-0.8285714285714283,-0.7428571428571429,-0.657142857142857,-0.5714285714285716,-0.48571428571428577,-0.3999999999999999,-0.31428571428571406,-0.22857142857142865,-0.14285714285714324,-0.05714285714285694,0.02857142857142847,0.11428571428571432,0.20000000000000018,0.2857142857142856,0.37142857142857144,0.4285714285714288,0.4285714285714288,0.4285714285714288,0.4285714285714288,0.4285714285714288,0.4285714285714288,0.4285714285714288,0.4285714285714288,0.4285714285714288,0.3147512692729775,0.3147512692729775,0.14587493676959484,0.14587493676959484,-0.020743455518823506,-0.02300139573378779,-0.027524055632600408,-0.027524055632600408,-0.02978877983910877,-0.03205576990256365,-0.036596556670540625,-0.036596556670540625,-0.036596556670540625,-0.03887035791585003,-0.04114643409968455,-0.04114643409968455,-0.0434247874981204,-0.0434247874981204,-0.04570542038951109,-0.04570542038951109,-0.04570542038951109,-0.04798833505449007,-0.04798833505449007,-0.21873256179917488,-0.05027353377597166,-0.13573106196197404,-0.2211885901479791,-0.05256101883915498,-0.13810404729635417,-0.22364707575355558,-0.05485079253152536,-0.14047940680295712,-0.22610802107439065,-0.05714285714285694,-0.14285714285714235,-0.22857142857142954,-0.31428571428571495,-0.40000000000000036,-0.48571428571428577,-0.5714285714285721,-0.6571428571428575,-0.7428571428571429,-0.8285714285714283,-0.9142857142857146,-1.0
-1.0,-0.9142857142857146,-0.8285714285714283,-0.7428571428571429,-0.657142857142857,-0.5714285714285716,-0.48571428571428577,-0.3999999999999999,-0.31428571428571406,-0.22857142857142865,-0.14285714285714324,-0.05714285714285694,0.02857142857142847,0.11428571428571432,0.20000000000000018,0.2857142857142856,0.2857142857142856,0.2857142857142856,0.2857142857142856,0.2857142857142856,0.2857142857142856,0.2857142857142856,0.2857142857142856,0.2857142857142856,0.2857142857142856,0.14796408506208314,0.14796408506208314,-0.01848777211548036,-0.020743455518823506,-0.02526159501831371,-0.02526159501831371,-0.027524055632600408,-0.02978877983910877,-0.034325028089954746,-0.034325028089954746,-0.034325028089954746,-0.036596556670540625,-0.03887035791585003,-0.03887035791585003,-0.04114643409968455,-0.04114643409968455,-0.0434247874981204,-0.0434247874981204,-0.0434247874981204,-0.04570542038951109,-0.04570542038951109,-0.13810404729635417,-0.04798833505449007,-0.13336044842683092,-0.21873256179917488,-0.05027353377597166,-0.13573106196197404,-0.2211885901479791,-0.05256101883915498,-0.13810404729635417,-0.22364707575355558,-0.05485079253152536,-0.14047940680295712,-0.22610802107439065,-0.05714285714285694,-0.14285714285714235,-0.22857142857142954,-0.31428571428571495,-0.40000000000000036,-0.48571428571428577,-0.5714285714285721,-0.6571428571428575,-0.7428571428571429,-0.8285714285714283,-0.9142857142857146,-1.0
-1.0,-0.9142857142857146,-0.8285714285714283,-0.7428571428571429,-0.657142857142857,-0.5714285714285716,-0.48571428571428577,-0.3999999999999999,-0.31428571428571406,-0.22857142857142865,-0.14285714285714324,-0.05714285714285694,0.02857142857142847,0.11428571428571432,0.14285714285714324,0.14285714285714324,0.14285714285714324,0.14285714285714324,0.14285714285714324,0.14285714285714324,0.14285714285714324,0.14285714285714324,0.14285714285714324,0.14285714285714324,-0.016234343268074714,-0.01848777211548036,-0.02300139573378779,-0.02300139573378779,-0.02526159501831371,-0.027524055632600408,-0.03205576990256365,-0.03205576990256365,-0.03205576990256365,-0.034325028089954746,-0.036596556670540625,-0.036596556670540625,-0.03887035791585003,-0.03887035791585003,-0.04114643409968455,-0.04114643409968455,-0.04114643409968455,-0.0434247874981204,-0.0434247874981204,-0.13573106196197404,-0.04570542038951109,-0.13099220432031133,-0.13810404729635417,-0.04798833505449007,-0.13336044842683092,-0.14047940680295712,-0.05027353377597166,-0.13573106196197404,-0.2211885901479791,-0.05256101883915498,-0.13810404729635417,-0.22364707575355558,-0.05485079253152536,-0.14047940680295712,-0.22610802107439065,-0.05714285714285694,-0.14285714285714235,-0.22857142857142954,-0.31428571428571495,-0.40000000000000036,-0.48571428571428577,-0.5714285714285721,-0.6571428571428575,-0.7428571428571429,-0.8285714285714283,-0.9142857142857146,-1.0
-1.0,-0.9142857142857146,-0.8285714285714283,-0.7428571428571429,-0.657142857142857,-0.5714285714285716,-0.48571428571428577,-0.3999999999999999,-0.31428571428571406,-0.22857142857142865,-0.14285714285714324,-0.05714285714285694,0.0,0.0,0.0,0.0,0.0,0.0,0.0,0.0,0.0,-0.013983166723177565,-0.016234343268074714,-0.020743455518823506,-0.02300139573378779,-0.02526159501831371,-0.02526159501831371,-0.02978877983910877,-0.02978877983910877,-0.03205576990256365,-0.03205576990256365,-0.034325028089954746,-0.034325028089954746,-0.036596556670540625,-0.03887035791585003,-0.03887035791585003,-0.03887035791585003,-0.04114643409968455,-0.04114643409968455,-0.04114643409968455,-0.13336044842683092,-0.128626327274171,-0.13573106196197404,-0.04570542038951109,-0.04570542038951109,-0.13810404729635417,-0.13810404729635417,-0.04798833505449007,-0.14047940680295712,-0.05027353377597166,-0.13573106196197404,-0.2211885901479791,-0.05256101883915498,-0.13810404729635417,-0.22364707575355558,-0.22364707575355558,-0.05485079253152536,-0.14047940680295712,-0.31173663534582285,-0.05714285714285694,-0.14285714285714235,-0.22857142857142954,-0.31428571428571495,-0.40000000000000036,-0.48571428571428577,-0.5714285714285721,-0.6571428571428575,-0.7428571428571429,-0.8285714285714283,-0.9142857142857146,-1.0
-1.0101525445522106,-0.925379128040094,-0.840796512546409,-0.756468702564213,-0.6724915597679897,-0.5890150893739516,-0.5062870041905527,-0.4247448213519571,-0.34522988495984475,-0.26954231805876017,-0.20203050891044194,-0.15386185163241395,-0.14285714285714235,-0.14285714285714235,-0.14285714285714235,-0.14285714285714235,-0.14285714285714235,-0.14285714285714235,-0.14285714285714235,-0.14285714285714235,-0.14285714285714235,-0.14285714285714235,-0.14285714285714235,-0.14285714285714235,-0.14285714285714235,-0.14285714285714235,-0.14285714285714235,-0.14285714285714235,-0.14285714285714235,-0.14285714285714235,-0.14285714285714235,-0.14285714285714235,-0.14285714285714235,-0.14285714285714235,-0.14285714285714235,-0.14285714285714235,-0.14285714285714235,-0.14285714285714235,-0.14285714285714235,-0.14285714285714235,-0.14285714285714235,-0.14285714285714235,-0.14285714285714235,-0.14285714285714235,-0.14285714285714235,-0.14285714285714235,-0.14285714285714235,-0.14285714285714235,-0.14285714285714235,-0.14285714285714235,-0.14285714285714235,-0.14285714285714235,-0.14285714285714235,-0.14285714285714235,-0.14285714285714235,-0.14285714285714235,-0.14285714285714235,-0.14285714285714235,-0.14285714285714235,-0.15386185163241395,-0.2020305089104415,-0.2695423180587606,-0.3452298849598452,-0.42474482135195757,-0.5062870041905527,-0.5890150893739521,-0.6724915597679901,-0.756468702564213,-0.840796512546409,-0.9253791280400945,-1.0101525445522106
-1.040015698468646,-0.9578888350994408,-0.876449237153027,-0.7959079015533783,-0.7165677830848263,-0.6388765649999404,-0.5635166549518864,-0.49156144383100786,-0.424744821351958,-0.36589281356759207,-0.31943828249997086,-0.2913725436338743,-0.2857142857142865,-0.2857142857142865,-0.2857142857142865,-0.2857142857142865,-0.2857142857142865,-0.2857142857142865,-0.2857142857142865,-0.2857142857142865,-0.2857142857142865,-0.2857142857142865,-0.2857142857142865,-0.2857142857142865,-0.2857142857142865,-0.2857142857142865,-0.2857142857142865,-0.2857142857142865,-0.2857142857142865,-0.2857142857142865,-0.2857142857142865,-0.2857142857142865,-0.2857142857142865,-0.2857142857142865,-0.2857142857142865,-0.2857142857142865,-0.2857142857142865,-0.2857142857142865,-0.2857142857142865,-0.2857142857142865,-0.2857142857142865,-0.2857142857142865,-0.2857142857142865,-0.2857142857142865,-0.2857142857142865,-0.2857142857142865,-0.2857142857142865,-0.2857142857142865,-0.2857142857142865,-0.2857142857142865,-0.2857142857142865,-0.2857142857142865,-0.2857142857142865,-0.2857142857142865,-0.2857142857142865,-0.2857142857142865,-0.2857142857142865,-0.2857142857142865,-0.2857142857142865,-0.2913725436338739,-0.3194382824999704,-0.3658928135675925,-0.42474482135195846,-0.49156144383100786,-0.5635166549518869,-0.6388765649999408,-0.7165677830848267,-0.7959079015533783,-0.8764492371530266,-0.9578888350994412,-1.040015698468646
-1.0879675865519869,-1.0097484026898451,-0.9328472981322578,-0.8576189154173508,-0.7845445838711989,-0.7142857142857144,-0.6477590885002646,-0.5862367008195202,-0.531459292506808,-0.48571428571428577,-0.4517539514526261,-0.43236417001204464,-0.4285714285714288,-0.4285714285714288,-0.4285714285714288,-0.4285714285714288,-0.4285714285714288,-0.4285714285714288,-0.4285714285714288,-0.4285714285714288,-0.4285714285714288,-0.4285714285714288,-0.4285714285714288,-0.4285714285714288,-0.4285714285714288,-0.4285714285714288,-0.4285714285714288,-0.4285714285714288,-0.4285714285714288,-0.4285714285714288,-0.4285714285714288,-0.4285714285714288,-0.4285714285714288,-0.4285714285714288,-0.4285714285714288,-0.4285714285714288,-0.4285714285714288,-0.4285714285714288,-0.4285714285714288,-0.4285714285714288,-0.4285714285714288,-0.4285714285714288,-0.4285714285714288,-0.4285714285714288,-0.4285714285714288,-0.4285714285714288,-0.4285714285714288,-0.4285714285714288,-0.4285714285714288,-0.4285714285714288,-0.4285714285714288,-0.4285714285714288,-0.4285714285714288,-0.4285714285714288,-0.4285714285714288,-0.4285714285714288,-0.4285714285714288,-0.4285714285714288,-0.4285714285714288,-0.43236417001204464,-0.45175395145262565,-0.4857142857142862,-0.5314592925068085,-0.5862367008195202,-0.6477590885002651,-0.7142857142857149,-0.7845445838711993,-0.8576189154173508,-0.9328472981322573,-1.0097484026898456,-1.0879675865519869
-1.151751106899793,-1.0781692722350402,-1.0065094259319163,-0.9372125409632415,-0.8708428945216093,-0.8081220356417687,-0.749965985623239,-0.6975174637562116,-0.6521549834579039,-0.6154474065296576,-0.5890150893739512,-0.5742786069211934,-0.5714285714285712,-0.5714285714285712,-0.5714285714285712,-0.5714285714285712,-0.5714285714285712,-0.5714285714285712,-0.5714285714285712,-0.5714285714285712,-0.5714285714285712,-0.5714285714285712,-0.5714285714285712,-0.5714285714285712,-0.5714285714285712,-0.5714285714285712,-0.5714285714285712,-0.5714285714285712,-0.5714285714285712,-0.5714285714285712,-0.5714285714285712,-0.5714285714285712,-0.5714285714285712,-0.5714285714285712,-0.5714285714285712,-0.5714285714285712,-0.5714285714285712,-0.5714285714285712,-0.5714285714285712,-0.5714285714285712,-0.5714285714285712,-0.5714285714285712,-0.5714285714285712,-0.5714285714285712,-0.5714285714285712,-0.5714285714285712,-0.5714285714285712,-0.5714285714285712,-0.5714285714285712,-0.5714285714285712,-0.5714285714285712,-0.5714285714285712,-0.5714285714285712,-0.5714285714285712,-0.5714285714285712,-0.5714285714285712,-0.5714285714285712,-0.5714285714285712,-0.5714285714285712,-0.5742786069211934,-0.5890150893739512,-0.6154474065296576,-0.6521549834579043,-0.6975174637562116,-0.749965985623239,-0.8081220356417687,-0.8708428945216098,-0.9372125409632415,-1.0065094259319158,-1.0781692722350407,-1.151751106899793
-1.2289036095775185,-1.1602251716712546,-1.0939536982329514,-1.0305536455355107,-0.9705878715121736,-0.9147320339189786,-0.863783797590342,-0.8186599303939666,-0.7803714447855814,-0.7499659856232399,-0.7284313590846843,-0.7165677830848263,-0.7142857142857149,-0.7142857142857149,-0.7142857142857149,-0.7142857142857149,-0.7142857142857149,-0.7142857142857149,-0.7142857142857149,-0.7142857142857149,-0.7142857142857149,-0.7142857142857149,-0.7142857142857149,-0.7142857142857149,-0.7142857142857149,-0.7142857142857149,-0.7142857142857149,-0.7142857142857149,-0.7142857142857149,-0.7142857142857149,-0.7142857142857149,-0.7142857142857149,-0.7142857142857149,-0.7142857142857149,-0.7142857142857149,-0.7142857142857149,-0.7142857142857149,-0.7142857142857149,-0.7142857142857149,-0.7142857142857149,-0.7142857142857149,-0.7142857142857149,-0.7142857142857149,-0.7142857142857149,-0.7142857142857149,-0.7142857142857149,-0.7142857142857149,-0.7142857142857149,-0.7142857142857149,-0.7142857142857149,-0.7142857142857149,-0.7142857142857149,-0.7142857142857149,-0.7142857142857149,-0.7142857142857149,-0.7142857142857149,-0.7142857142857149,-0.7142857142857149,-0.7142857142857149,-0.7165677830848263,-0.7284313590846838,-0.7499659856232399,-0.7803714447855814,-0.8186599303939666,-0.863783797590342,-0.9147320339189795,-0.9705878715121736,-1.0305536455355107,-1.0939536982329514,-1.160225171671255,-1.2289036095775185
-1.3170777796132698,-1.2532406971120746,-1.1921512025728607,-1.1342533280730978,-1.0800604669391887,-1.0301575072754257,-0.9851965514038095,-0.9458825918426772,-0.9129454462097404,-0.8870956969291441,-0.8689660757568887,-0.8590455073355949,-0.8571428571428572,-0.8571428571428572,-0.8571428571428572,-0.8571428571428572,-0.8571428571428572,-0.8571428571428572,-0.8571428571428572,-0.8571428571428572,-0.8571428571428572,-0.8571428571428572,-0.8571428571428572,-0.8571428571428572,-0.8571428571428572,-0.8571428571428572,-0.8571428571428572,-0.8571428571428572,-0.8571428571428572,-0.8571428571428572,-0.8571428571428572,-0.8571428571428572,-0.8571428571428572,-0.8571428571428572,-0.8571428571428572,-0.8571428571428572,-0.8571428571428572,-0.8571428571428572,-0.8571428571428572,-0.8571428571428572,-0.8571428571428572,-0.8571428571428572,-0.8571428571428572,-0.8571428571428572,-0.8571428571428572,-0.8571428571428572,-0.8571428571428572,-0.8571428571428572,-0.8571428571428572,-0.8571428571428572,-0.8571428571428572,-0.8571428571428572,-0.8571428571428572,-0.8571428571428572,-0.8571428571428572,-0.8571428571428572,-0.8571428571428572,-0.8571428571428572,-0.8571428571428572,-0.8590455073355949,-0.8689660757568882,-0.8870956969291446,-0.9129454462097408,-0.9458825918426772,-0.9851965514038099,-1.030157507275426,-1.0800604669391891,-1.1342533280730978,-1.1921512025728607,-1.253240697112075,-1.3170777796132698
-1.414213562373095,-1.3549606515862145,-1.2986649345558297,-1.2457273918052367,-1.1965938052212528,-1.151751106899793,-1.1117186547624982,-1.0770329614269007,-1.0482249330196654,-1.0257898897723567,-1.010152544552211,-1.0016313224547488,-1.0,-1.0,-1.0,-1.0,-1.0,-1.0,-1.0,-1.0,-1.0,-1.0,-1.0,-1.0,-1.0,-1.0,-1.0,-1.0,-1.0,-1.0,-1.0,-1.0,-1.0,-1.0,-1.0,-1.0,-1.0,-1.0,-1.0,-1.0,-1.0,-1.0,-1.0,-1.0,-1.0,-1.0,-1.0,-1.0,-1.0,-1.0,-1.0,-1.0,-1.0,-1.0,-1.0,-1.0,-1.0,-1.0,-1.0,-1.0016313224547488,-1.0101525445522106,-1.0257898897723567,-1.0482249330196654,-1.0770329614269007,-1.1117186547624982,-1.151751106899793,-1.1965938052212532,-1.2457273918052367,-1.2986649345558297,-1.3549606515862145,-1.414213562373095
-1.5185922589620926,-1.4635712542703652,-1.4116136373754995,-1.3630697647858927,-1.318316799435351,-1.2777531299998794,-1.2417893606914698,-1.2108354343095478,-1.1852839150109444,-1.1654901745354929,-1.151751106899792,-1.1442848225429012,-1.1428571428571423,-1.1428571428571423,-1.1428571428571423,-1.1428571428571423,-1.1428571428571423,-1.1428571428571423,-1.1428571428571423,-1.1428571428571423,-1.1428571428571423,-1.1428571428571423,-1.1428571428571423,-1.1428571428571423,-1.1428571428571423,-1.1428571428571423,-1.1428571428571423,-1.1428571428571423,-1.1428571428571423,-1.1428571428571423,-1.1428571428571423,-1.1428571428571423,-1.1428571428571423,-1.1428571428571423,-1.1428571428571423,-1.1428571428571423,-1.1428571428571423,-1.1428571428571423,-1.1428571428571423,-1.1428571428571423,-1.1428571428571423,-1.1428571428571423,-1.1428571428571423,-1.1428571428571423,-1.1428571428571423,-1.1428571428571423,-1.1428571428571423,-1.1428571428571423,-1.1428571428571423,-1.1428571428571423,-1.1428571428571423,-1.1428571428571423,-1.1428571428571423,-1.1428571428571423,-1.1428571428571423,-1.1428571428571423,-1.1428571428571423,-1.1428571428571423,-1.1428571428571423,-1.1442848225429012,-1.151751106899792,-1.1654901745354933,-1.1852839150109449,-1.2108354343095478,-1.2417893606914698,-1.2777531299998799,-1.3183167994353515,-1.3630697647858927,-1.4116136373754995,-1.4635712542703652,-1.5185922589620926
-1.628822035855912,-1.577650021974689,-1.5295724359227636,-1.4848898811641473,-1.4439175735420893,-1.4069796859708728,-1.3744015395206515,-1.3464996191940783,-1.323569693931483,-1.3058737008030223,-1.2936264483053463,-1.2869835005205958,-1.2857142857142865,-1.2857142857142865,-1.2857142857142865,-1.2857142857142865,-1.2857142857142865,-1.2857142857142865,-1.2857142857142865,-1.2857142857142865,-1.2857142857142865,-1.2857142857142865,-1.2857142857142865,-1.2857142857142865,-1.2857142857142865,-1.2857142857142865,-1.2857142857142865,-1.2857142857142865,-1.2857142857142865,-1.2857142857142865,-1.2857142857142865,-1.2857142857142865,-1.2857142857142865,-1.2857142857142865,-1.2857142857142865,-1.2857142857142865,-1.2857142857142865,-1.2857142857142865,-1.2857142857142865,-1.2857142857142865,-1.2857142857142865,-1.2857142857142865,-1.2857142857142865,-1.2857142857142865,-1.2857142857142865,-1.2857142857142865,-1.2857142857142865,-1.2857142857142865,-1.2857142857142865,-1.2857142857142865,-1.2857142857142865,-1.2857142857142865,-1.2857142857142865,-1.2857142857142865,-1.2857142857142865,-1.2857142857142865,-1.2857142857142865,-1.2857142857142865,-1.2857142857142865,-1.2869835005205958,-1.293626448305346,-1.3058737008030228,-1.323569693931483,-1.3464996191940788,-1.3744015395206515,-1.4069796859708732,-1.4439175735420897,-1.4848898811641473,-1.5295724359227632,-1.577650021974689,-1.628822035855912
-1.743793659390529,-1.6960939519606666,-1.6514681161849634,-1.610171748983471,-1.5724671892362303,-1.5386185163241444,-1.5088852487441025,-1.4835148555139623,-1.4627343698480235,-1.4467415887053905,-1.4356965173029845,-1.429713828936778,-1.4285714285714288,-1.4285714285714288,-1.4285714285714288,-1.4285714285714288,-1.4285714285714288,-1.4285714285714288,-1.4285714285714288,-1.4285714285714288,-1.4285714285714288,-1.4285714285714288,-1.4285714285714288,-1.4285714285714288,-1.4285714285714288,-1.4285714285714288,-1.4285714285714288,-1.4285714285714288,-1.4285714285714288,-1.4285714285714288,-1.4285714285714288,-1.4285714285714288,-1.4285714285714288,-1.4285714285714288,-1.4285714285714288,-1.4285714285714288,-1.4285714285714288,-1.4285714285714288,-1.4285714285714288,-1.4285714285714288,-1.4285714285714288,-1.4285714285714288,-1.4285714285714288,-1.4285714285714288,-1.4285714285714288,-1.4285714285714288,-1.4285714285714288,-1.4285714285714288,-1.4285714285714288,-1.4285714285714288,-1.4285714285714288,-1.4285714285714288,-1.4285714285714288,-1.4285714285714288,-1.4285714285714288,-1.4285714285714288,-1.4285714285714288,-1.4285714285714288,-1.4285714285714288,-1.429713828936778,-1.4356965173029845,-1.4467415887053905,-1.4627343698480235,-1.4835148555139623,-1.5088852487441025,-1.5386185163241448,-1.5724671892362307,-1.610171748983471,-1.651468116184963,-1.696093951960667,-1.743793659390529
-1.8626292586293278,-1.8180500879923471,-1.7764904636239782,-1.7381669913434434,-1.703298121233015,-1.6720999872456606,-1.6447814816713433,-1.621538699847167,-1.6025489899863037,-1.5879649407531717,-1.577908716741037,-1.5724671892362299,-1.5714285714285712,-1.5714285714285712,-1.5714285714285712,-1.5714285714285712,-1.5714285714285712,-1.5714285714285712,-1.5714285714285712,-1.5714285714285712,-1.5714285714285712,-1.5714285714285712,-1.5714285714285712,-1.5714285714285712,-1.5714285714285712,-1.5714285714285712,-1.5714285714285712,-1.5714285714285712,-1.5714285714285712,-1.5714285714285712,-1.5714285714285712,-1.5714285714285712,-1.5714285714285712,-1.5714285714285712,-1.5714285714285712,-1.5714285714285712,-1.5714285714285712,-1.5714285714285712,-1.5714285714285712,-1.5714285714285712,-1.5714285714285712,-1.5714285714285712,-1.5714285714285712,-1.5714285714285712,-1.5714285714285712,-1.5714285714285712,-1.5714285714285712,-1.5714285714285712,-1.5714285714285712,-1.5714285714285712,-1.5714285714285712,-1.5714285714285712,-1.5714285714285712,-1.5714285714285712,-1.5714285714285712,-1.5714285714285712,-1.5714285714285712,-1.5714285714285712,-1.5714285714285712,-1.5724671892362299,-1.577908716741037,-1.5879649407531717,-1.6025489899863037,-1.621538699847167,-1.6447814816713433,-1.6720999872456606,-1.703298121233015,-1.7381669913434434,-1.7764904636239782,-1.8180500879923471,-1.8626292586293278
-1.9846348556356856,-1.9428571428571422,-1.9040236664624146,-1.8683180256310639,-1.8359227230191246,-1.8070158058105017,-1.781767066019298,-1.7603339200856407,-1.742857142857142,-1.7294566800481772,-1.7202277969703275,-1.7152378308347003,-1.7142857142857135,-1.7142857142857135,-1.7142857142857135,-1.7142857142857135,-1.7142857142857135,-1.7142857142857135,-1.7142857142857135,-1.7142857142857135,-1.7142857142857135,-1.7142857142857135,-1.7142857142857135,-1.7142857142857135,-1.7142857142857135,-1.7142857142857135,-1.7142857142857135,-1.7142857142857135,-1.7142857142857135,-1.7142857142857135,-1.7142857142857135,-1.7142857142857135,-1.7142857142857135,-1.7142857142857135,-1.7142857142857135,-1.7142857142857135,-1.7142857142857135,-1.7142857142857135,-1.7142857142857135,-1.7142857142857135,-1.7142857142857135,-1.7142857142857135,-1.7142857142857135,-1.7142857142857135,-1.7142857142857135,-1.7142857142857135,-1.7142857142857135,-1.7142857142857135,-1.7142857142857135,-1.7142857142857135,-1.7142857142857135,-1.7142857142857135,-1.7142857142857135,-1.7142857142857135,-1.7142857142857135,-1.7142857142857135,-1.7142857142857135,-1.7142857142857135,-1.7142857142857135,-1.7152378308347003,-1.7202277969703275,-1.7294566800481772,-1.742857142857142,-1.7603339200856407,-1.781767066019298,-1.8070158058105017,-1.8359227230191246,-1.8683180256310639,-1.9040236664624146,-1.9428571428571422,-1.9846348556356856
-2.1092604371762,-2.069999507049138,-2.033595388488486,-2.000204071221388,-1.9699787629643666,-1.9430672155336355,-1.9196088036846657,-1.8997314525576332,-1.8835485398685154,-1.8711559234323367,-1.8626292586293287,-1.85802177004447,-1.8571428571428577,-1.8571428571428577,-1.8571428571428577,-1.8571428571428577,-1.8571428571428577,-1.8571428571428577,-1.8571428571428577,-1.8571428571428577,-1.8571428571428577,-1.8571428571428577,-1.8571428571428577,-1.8571428571428577,-1.8571428571428577,-1.8571428571428577,-1.8571428571428577,-1.8571428571428577,-1.8571428571428577,-1.8571428571428577,-1.8571428571428577,-1.8571428571428577,-1.8571428571428577,-1.8571428571428577,-1.8571428571428577,-1.8571428571428577,-1.8571428571428577,-1.8571428571428577,-1.8571428571428577,-1.8571428571428577,-1.8571428571428577,-1.8571428571428577,-1.8571428571428577,-1.8571428571428577,-1.8571428571428577,-1.8571428571428577,-1.8571428571428577,-1.8571428571428577,-1.8571428571428577,-1.8571428571428577,-1.8571428571428577,-1.8571428571428577,-1.8571428571428577,-1.8571428571428577,-1.8571428571428577,-1.8571428571428577,-1.8571428571428577,-1.8571428571428577,-1.8571428571428577,-1.85802177004447,-1.8626292586293287,-1.8711559234323367,-1.8835485398685154,-1.8997314525576332,-1.9196088036846657,-1.9430672155336355,-1.9699787629643666,-2.000204071221388,-2.033595388488486,-2.069999507049138,-2.1092604371762
-2.23606797749979,-2.1990721605592984,-2.164839627373099,-2.1335033945822257,-2.105192802261559,-2.080031396937291,-2.0581346815373713,-2.0396078054371145,-2.024543284349357,-2.0130188518638326,-2.0050955496597425,-2.0008161600013254,-2.0,-2.0,-2.0,-2.0,-2.0,-2.0,-2.0,-2.0,-2.0,-2.0,-2.0,-2.0,-2.0,-2.0,-2.0,-2.0,-2.0,-2.0,-2.0,-2.0,-2.0,-2.0,-2.0,-2.0,-2.0,-2.0,-2.0,-2.0,-2.0,-2.0,-2.0,-2.0,-2.0,-2.0,-2.0,-2.0,-2.0,-2.0,-2.0,-2.0,-2.0,-2.0,-2.0,-2.0,-2.0,-2.0,-2.0,-2.0008161600013254,-2.0050955496597425,-2.0130188518638334,-2.024543284349358,-2.0396078054371145,-2.0581346815373713,-2.080031396937291,-2.105192802261559,-2.1335033945822257,-2.164839627373099,-2.1990721605592984,-2.23606797749979
