0.0,0.0,0.0,0.0,0.0,0.0,0.0,0.0,0.0,0.0,0.0,0.0,0.0,0.0,0.0,0.0,0.0,0.0,0.0,0.0,0.0,0.0,0.0,0.0,0.0,0.0,0.0,0.0,0.0,0.0,0.0,0.0,0.0,0.0,0.0,0.0,0.0,0.0,0.0,0.0,0.0,0.0,0.0,0.0,0.0,0.0,0.0,0.0,0.0,0.0,1.0,1.0,1.0,1.0,1.0,1.0,1.0,1.0,1.0,1.0,2.0,2.0,2.0,2.0,2.02,2.07,2.3,2.76,2.94,2.98,3.0,2.95,3.02,2.8,2.88,3.16,3.35,2.81,2.78,2.8,2.73,2.81,4.78,2.74,2.87,2.86,2.72,2.67,2.65,2.78,3.06,2.79,2.44,2.33,2.17,1.95,1.91,1.8,1.59,1.17,1.02
0.0,0.0,0.0,0.0,0.0,0.0,0.0,0.0,0.0,0.0,0.0,0.0,0.0,0.0,0.0,0.0,0.0,0.0,0.0,0.0,0.0,0.0,0.0,0.0,0.0,0.0,0.0,0.0,0.0,0.0,0.0,0.0,0.0,0.0,0.0,0.0,0.0,0.0,0.0,0.0,0.0,0.0,0.0,0.0,0.0,0.0,0.0,0.0,0.0,0.0,1.0,1.0,1.0,1.0,1.0,1.0,1.0,1.0,1.0,1.0,2.0,2.0,2.0,2.0,2.02,2.13,2.49,2.73,2.96,2.97,2.99,2.96,2.96,2.82,2.79,3.09,3.25,2.8,2.78,2.8,2.71,2.86,4.58,2.73,2.84,2.74,2.65,2.65,2.64,2.74,2.94,2.64,2.33,2.19,2.03,1.83,1.78,1.79,1.6,1.18,0.94
0.0,0.0,0.0,0.0,0.0,0.0,0.0,0.0,0.0,0.0,0.0,0.0,0.0,0.0,0.0,0.0,0.0,0.0,0.0,0.0,0.0,0.0,0.0,0.0,0.0,0.0,0.0,0.0,0.0,0.0,0.0,0.0,0.0,0.0,0.0,0.0,0.0,0.0,0.0,0.0,0.0,0.0,0.0,0.0,0.0,0.0,0.0,0.0,0.0,0.0,1.0,1.0,1.0,1.0,1.0,1.0,1.0,1.0,1.0,1.0,2.0,2.0,2.0,2.0,2.02,2.14,2.49,2.82,2.96,2.95,2.98,2.94,2.84,2.69,2.76,3.05,3.35,2.79,2.73,2.85,2.7,2.8,4.31,2.72,2.8,2.73,2.64,2.65,2.62,2.79,2.84,2.58,2.32,2.12,1.95,1.78,1.68,1.64,1.36,1.02,1.39
0.0,0.0,0.0,0.0,0.0,0.0,0.0,0.0,0.0,0.0,0.0,0.0,0.0,0.0,0.0,0.0,0.0,0.0,0.0,0.0,0.0,0.0,0.0,0.0,0.0,0.0,0.0,0.0,0.0,0.0,0.0,0.0,0.0,0.0,0.0,0.0,0.0,0.0,0.0,0.0,0.0,0.0,0.0,0.0,0.0,0.0,0.0,0.0,0.0,0.0,1.0,1.0,1.0,1.0,1.0,1.0,1.0,1.0,1.0,2.0,2.0,2.0,2.0,2.01,2.17,2.57,2.83,2.96,2.95,2.97,2.92,2.83,2.76,2.72,2.99,3.22,2.79,2.71,2.88,2.7,2.85,5.07,2.7,2.8,2.7,2.63,2.65,2.63,2.74,2.84,2.44,2.24,2.11,1.92,1.75,1.65,1.64,1.34,0.95,1.17,0.69
0.0,0.0,0.0,0.0,0.0,0.0,0.0,0.0,0.0,0.0,0.0,0.0,0.0,0.0,0.0,0.0,0.0,0.0,0.0,0.0,0.0,0.0,0.0,0.0,0.0,0.0,0.0,0.0,0.0,0.0,0.0,0.0,0.0,0.0,0.0,0.0,0.0,0.0,0.0,0.0,0.0,0.0,0.0,0.0,0.0,0.0,0.0,0.0,0.0,0.0,1.0,1.0,1.0,1.0,1.0,1.0,1.0,1.0,1.0,2.0,2.0,2.0,2.0,2.06,2.18,2.57,2.85,2.91,2.91,2.88,2.81,2.8,2.7,2.73,3.05,3.26,2.74,2.65,2.81,2.66,2.91,4.34,2.69,2.74,2.69,2.63,2.59,2.6,2.63,2.61,2.43,2.1,2.06,1.92,1.72,1.6,1.6,1.21,1.03,2.25,0.65
0.0,0.0,0.0,0.0,0.0,0.0,0.0,0.0,0.0,0.0,0.0,0.0,0.0,0.0,0.0,0.0,0.0,0.0,0.0,0.0,0.0,0.0,0.0,0.0,0.0,0.0,0.0,0.0,0.0,0.0,0.0,0.0,0.0,0.0,0.0,0.0,0.0,0.0,0.0,0.0,0.0,0.0,0.0,0.0,0.0,0.0,0.0,0.0,0.0,0.0,1.0,1.0,1.0,1.0,1.0,1.0,1.0,1.0,1.0,2.0,2.0,2.0,2.01,2.04,2.26,2.74,2.88,2.91,2.89,2.86,2.79,2.74,2.68,2.73,2.98,3.25,2.74,2.65,2.81,2.66,2.86,4.72,2.67,2.69,2.66,2.62,2.56,2.56,2.62,2.61,2.3,2.07,1.88,1.74,1.62,1.46,1.44,1.11,0.87,1.62,0.61
0.0,0.0,0.0,0.0,0.0,0.0,0.0,0.0,0.0,0.0,0.0,0.0,0.0,0.0,0.0,0.0,0.0,0.0,0.0,0.0,0.0,0.0,0.0,0.0,0.0,0.0,0.0,0.0,0.0,0.0,0.0,0.0,0.0,0.0,0.0,0.0,0.0,0.0,0.0,0.0,0.0,0.0,0.0,0.0,0.0,0.0,0.0,0.0,0.0,0.0,1.0,1.0,1.0,1.0,1.0,1.0,1.0,1.0,1.0,2.0,2.0,2.0,2.02,2.12,2.28,2.74,2.89,2.9,2.84,2.84,2.73,2.77,2.68,2.7,3.01,3.13,2.76,2.63,2.77,2.64,2.8,5.09,2.65,2.67,2.62,2.59,2.54,2.52,2.63,2.45,2.2,2.04,1.87,1.58,1.49,1.36,1.38,1.03,0.77,2.64,0.56
0.0,0.0,0.0,0.0,0.0,0.0,0.0,0.0,0.0,0.0,0.0,0.0,0.0,0.0,0.0,0.0,0.0,0.0,0.0,0.0,0.0,0.0,0.0,0.0,0.0,0.0,0.0,0.0,0.0,0.0,0.0,0.0,0.0,0.0,0.0,0.0,0.0,0.0,0.0,0.0,0.0,0.0,0.0,0.0,0.0,0.0,0.0,0.0,0.0,0.0,1.0,1.0,1.0,1.0,1.0,1.0,1.0,1.0,1.0,2.0,2.0,2.0,2.01,2.08,2.46,2.76,2.88,2.9,2.77,2.76,2.69,2.72,2.6,2.66,2.93,2.96,2.72,2.57,2.82,2.62,2.88,4.31,2.61,2.65,2.59,2.56,2.48,2.48,2.5,2.41,2.23,1.99,1.69,1.59,1.46,1.39,1.29,0.92,0.69,2.48,0.5
0.0,0.0,0.0,0.0,0.0,0.0,0.0,0.0,0.0,0.0,0.0,0.0,0.0,0.0,0.0,0.0,0.0,0.0,0.0,0.0,0.0,0.0,0.0,0.0,0.0,0.0,0.0,0.0,0.0,0.0,0.0,0.0,0.0,0.0,0.0,0.0,0.0,0.0,0.0,0.0,0.0,0.0,0.0,0.0,0.0,0.0,0.0,0.0,0.0,0.0,1.0,1.0,1.0,1.0,1.0,1.0,1.0,1.0,2.0,2.0,2.0,2.01,2.1,2.51,2.77,2.86,7.57,2.79,2.73,2.67,2.68,2.62,2.7,3.0,3.31,2.77,2.6,2.81,2.63,2.87,4.73,2.65,2.62,2.56,2.54,2.5,2.48,2.48,2.29,2.08,1.87,1.7,1.49,1.35,1.34,1.25,0.97,0.62,3.35,0.51,0.5
0.0,0.0,0.0,0.0,0.0,0.0,0.0,0.0,0.0,0.0,0.0,0.0,0.0,0.0,0.0,0.0,0.0,0.0,0.0,0.0,0.0,0.0,0.0,0.0,0.0,0.0,0.0,0.0,0.0,0.0,0.0,0.0,0.0,0.0,0.0,0.0,0.0,0.0,0.0,0.0,0.0,0.0,0.0,0.0,0.0,0.0,0.0,0.0,0.0,0.0,1.0,1.0,1.0,1.0,1.0,1.0,1.0,1.0,2.0,2.0,2.0,2.01,2.15,2.5,2.78,2.82,2.79,2.71,2.63,2.63,2.64,2.6,2.69,2.84,3.05,2.71,2.57,2.81,2.61,2.87,3.82,2.58,2.56,2.54,2.5,2.38,2.41,2.35,2.16,2.0,1.73,1.58,1.31,1.28,1.16,1.12,0.81,0.59,2.54,0.42,0.5
0.0,0.0,0.0,0.0,0.0,0.0,0.0,0.0,0.0,0.0,0.0,0.0,0.0,0.0,0.0,0.0,0.0,0.0,0.0,0.0,0.0,0.0,0.0,0.0,0.0,0.0,0.0,0.0,0.0,0.0,0.0,0.0,0.0,0.0,0.0,0.0,0.0,0.0,0.0,0.0,0.0,0.0,0.0,0.0,0.0,0.0,0.0,0.0,0.0,0.0,1.0,1.0,1.0,1.0,1.0,1.0,1.0,1.0,2.0,2.0,2.0,2.02,2.22,2.68,2.81,2.81,2.76,2.65,2.61,2.61,2.64,2.59,2.64,2.75,2.86,2.71,2.56,2.78,2.62,2.75,3.69,2.57,2.58,2.54,2.5,2.44,2.37,2.23,2.29,1.97,1.71,1.53,1.25,1.17,1.11,1.02,0.72,0.56,4.09,0.45,0.44
0.0,0.0,0.0,0.0,0.0,0.0,0.0,0.0,0.0,0.0,0.0,0.0,0.0,0.0,0.0,0.0,0.0,0.0,0.0,0.0,0.0,0.0,0.0,0.0,0.0,0.0,0.0,0.0,0.0,0.0,0.0,0.0,0.0,0.0,0.0,0.0,0.0,0.0,0.0,0.0,0.0,0.0,0.0,0.0,0.0,0.0,0.0,0.0,0.0,0.0,1.0,1.0,1.0,1.0,1.0,1.0,1.0,1.0,2.0,2.0,2.0,2.05,2.29,2.57,2.82,5.56,2.72,2.62,2.55,2.55,2.62,2.56,2.64,2.77,2.93,2.7,2.55,2.78,2.59,2.78,3.7,2.56,2.51,2.5,2.39,2.35,2.25,2.18,2.09,1.98,1.62,1.42,1.16,1.05,1.08,1.01,0.62,0.48,4.5,0.37,0.42
0.0,0.0,0.0,0.0,0.0,0.0,0.0,0.0,0.0,0.0,0.0,0.0,0.0,0.0,0.0,0.0,0.0,0.0,0.0,0.0,0.0,0.0,0.0,0.0,0.0,0.0,0.0,0.0,0.0,0.0,0.0,0.0,0.0,0.0,0.0,0.0,0.0,0.0,0.0,0.0,0.0,0.0,0.0,0.0,0.0,0.0,0.0,0.0,0.0,0.0,1.0,1.0,1.0,1.0,1.0,1.0,1.0,1.0,2.0,2.0,2.01,2.06,2.3,2.66,2.79,2.71,2.67,2.56,2.52,2.54,2.58,2.57,2.65,2.89,2.64,2.71,2.53,2.79,2.56,2.71,3.62,2.52,2.52,2.45,2.39,2.31,2.23,2.06,1.93,1.89,1.5,1.42,1.07,1.05,0.99,0.85,0.54,0.45,3.65,0.36,0.38
0.0,0.0,0.0,0.0,0.0,0.0,0.0,0.0,0.0,0.0,0.0,0.0,0.0,0.0,0.0,0.0,0.0,0.0,0.0,0.0,0.0,0.0,0.0,0.0,0.0,0.0,0.0,0.0,0.0,0.0,0.0,0.0,0.0,0.0,0.0,0.0,0.0,0.0,0.0,0.0,0.0,0.0,0.0,0.0,0.0,0.0,0.0,0.0,0.0,0.0,1.0,1.0,1.0,1.0,1.0,1.0,1.0,2.0,2.0,2.01,2.05,2.36,2.7,2.77,2.68,2.65,2.54,2.53,2.52,2.64,2.56,2.63,2.66,2.61,2.72,2.55,2.71,2.56,2.77,3.14,2.54,2.49,2.44,2.37,2.27,2.21,1.99,1.93,1.82,1.34,1.35,1.09,1.02,0.88,0.89,0.54,0.42,3.85,0.35,0.39,0.71
0.0,0.0,0.0,0.0,0.0,0.0,0.0,0.0,0.0,0.0,0.0,0.0,0.0,0.0,0.0,0.0,0.0,0.0,0.0,0.0,0.0,0.0,0.0,0.0,0.0,0.0,0.0,0.0,0.0,0.0,0.0,0.0,0.0,0.0,0.0,0.0,0.0,0.0,0.0,0.0,0.0,0.0,0.0,0.0,0.0,0.0,0.0,0.0,0.0,0.0,1.0,1.0,1.0,1.0,1.0,1.0,1.0,2.0,2.0,2.0,2.07,2.42,2.76,2.76,2.68,2.61,2.46,2.47,2.51,2.59,2.54,2.61,4.8,2.67,2.62,2.53,2.75,2.55,2.77,3.16,2.49,2.46,2.42,2.33,2.23,2.08,1.9,1.99,1.69,1.35,1.17,1.02,0.88,0.9,0.7,0.45,0.38,4.56,0.31,0.3,0.67
0.0,0.0,0.0,0.0,0.0,0.0,0.0,0.0,0.0,0.0,0.0,0.0,0.0,0.0,0.0,0.0,0.0,0.0,0.0,0.0,0.0,0.0,0.0,0.0,0.0,0.0,0.0,0.0,0.0,0.0,0.0,0.0,0.0,0.0,0.0,0.0,0.0,0.0,0.0,0.0,0.0,0.0,0.0,0.0,0.0,0.0,0.0,0.0,0.0,0.0,1.0,1.0,1.0,1.0,1.0,1.0,1.0,2.0,2.0,2.0,2.13,2.51,2.75,2.71,2.6,2.6,2.44,3.24,2.49,2.6,2.53,2.65,17.44,2.59,2.59,2.53,2.71,2.54,2.59,2.88,2.48,2.42,2.33,2.25,2.14,2.07,1.81,1.86,1.83,1.39,1.03,0.89,0.86,0.75,0.71,0.39,0.37,3.64,0.3,0.32,0.74
0.0,0.0,0.0,0.0,0.0,0.0,0.0,0.0,0.0,0.0,0.0,0.0,0.0,0.0,0.0,0.0,0.0,0.0,0.0,0.0,0.0,0.0,0.0,0.0,0.0,0.0,0.0,0.0,0.0,0.0,0.0,0.0,0.0,0.0,0.0,0.0,0.0,0.0,0.0,0.0,0.0,0.0,0.0,0.0,0.0,0.0,0.0,0.0,0.0,0.0,1.0,1.0,1.0,1.0,1.0,1.0,1.0,2.0,2.0,2.02,2.15,2.45,2.69,2.65,2.55,2.49,3.62,2.43,2.51,2.6,2.9,2.63,2.64,2.56,2.63,2.51,2.7,2.52,2.73,3.23,2.44,2.4,2.3,2.23,2.07,1.92,1.72,1.7,1.7,1.23,0.98,0.77,0.82,0.68,0.69,0.36,0.32,4.58,0.28,0.3,0.68
0.0,0.0,0.0,0.0,0.0,0.0,0.0,0.0,0.0,0.0,0.0,0.0,0.0,0.0,0.0,0.0,0.0,0.0,0.0,0.0,0.0,0.0,0.0,0.0,0.0,0.0,0.0,0.0,0.0,0.0,0.0,0.0,0.0,0.0,0.0,0.0,0.0,0.0,0.0,0.0,0.0,0.0,0.0,0.0,0.0,0.0,0.0,0.0,0.0,0.0,1.0,1.0,1.0,1.0,1.0,1.0,1.0,2.0,2.0,2.03,2.17,2.6,2.61,2.56,2.52,2.52,2.38,2.44,2.49,2.6,2.49,4.91,2.59,2.55,2.61,2.5,2.68,2.52,2.55,2.62,2.43,2.35,2.27,2.09,1.96,1.89,1.58,1.7,1.64,1.25,0.93,0.75,0.77,0.67,0.67,0.35,0.26,4.18,0.25,0.28,0.73
0.0,0.0,0.0,0.0,0.0,0.0,0.0,0.0,0.0,0.0,0.0,0.0,0.0,0.0,0.0,0.0,0.0,0.0,0.0,0.0,0.0,0.0,0.0,0.0,0.0,0.0,0.0,0.0,0.0,0.0,0.0,0.0,0.0,0.0,0.0,0.0,0.0,0.0,0.0,0.0,0.0,0.0,0.0,0.0,0.0,0.0,0.0,0.0,0.0,0.0,1.0,1.0,1.0,1.0,1.0,1.0,2.0,2.0,2.03,2.19,2.64,2.68,2.91,2.44,2.45,2.38,2.45,2.49,2.57,2.48,2.59,2.56,2.54,2.6,2.5,2.67,2.52,2.51,2.62,2.37,2.3,2.29,2.08,1.99,1.72,1.59,1.59,1.52,1.36,0.87,0.74,0.73,0.64,0.69,0.37,0.25,4.35,0.24,0.28,0.66,0.8
0.0,0.0,0.0,0.0,0.0,0.0,0.0,0.0,0.0,0.0,0.0,0.0,0.0,0.0,0.0,0.0,0.0,0.0,0.0,0.0,0.0,0.0,0.0,0.0,0.0,0.0,0.0,0.0,0.0,0.0,0.0,0.0,0.0,0.0,0.0,0.0,0.0,0.0,0.0,0.0,0.0,0.0,0.0,0.0,0.0,0.0,0.0,0.0,0.0,0.0,1.0,1.0,1.0,1.0,1.0,1.0,2.0,2.0,2.05,2.27,2.55,2.62,2.92,2.45,2.57,2.37,2.43,3.62,2.56,4.82,2.6,2.52,2.52,2.58,2.48,2.7,2.5,2.49,2.5,2.34,2.25,2.15,2.04,1.9,1.66,1.46,1.57,1.57,1.23,0.75,0.62,0.7,0.56,0.72,0.37,0.26,5.34,0.19,0.24,0.67,0.59
0.0,0.0,0.0,0.0,0.0,0.0,0.0,0.0,0.0,0.0,0.0,0.0,0.0,0.0,0.0,0.0,0.0,0.0,0.0,0.0,0.0,0.0,0.0,0.0,0.0,0.0,0.0,0.0,0.0,0.0,0.0,0.0,0.0,0.0,0.0,0.0,0.0,0.0,0.0,0.0,0.0,0.0,0.0,0.0,0.0,0.0,0.0,0.0,0.0,0.0,1.0,1.0,1.0,1.0,1.0,1.0,2.0,2.01,2.07,2.24,2.54,2.61,2.45,2.38,2.85,2.36,2.41,2.48,2.53,2.45,2.58,2.52,2.52,2.54,2.48,2.55,2.47,2.48,2.45,2.3,2.25,2.12,1.93,1.73,1.59,1.4,1.36,1.49,1.3,0.74,0.63,0.64,0.48,0.63,0.33,0.23,3.41,0.17,0.24,0.67,0.56
0.0,0.0,0.0,0.0,0.0,0.0,0.0,0.0,0.0,0.0,0.0,0.0,0.0,0.0,0.0,0.0,0.0,0.0,0.0,0.0,0.0,0.0,0.0,0.0,0.0,0.0,0.0,0.0,0.0,0.0,0.0,0.0,0.0,0.0,0.0,0.0,0.0,0.0,0.0,0.0,0.0,0.0,0.0,0.0,0.0,0.0,0.0,0.0,0.0,0.0,1.0,1.0,1.0,1.0,1.0,1.0,2.0,2.01,2.07,2.34,2.52,2.5,2.37,2.6,2.48,3.04,2.42,2.45,2.47,2.44,2.55,2.51,2.51,2.52,2.47,2.53,2.48,2.39,2.47,2.26,2.17,2.09,1.85,1.76,1.42,1.32,1.42,1.33,1.05,0.69,0.56,0.63,0.46,0.62,0.29,0.18,4.34,0.12,0.25,0.57,0.52
0.0,0.0,0.0,0.0,0.0,0.0,0.0,0.0,0.0,0.0,0.0,0.0,0.0,0.0,0.0,0.0,0.0,0.0,0.0,0.0,0.0,0.0,0.0,0.0,0.0,0.0,0.0,0.0,0.0,0.0,0.0,0.0,0.0,0.0,0.0,0.0,0.0,0.0,0.0,0.0,0.0,0.0,0.0,0.0,0.0,0.0,0.0,0.0,0.0,0.0,1.0,1.0,1.0,1.0,1.0,1.0,2.0,2.01,2.07,2.39,2.53,2.59,2.39,2.32,2.36,2.46,2.41,2.46,2.5,2.44,2.52,2.5,2.5,2.45,2.45,2.45,2.42,2.36,2.25,2.22,2.09,1.96,1.78,1.63,1.36,1.16,1.29,1.3,1.13,0.61,0.5,0.56,0.38,0.61,0.28,0.17,4.59,0.13,0.22,0.58,0.32
0.0,0.0,0.0,0.0,0.0,0.0,0.0,0.0,0.0,0.0,0.0,0.0,0.0,0.0,0.0,0.0,0.0,0.0,0.0,0.0,0.0,0.0,0.0,0.0,0.0,0.0,0.0,0.0,0.0,0.0,0.0,0.0,0.0,0.0,0.0,0.0,0.0,0.0,0.0,0.0,0.0,0.0,0.0,0.0,0.0,0.0,0.0,0.0,0.0,0.0,1.0,1.0,1.0,1.0,1.0,2.0,2.01,2.16,2.43,2.5,2.43,2.34,2.31,2.34,2.36,2.39,2.43,2.51,2.75,2.53,2.46,2.47,2.45,2.46,2.45,2.45,2.32,2.25,2.18,2.05,1.89,1.73,1.6,1.23,1.13,1.14,1.26,1.18,0.55,0.52,0.6,0.35,0.71,0.27,0.17,3.19,0.09,0.23,0.64,0.35,0.15
0.0,0.0,0.0,0.0,0.0,0.0,0.0,0.0,0.0,0.0,0.0,0.0,0.0,0.0,0.0,0.0,0.0,0.0,0.0,0.0,0.0,0.0,0.0,0.0,0.0,0.0,0.0,0.0,0.0,0.0,0.0,0.0,0.0,0.0,0.0,0.0,0.0,0.0,0.0,0.0,0.0,0.0,0.0,0.0,0.0,0.0,0.0,0.0,0.0,0.0,1.0,1.0,1.0,1.0,1.0,2.05,2.01,2.12,2.4,2.47,2.41,2.33,2.51,2.33,3.54,2.5,2.42,2.47,2.6,2.55,2.48,2.46,2.42,2.42,2.46,2.4,2.28,2.22,2.12,1.97,1.81,1.61,1.42,1.23,1.01,1.02,1.06,1.33,0.52,0.49,0.53,0.35,0.6,0.25,0.13,4.73,0.08,0.24,0.7,0.15,0.1
0.0,0.0,0.0,0.0,0.0,0.0,0.0,0.0,0.0,0.0,0.0,0.0,0.0,0.0,0.0,0.0,0.0,0.0,0.0,0.0,0.0,0.0,0.0,0.0,0.0,0.0,0.0,0.0,0.0,0.0,0.0,0.0,0.0,0.0,0.0,0.0,0.0,0.0,0.0,0.0,0.0,0.0,0.0,0.0,0.0,0.0,0.0,0.0,0.0,0.0,1.0,1.0,1.0,1.0,1.0,2.3,2.02,2.2,2.35,2.48,2.38,2.45,2.28,2.33,2.33,2.41,2.57,2.48,2.41,2.55,2.44,2.47,2.41,2.41,2.43,2.38,2.26,2.13,2.06,1.87,1.76,1.52,1.32,1.29,0.97,1.0,0.82,1.01,0.48,0.4,0.56,0.29,0.57,0.27,0.11,5.0,0.06,0.21,0.6,0.19,0.15
0.0,0.0,0.0,0.0,0.0,0.0,0.0,0.0,0.0,0.0,0.0,0.0,0.0,0.0,0.0,0.0,0.0,0.0,0.0,0.0,0.0,0.0,0.0,0.0,0.0,0.0,0.0,0.0,0.0,0.0,0.0,0.0,0.0,0.0,0.0,0.0,0.0,0.0,0.0,0.0,0.0,0.0,0.0,0.0,0.0,0.0,0.0,0.0,0.0,0.0,1.0,1.0,1.0,1.0,1.0,2.14,2.06,2.18,2.43,2.37,2.3,2.28,2.63,2.36,2.33,2.37,2.57,2.45,2.39,2.49,2.44,2.46,2.42,2.38,2.38,2.3,2.21,2.13,1.94,1.88,1.63,1.37,1.28,1.06,0.89,0.82,0.75,0.86,0.41,0.42,0.51,0.25,0.6,0.25,0.11,3.31,0.05,0.18,0.57,0.06,0.12
0.0,0.0,0.0,0.0,0.0,0.0,0.0,0.0,0.0,0.0,0.0,0.0,0.0,0.0,0.0,0.0,0.0,0.0,0.0,0.0,0.0,0.0,0.0,0.0,0.0,0.0,0.0,0.0,0.0,0.0,0.0,0.0,0.0,0.0,0.0,0.0,0.0,0.0,0.0,0.0,0.0,0.0,0.0,0.0,0.0,0.0,0.0,0.0,0.0,0.0,1.0,1.0,1.0,1.0,1.0,2.0,2.05,2.25,2.42,2.36,2.27,2.57,2.25,2.53,2.46,2.9,2.89,2.43,2.39,2.48,2.7,2.58,2.35,2.37,2.38,2.31,2.15,2.03,1.93,1.74,1.5,1.38,1.15,0.95,0.87,0.86,0.63,0.98,0.4,0.38,0.49,0.26,0.72,0.24,0.1,4.06,0.04,0.18,0.72,0.16,0.09
0.0,0.0,0.0,0.0,0.0,0.0,0.0,0.0,0.0,0.0,0.0,0.0,0.0,0.0,0.0,0.0,0.0,0.0,0.0,0.0,0.0,0.0,0.0,0.0,0.0,0.0,0.0,0.0,0.0,0.0,0.0,0.0,0.0,0.0,0.0,0.0,0.0,0.0,0.0,0.0,0.0,0.0,0.0,0.0,0.0,0.0,0.0,0.0,0.0,0.0,1.0,1.0,1.0,1.0,2.46,2.06,2.32,2.39,2.36,2.27,2.41,2.26,2.61,2.47,2.34,2.39,2.42,2.42,2.45,2.42,2.42,2.36,2.35,2.34,2.24,2.14,2.03,1.89,1.62,1.42,1.34,1.06,0.94,0.8,0.86,0.75,0.96,0.37,0.35,0.46,0.21,0.5,0.22,0.09,3.42,0.03,0.17,0.56,0.06,0.13,0.05
0.0,0.0,0.0,0.0,0.0,0.0,0.0,0.0,0.0,0.0,0.0,0.0,0.0,0.0,0.0,0.0,0.0,0.0,0.0,0.0,0.0,0.0,0.0,0.0,0.0,0.0,0.0,0.0,0.0,0.0,0.0,0.0,0.0,0.0,0.0,0.0,0.0,0.0,0.0,0.0,0.0,0.0,0.0,0.0,0.0,0.0,0.0,0.0,0.0,0.0,1.0,1.0,1.0,1.0,2.0,2.07,2.22,2.38,2.33,2.24,2.25,2.32,2.59,2.31,2.81,2.36,2.39,2.37,2.45,2.39,2.42,2.38,2.32,2.26,2.19,2.05,1.97,1.81,1.59,1.38,1.25,0.97,0.82,0.77,0.76,0.69,0.8,0.35,0.34,0.43,0.21,0.59,0.23,0.07,3.38,0.02,0.15,0.61,0.05,0.08,0.03
0.0,0.0,0.0,0.0,0.0,0.0,0.0,0.0,0.0,0.0,0.0,0.0,0.0,0.0,0.0,0.0,0.0,0.0,0.0,0.0,0.0,0.0,0.0,0.0,0.0,0.0,0.0,0.0,0.0,0.0,0.0,0.0,0.0,0.0,0.0,0.0,0.0,0.0,0.0,0.0,0.0,0.0,0.0,0.0,0.0,0.0,0.0,0.0,0.0,0.0,1.0,1.0,1.0,1.0,2.01,2.12,2.32,2.33,2.26,2.24,2.24,2.37,2.32,2.46,2.33,2.34,2.39,2.36,2.45,2.42,2.42,2.31,2.3,2.22,2.15,1.95,1.84,1.73,1.45,1.24,4.14,5.69,0.72,0.77,0.66,0.53,0.83,0.34,0.33,0.43,0.17,0.42,0.24,0.06,3.28,0.02,0.13,0.69,0.03,0.05,0.01
0.0,0.0,0.0,0.0,0.0,0.0,0.0,0.0,0.0,0.0,0.0,0.0,0.0,0.0,0.0,0.0,0.0,0.0,0.0,0.0,0.0,0.0,0.0,0.0,0.0,0.0,0.0,0.0,0.0,0.0,0.0,0.0,0.0,0.0,0.0,0.0,0.0,0.0,0.0,0.0,0.0,0.0,0.0,0.0,0.0,0.0,0.0,0.0,0.0,0.0,1.0,1.0,1.0,1.0,2.01,2.14,2.25,2.27,2.55,2.22,2.57,2.26,2.52,2.28,2.32,2.33,2.35,2.36,2.38,2.37,2.38,2.3,2.23,2.18,2.12,1.97,1.78,1.62,1.42,1.18,1.09,0.9,0.72,0.78,0.65,0.58,0.7,0.28,0.3,0.35,0.15,0.36,0.18,0.06,2.61,0.02,0.09,0.84,0.02,0.03,0.01
0.0,0.0,0.0,0.0,0.0,0.0,0.0,0.0,0.0,0.0,0.0,0.0,0.0,0.0,0.0,0.0,0.0,0.0,0.0,0.0,0.0,0.0,0.0,0.0,0.0,0.0,0.0,0.0,0.0,0.0,0.0,0.0,0.0,0.0,0.0,0.0,0.0,0.0,0.0,0.0,0.0,0.0,0.0,0.0,0.0,0.0,0.0,0.0,0.0,0.0,1.0,1.0,1.0,1.0,2.02,2.11,2.25,2.25,2.25,2.19,2.23,2.31,2.3,2.45,2.32,2.33,2.39,2.34,2.35,2.35,2.32,2.29,2.21,2.11,1.98,1.84,1.65,1.49,1.41,1.15,0.92,0.76,0.66,0.65,0.54,0.51,0.59,0.27,0.3,0.33,0.14,0.39,0.15,0.04,3.24,0.01,0.09,0.58,0.05,0.04,0.01
0.0,0.0,0.0,0.0,0.0,0.0,0.0,0.0,0.0,0.0,0.0,0.0,0.0,0.0,0.0,0.0,0.0,0.0,0.0,0.0,0.0,0.0,0.0,0.0,0.0,0.0,0.0,0.0,0.0,0.0,0.0,0.0,0.0,0.0,0.0,0.0,0.0,0.0,0.0,0.0,0.0,0.0,0.0,0.0,0.0,0.0,0.0,0.0,0.0,0.0,1.0,1.0,1.0,2.05,2.12,2.23,2.32,2.3,2.2,2.28,2.26,2.3,2.27,2.31,2.33,2.37,2.33,2.36,2.36,2.3,2.22,2.19,2.14,1.97,1.76,1.64,1.45,1.23,1.14,0.97,0.73,0.66,0.62,0.52,0.43,0.74,0.26,0.3,0.37,0.14,0.44,0.18,0.05,2.09,0.01,0.06,0.55,0.05,0.02,0.0,0.0
0.0,0.0,0.0,0.0,0.0,0.0,0.0,0.0,0.0,0.0,0.0,0.0,0.0,0.0,0.0,0.0,0.0,0.0,0.0,0.0,0.0,0.0,0.0,0.0,0.0,0.0,0.0,0.0,0.0,0.0,0.0,0.0,0.0,0.0,0.0,0.0,0.0,0.0,0.0,0.0,0.0,0.0,0.0,0.0,0.0,0.0,0.0,0.0,0.0,0.0,1.0,1.0,1.0,2.03,2.15,2.27,2.25,2.2,2.29,2.22,2.24,2.29,2.26,2.29,2.31,2.34,2.44,2.33,2.32,2.28,2.23,2.14,2.06,1.91,1.67,1.56,1.38,1.2,0.95,0.83,0.67,0.55,0.64,0.5,0.39,0.65,0.24,0.3,0.31,0.11,0.3,0.11,0.04,1.82,0.01,0.06,0.64,0.02,0.01,0.0,0.0
0.0,0.0,0.0,0.0,0.0,0.0,0.0,0.0,0.0,0.0,0.0,0.0,0.0,0.0,0.0,0.0,0.0,0.0,0.0,0.0,0.0,0.0,0.0,0.0,0.0,0.0,0.0,0.0,0.0,0.0,0.0,0.0,0.0,0.0,0.0,0.0,0.0,0.0,0.0,0.0,0.0,0.0,0.0,0.0,0.0,0.0,0.0,0.0,0.0,0.0,1.0,1.0,1.0,2.04,2.16,2.24,2.23,2.19,2.2,2.22,2.23,2.29,2.25,2.3,2.31,2.33,2.31,2.33,2.32,2.24,2.67,1.98,1.94,1.81,1.53,1.44,1.21,1.1,0.91,0.75,0.65,0.55,5.0,0.49,0.41,0.52,0.23,0.26,0.25,0.1,0.24,0.12,0.03,1.56,0.01,0.05,0.38,0.01,0.01,0.0,0.0
0.0,0.0,0.0,0.0,0.0,0.0,0.0,0.0,0.0,0.0,0.0,0.0,0.0,0.0,0.0,0.0,0.0,0.0,0.0,0.0,0.0,0.0,0.0,0.0,0.0,0.0,0.0,0.0,0.0,0.0,0.0,0.0,0.0,0.0,0.0,0.0,0.0,0.0,0.0,0.0,0.0,0.0,0.0,0.0,0.0,0.0,0.0,0.0,0.0,0.0,1.0,1.0,1.0,2.05,2.15,2.23,2.19,2.21,2.19,2.22,2.31,2.34,2.38,2.4,2.3,2.31,2.3,2.29,2.26,2.64,2.13,1.98,1.84,2.08,1.55,1.34,1.26,0.98,0.84,0.72,0.58,0.52,0.51,0.44,0.37,0.48,0.22,0.33,0.25,0.1,0.21,0.12,0.03,0.91,0.0,0.04,0.38,0.01,0.01,0.0,0.0
0.0,0.0,0.0,0.0,0.0,0.0,0.0,0.0,0.0,0.0,0.0,0.0,0.0,0.0,0.0,0.0,0.0,0.0,0.0,0.0,0.0,0.0,0.0,0.0,0.0,0.0,0.0,0.0,0.0,0.0,0.0,0.0,0.0,0.0,0.0,0.0,0.0,0.0,0.0,0.0,0.0,0.0,0.0,0.0,0.0,0.0,0.0,0.0,0.0,0.0,1.0,1.0,1.0,2.05,2.16,2.2,2.21,2.17,2.19,2.24,2.24,2.25,2.36,2.27,2.3,2.43,2.29,2.28,2.22,2.18,2.08,1.91,1.84,1.56,1.38,1.35,1.12,1.0,0.78,0.63,0.55,0.49,0.5,0.47,0.38,1.94,0.2,0.74,0.23,0.08,0.22,0.06,0.03,0.52,0.0,0.01,0.33,0.01,0.0,0.0,0.0
0.0,0.0,0.0,0.0,0.0,0.0,0.0,0.0,0.0,0.0,0.0,0.0,0.0,0.0,0.0,0.0,0.0,0.0,0.0,0.0,0.0,0.0,0.0,0.0,0.0,0.0,0.0,0.0,0.0,0.0,0.0,0.0,0.0,0.0,0.0,0.0,0.0,0.0,0.0,0.0,0.0,0.0,0.0,0.0,0.0,0.0,0.0,0.0,0.0,0.0,1.0,1.0,2.07,2.18,2.2,2.19,2.17,2.19,2.22,2.23,2.24,2.25,2.25,2.28,2.27,2.25,2.26,2.24,2.18,2.09,1.9,1.72,1.58,1.35,1.29,1.08,0.89,0.81,0.59,0.53,0.48,0.47,0.45,0.34,0.35,0.15,0.25,0.2,0.06,0.14,0.08,0.02,1.04,0.0,0.02,0.42,0.01,0.0,0.01,0.0,0.0
0.0,0.0,0.0,0.0,0.0,0.0,0.0,0.0,0.0,0.0,0.0,0.0,0.0,0.0,0.0,0.0,0.0,0.0,0.0,0.0,0.0,0.0,0.0,0.0,0.0,0.0,0.0,0.0,0.0,0.0,0.0,0.0,0.0,0.0,0.0,0.0,0.0,0.0,0.0,0.0,0.0,0.0,0.0,0.0,0.0,0.0,0.0,0.0,0.0,0.0,1.0,1.0,2.08,2.18,2.19,2.19,2.18,2.19,2.22,2.26,2.25,2.23,2.26,2.27,2.27,2.24,2.35,2.21,2.08,1.95,1.82,1.73,1.5,1.35,1.19,0.98,0.84,0.68,0.57,0.5,0.47,0.45,0.43,0.35,0.36,0.15,0.25,3.36,0.06,0.14,0.08,0.02,0.65,0.0,0.02,0.18,0.0,0.0,0.0,0.0,0.0
0.0,0.0,0.0,0.0,0.0,0.0,0.0,0.0,0.0,0.0,0.0,0.0,0.0,0.0,0.0,0.0,0.0,0.0,0.0,0.0,0.0,0.0,0.0,0.0,0.0,0.0,0.0,0.0,0.0,0.0,0.0,0.0,0.0,0.0,0.0,0.0,0.0,0.0,0.0,0.0,0.0,0.0,0.0,0.0,0.0,0.0,0.0,0.0,0.0,0.0,1.0,1.0,2.09,2.18,2.18,2.17,2.17,2.19,2.21,2.27,2.23,2.4,2.24,2.27,2.24,2.25,2.21,2.18,2.04,1.95,1.69,1.56,1.44,1.17,1.18,0.91,0.86,0.66,0.55,0.45,0.43,0.45,0.35,0.27,0.31,0.13,0.2,0.15,0.05,0.12,0.06,0.02,0.26,0.0,0.01,0.27,0.0,0.0,0.0,0.0,0.0
0.0,0.0,0.0,0.0,0.0,0.0,0.0,0.0,0.0,0.0,0.0,0.0,0.0,0.0,0.0,0.0,0.0,0.0,0.0,0.0,0.0,0.0,0.0,0.0,0.0,0.0,0.0,0.0,0.0,0.0,0.0,0.0,0.0,0.0,0.0,0.0,0.0,0.0,0.0,0.0,0.0,0.0,0.0,0.0,0.0,0.0,0.0,0.0,0.0,0.0,1.0,1.0,2.1,2.2,2.18,2.17,2.17,2.19,2.21,2.21,2.23,2.23,2.24,2.26,2.37,2.37,2.18,2.14,2.04,1.9,1.61,1.55,1.29,1.08,1.02,0.83,0.75,0.59,0.45,1.5,1.32,0.39,0.38,0.28,0.29,0.1,0.23,0.19,0.46,0.1,25.9,0.02,0.0,0.0,0.01,0.18,0.0,0.0,0.0,0.0,0.0
0.0,0.0,0.0,0.0,0.0,0.0,0.0,0.0,0.0,0.0,0.0,0.0,0.0,0.0,0.0,0.0,0.0,0.0,0.0,0.0,0.0,0.0,0.0,0.0,0.0,0.0,0.0,0.0,0.0,0.0,0.0,0.0,0.0,0.0,0.0,0.0,0.0,0.0,0.0,0.0,0.0,0.0,0.0,0.0,0.0,0.0,0.0,0.0,0.0,0.0,1.0,1.0,2.12,2.16,2.17,2.17,2.17,2.19,2.22,2.23,2.21,2.23,2.24,2.24,2.23,2.18,2.14,2.04,1.89,1.77,1.56,1.33,1.31,1.02,0.94,0.73,0.73,0.57,0.68,0.39,0.43,0.34,1.88,0.22,0.27,0.08,0.22,0.12,0.83,0.08,12.83,0.02,0.26,0.0,0.01,0.15,0.0,0.0,0.0,0.0,0.0
0.0,0.0,0.0,0.0,0.0,0.0,0.0,0.0,0.0,0.0,0.0,0.0,0.0,0.0,0.0,0.0,0.0,0.0,0.0,0.0,0.0,0.0,0.0,0.0,0.0,0.0,0.0,0.0,0.0,0.0,0.0,0.0,0.0,0.0,0.0,0.0,0.0,0.0,0.0,0.0,0.0,0.0,0.0,0.0,0.0,0.0,0.0,0.0,0.0,0.0,1.0,2.12,2.17,2.17,2.16,2.17,2.19,2.2,2.21,2.22,2.22,2.23,2.24,2.2,2.55,2.13,1.99,1.85,1.7,1.51,1.35,1.16,1.02,0.95,0.75,0.67,0.58,0.51,0.4,0.43,0.36,0.32,0.29,0.31,0.09,0.17,0.16,0.04,0.06,0.03,0.01,0.0,0.0,0.0,0.09,0.0,0.0,0.0,0.0,0.0,0.0
0.0,0.0,0.0,0.0,0.0,0.0,0.0,0.0,0.0,0.0,0.0,0.0,0.0,0.0,0.0,0.0,0.0,0.0,0.0,0.0,0.0,0.0,0.0,0.0,0.0,0.0,0.0,0.0,0.0,0.0,0.0,0.0,0.0,0.0,0.0,0.0,0.0,0.0,0.0,0.0,0.0,0.0,0.0,0.0,0.0,0.0,0.0,0.0,0.0,0.0,1.0,2.12,2.17,2.16,2.17,2.17,2.19,2.2,2.24,2.22,2.22,2.22,2.21,2.17,2.11,2.11,1.98,1.79,1.53,1.37,1.2,1.09,1.63,0.83,0.72,0.71,0.54,0.38,0.36,0.72,0.32,0.33,0.19,0.2,0.81,0.2,0.11,0.02,0.21,0.03,0.01,0.01,0.0,0.0,0.09,0.0,0.0,0.0,0.0,0.0,0.0
0.0,0.0,0.0,0.0,0.0,0.0,0.0,0.0,0.0,0.0,0.0,0.0,0.0,0.0,0.0,0.0,0.0,0.0,0.0,0.0,0.0,0.0,0.0,0.0,0.0,0.0,0.0,0.0,0.0,0.0,0.0,0.0,0.0,0.0,0.0,0.0,0.0,0.0,0.0,0.0,0.0,0.0,0.0,0.0,0.0,0.0,0.0,0.0,0.0,0.0,1.0,2.12,2.16,2.16,2.17,2.17,2.19,2.19,2.19,2.2,2.28,2.2,2.21,2.15,2.13,2.06,1.85,1.82,1.47,1.26,1.18,0.94,0.86,0.78,0.68,0.61,0.54,0.34,0.3,0.36,0.32,0.38,1.03,0.14,0.06,1.4,0.11,0.93,0.05,0.03,0.02,0.02,0.1,0.0,0.02,0.0,0.0,0.0,0.0,0.0,0.0
0.0,0.0,0.0,0.0,0.0,0.0,0.0,0.0,0.0,0.0,0.0,0.0,0.0,0.0,0.0,0.0,0.0,0.0,0.0,0.0,0.0,0.0,0.0,0.0,0.0,0.0,0.0,0.0,0.0,0.0,0.0,0.0,0.0,0.0,0.0,0.0,0.0,0.0,0.0,0.0,0.0,0.0,0.0,0.0,0.0,0.0,0.0,0.0,0.0,0.0,1.0,2.12,2.16,2.16,2.16,2.17,2.19,2.19,2.19,2.2,2.2,2.29,2.2,2.08,2.04,2.01,1.83,1.62,1.34,1.2,1.11,0.86,0.84,0.71,0.56,0.63,0.45,0.52,0.48,0.43,0.88,0.53,0.22,0.27,0.04,0.14,0.07,0.02,0.27,0.02,0.01,0.0,0.0,0.0,0.04,0.0,0.0,0.0,0.0,0.0,0.0
0.0,0.0,0.0,0.0,0.0,0.0,0.0,0.0,0.0,0.0,0.0,0.0,0.0,0.0,0.0,0.0,0.0,0.0,0.0,0.0,0.0,0.0,0.0,0.0,0.0,0.0,0.0,0.0,0.0,0.0,0.0,0.0,0.0,0.0,0.0,0.0,0.0,0.0,0.0,0.0,0.0,0.0,0.0,0.0,0.0,0.0,0.0,0.0,0.0,0.0,1.0,2.14,2.15,2.16,2.16,2.17,2.18,2.19,2.19,2.2,2.19,2.16,2.12,2.1,1.99,1.86,1.72,1.59,1.3,1.01,1.01,0.81,0.71,0.66,0.86,0.59,0.45,0.68,0.3,0.33,0.29,0.28,0.12,0.39,0.05,0.09,0.06,0.4,0.04,0.02,0.01,0.01,0.0,1.81,0.02,0.0,0.0,0.0,0.0,0.0,0.0
0.0,0.0,0.0,0.0,0.0,0.0,0.0,0.0,0.0,0.0,0.0,0.0,0.0,0.0,0.0,0.0,0.0,0.0,0.0,0.0,0.0,0.0,0.0,0.0,0.0,0.0,0.0,0.0,0.0,0.0,0.0,0.0,0.0,0.0,0.0,0.0,0.0,0.0,0.0,0.0,0.0,0.0,0.0,0.0,0.0,0.0,0.0,0.0,0.0,0.0,2.14,2.15,2.15,2.17,2.17,2.18,2.18,2.18,2.18,2.19,2.16,2.15,2.04,1.93,2.18,1.6,1.5,1.26,0.95,0.95,0.79,0.75,0.62,0.53,0.55,0.44,0.26,0.27,0.59,0.8,0.29,0.13,0.1,0.04,0.07,0.23,0.01,0.03,0.02,0.01,0.0,0.0,0.1,3.63,0.0,0.0,0.0,-0.0,0.0,0.0,0.0
0.0,0.0,0.0,0.0,0.0,0.0,0.0,0.0,0.0,0.0,0.0,0.0,0.0,0.0,0.0,0.0,0.0,0.0,0.0,0.0,0.0,0.0,0.0,0.0,0.0,0.0,0.0,0.0,0.0,0.0,0.0,0.0,0.0,0.0,0.0,0.0,0.0,0.0,0.0,0.0,0.0,0.0,0.0,0.0,0.0,0.0,0.0,0.0,0.0,0.0,2.13,2.15,2.15,2.16,2.17,2.18,2.18,2.18,2.18,2.19,2.12,2.07,1.94,1.82,1.76,1.54,1.44,1.12,0.99,0.85,0.69,0.65,0.59,1.2,0.53,0.44,0.27,0.59,0.61,0.4,0.26,1.09,0.08,0.03,0.07,0.04,0.11,0.03,0.02,0.08,0.0,0.0,0.0,0.04,0.0,0.0,0.0,0.0,0.0,0.0,0.0
0.0,0.0,0.0,0.0,0.0,0.0,0.0,0.0,0.0,0.0,0.0,0.0,0.0,0.0,0.0,0.0,0.0,0.0,0.0,0.0,0.0,0.0,0.0,0.0,0.0,0.0,0.0,0.0,0.0,0.0,0.0,0.0,0.0,0.0,0.0,0.0,0.0,0.0,0.0,0.0,0.0,0.0,0.0,0.0,0.0,0.0,0.0,0.0,0.0,0.0,2.12,2.14,2.16,2.17,2.17,2.19,2.18,2.18,2.18,2.15,2.1,2.02,1.97,1.78,1.72,1.4,1.37,0.97,0.86,0.89,0.67,0.69,0.84,0.45,0.51,0.4,0.72,0.37,0.29,0.2,0.21,0.05,0.26,0.07,0.84,0.09,0.01,0.03,0.01,0.0,0.0,0.0,0.0,0.0,0.0,0.0,0.0,0.0,0.0,0.0,0.0
0.0,0.0,0.0,0.0,0.0,0.0,0.0,0.0,0.0,0.0,0.0,0.0,0.0,0.0,0.0,0.0,0.0,0.0,0.0,0.0,0.0,0.0,0.0,0.0,0.0,0.0,0.0,0.0,0.0,0.0,0.0,0.0,0.0,0.0,0.0,0.0,0.0,0.0,0.0,0.0,0.0,0.0,0.0,0.0,0.0,0.0,0.0,0.0,0.0,0.0,2.12,2.15,2.15,2.16,2.17,2.17,2.18,2.17,2.15,2.12,2.05,2.01,1.83,1.74,1.6,1.42,1.2,0.94,0.78,0.81,0.55,0.57,0.55,0.42,0.49,0.36,0.22,0.21,0.25,0.2,0.2,0.13,0.05,0.17,0.67,0.34,0.01,0.34,0.01,0.0,0.0,0.0,0.03,0.0,0.0,0.0,0.0,0.0,0.0,0.0,0.0
0.0,0.0,0.0,0.0,0.0,0.0,0.0,0.0,0.0,0.0,0.0,0.0,0.0,0.0,0.0,0.0,0.0,0.0,0.0,0.0,0.0,0.0,0.0,0.0,0.0,0.0,0.0,0.0,0.0,0.0,0.0,0.0,0.0,0.0,0.0,0.0,0.0,0.0,0.0,0.0,0.0,0.0,0.0,0.0,0.0,0.0,0.0,0.0,0.0,0.0,2.13,2.14,2.16,2.16,2.16,2.17,2.18,2.16,2.14,2.11,2.03,1.96,1.74,1.6,1.43,1.2,1.1,0.86,0.73,0.77,0.57,0.69,0.59,0.39,0.91,0.35,0.19,0.18,0.27,0.19,0.85,0.23,0.97,0.09,0.22,0.02,0.13,0.02,0.01,0.0,0.0,0.0,0.0,0.0,0.0,0.0,0.0,0.0,0.0,0.0,0.0
0.0,0.0,0.0,0.0,0.0,0.0,0.0,0.0,0.0,0.0,0.0,0.0,0.0,0.0,0.0,0.0,0.0,0.0,0.0,0.0,0.0,0.0,0.0,0.0,0.0,0.0,0.0,0.0,0.0,0.0,0.0,0.0,0.0,0.0,0.0,0.0,0.0,0.0,0.0,0.0,0.0,0.0,0.0,0.0,0.0,0.0,0.0,0.0,0.0,0.0,2.15,2.16,2.16,2.17,2.17,2.17,2.19,2.13,2.05,2.01,1.87,1.79,1.57,1.43,1.22,1.19,0.85,0.71,0.69,0.49,0.55,0.54,0.37,0.41,1.13,0.72,0.18,0.52,0.59,0.16,0.03,0.05,0.03,0.02,0.01,0.0,0.02,0.01,0.05,0.0,0.0,0.0,0.0,0.0,0.0,0.0,0.0,0.0,0.0,0.0,0.0
0.0,0.0,0.0,0.0,0.0,0.0,0.0,0.0,0.0,0.0,0.0,0.0,0.0,0.0,0.0,0.0,0.0,0.0,0.0,0.0,0.0,0.0,0.0,0.0,0.0,0.0,0.0,0.0,0.0,0.0,0.0,0.0,0.0,0.0,0.0,0.0,0.0,0.0,0.0,0.0,0.0,0.0,0.0,0.0,0.0,0.0,0.0,0.0,0.0,0.0,2.14,2.15,2.17,2.17,2.17,2.16,2.13,2.08,2.04,1.92,1.86,1.73,1.51,1.33,1.09,1.07,1.41,0.62,0.62,0.49,0.54,0.52,0.38,1.0,0.84,0.15,0.18,0.19,0.17,0.74,0.02,0.05,0.03,0.02,0.13,0.19,0.02,0.0,0.03,0.09,0.0,0.0,0.0,0.0,0.0,0.0,0.0,0.0,0.0,0.0,0.0
0.0,0.0,0.0,0.0,0.0,0.0,0.0,0.0,0.0,0.0,0.0,0.0,0.0,0.0,0.0,0.0,0.0,0.0,0.0,0.0,0.0,0.0,0.0,0.0,0.0,0.0,0.0,0.0,0.0,0.0,0.0,0.0,0.0,0.0,0.0,0.0,0.0,0.0,0.0,0.0,0.0,0.0,0.0,0.0,0.0,0.0,0.0,0.0,0.0,0.0,2.14,2.16,2.16,2.16,2.16,2.15,2.1,2.09,1.98,1.86,1.75,1.57,1.46,1.24,1.0,0.94,0.67,0.6,0.59,0.45,0.7,0.51,0.3,0.29,0.28,1.1,0.37,0.17,0.89,0.1,0.16,0.12,0.03,0.02,0.01,0.0,0.01,0.0,0.08,0.0,0.01,-0.0,0.0,0.0,0.0,0.0,0.0,0.0,0.0,0.0,0.0
0.0,0.0,0.0,0.0,0.0,0.0,0.0,0.0,0.0,0.0,0.0,0.0,0.0,0.0,0.0,0.0,0.0,0.0,0.0,0.0,0.0,0.0,0.0,0.0,0.0,0.0,0.0,0.0,0.0,0.0,0.0,0.0,0.0,0.0,0.0,0.0,0.0,0.0,0.0,0.0,0.0,0.0,0.0,0.0,0.0,0.0,0.0,0.0,0.0,0.0,2.13,2.15,2.16,2.16,2.15,2.14,2.12,2.08,2.0,1.78,1.71,1.47,1.39,1.13,0.92,0.8,0.61,0.52,0.54,1.27,0.42,1.11,0.27,0.55,0.22,0.14,0.45,0.23,0.13,0.12,0.02,0.02,0.03,0.02,0.0,0.0,0.01,0.08,0.0,0.0,0.0,0.0,0.0,0.0,0.0,0.0,0.0,0.0,0.0,0.0,0.0
0.0,0.0,0.0,0.0,0.0,0.0,0.0,0.0,0.0,0.0,0.0,0.0,0.0,0.0,0.0,0.0,0.0,0.0,0.0,0.0,0.0,0.0,0.0,0.0,0.0,0.0,0.0,0.0,0.0,0.0,0.0,0.0,0.0,0.0,0.0,0.0,0.0,0.0,0.0,0.0,0.0,0.0,0.0,0.0,0.0,0.0,0.0,0.0,0.0,0.0,2.15,2.15,2.16,2.16,2.15,2.12,2.04,2.01,1.83,1.72,1.57,1.42,1.26,1.04,0.83,0.78,0.57,0.48,0.56,0.4,0.39,0.45,0.24,0.26,0.22,0.14,0.16,0.15,0.1,0.32,1.16,0.02,0.03,0.04,0.0,0.12,0.01,0.0,0.08,0.0,0.0,0.0,0.0,0.0,0.0,0.0,0.0,0.0,0.0,0.0,0.0
0.0,0.0,0.0,0.0,0.0,0.0,0.0,0.0,0.0,0.0,0.0,0.0,0.0,0.0,0.0,0.0,0.0,0.0,0.0,0.0,0.0,0.0,0.0,0.0,0.0,0.0,0.0,0.0,0.0,0.0,0.0,0.0,0.0,0.0,0.0,0.0,0.0,0.0,0.0,0.0,0.0,0.0,0.0,0.0,0.0,0.0,0.0,0.0,0.0,0.0,2.16,2.16,2.15,2.15,2.1,2.06,1.94,1.8,1.72,1.47,1.32,1.14,1.0,0.87,0.9,0.52,0.45,0.49,0.39,0.51,0.36,0.36,1.38,0.17,0.13,0.17,0.12,0.09,0.08,0.11,0.03,0.02,0.01,0.0,0.0,0.01,0.0,0.0,0.03,0.0,0.0,0.0,0.0,0.0,0.0,0.0,0.0,0.0,0.0,0.0,0.0
0.0,0.0,0.0,0.0,0.0,0.0,0.0,0.0,0.0,0.0,0.0,0.0,0.0,0.0,0.0,0.0,0.0,0.0,0.0,0.0,0.0,0.0,0.0,0.0,0.0,0.0,0.0,0.0,0.0,0.0,0.0,0.0,0.0,0.0,0.0,0.0,0.0,0.0,0.0,0.0,0.0,0.0,0.0,0.0,0.0,0.0,0.0,0.0,0.0,0.0,2.15,2.15,2.13,2.14,2.08,2.04,1.91,1.73,1.6,1.39,1.24,1.09,0.91,0.84,0.65,0.5,1.39,0.52,0.37,0.29,0.31,0.72,0.42,0.16,0.23,0.45,0.09,0.09,0.04,0.01,0.02,0.02,0.01,0.0,0.0,0.0,0.0,0.0,0.0,0.0,0.0,0.0,0.0,0.0,0.0,0.0,0.0,0.0,0.0,0.0,0.0
0.0,0.0,0.0,0.0,0.0,0.0,0.0,0.0,0.0,0.0,0.0,0.0,0.0,0.0,0.0,0.0,0.0,0.0,0.0,0.0,0.0,0.0,0.0,0.0,0.0,0.0,0.0,0.0,0.0,0.0,0.0,0.0,0.0,0.0,0.0,0.0,0.0,0.0,0.0,0.0,0.0,0.0,0.0,0.0,0.0,0.0,0.0,0.0,0.0,0.0,2.15,2.15,2.12,2.12,2.06,1.96,1.86,1.7,1.56,1.31,1.24,0.98,0.84,0.72,0.66,0.49,0.35,0.41,0.35,0.27,0.3,0.2,0.94,0.12,0.2,0.14,0.1,0.05,0.07,0.36,0.02,0.02,0.01,0.0,0.0,0.0,0.0,0.09,0.0,0.0,0.0,0.0,0.0,0.0,0.0,0.0,0.0,0.0,0.0,0.0,0.0
0.0,0.0,0.0,0.0,0.0,0.0,0.0,0.0,0.0,0.0,0.0,0.0,0.0,0.0,0.0,0.0,0.0,0.0,0.0,0.0,0.0,0.0,0.0,0.0,0.0,0.0,0.0,0.0,0.0,0.0,0.0,0.0,0.0,0.0,0.0,0.0,0.0,0.0,0.0,0.0,0.0,0.0,0.0,0.0,0.0,0.0,0.0,0.0,0.0,0.0,2.15,2.14,2.11,2.08,2.03,1.97,1.79,1.56,1.44,1.28,1.05,0.96,0.77,0.59,0.59,0.44,0.32,0.35,0.32,1.28,0.25,0.21,0.13,0.1,0.27,0.36,0.06,0.05,0.43,0.01,0.09,0.02,0.0,0.0,0.0,0.0,0.0,0.09,0.0,0.0,0.0,0.0,0.0,0.0,0.0,0.0,0.0,0.0,0.0,0.0,0.0
0.0,0.0,0.0,0.0,0.0,0.0,0.0,0.0,0.0,0.0,0.0,0.0,0.0,0.0,0.0,0.0,0.0,0.0,0.0,0.0,0.0,0.0,0.0,0.0,0.0,0.0,0.0,0.0,0.0,0.0,0.0,0.0,0.0,0.0,0.0,0.0,0.0,0.0,0.0,0.0,0.0,0.0,0.0,0.0,0.0,0.0,0.0,0.0,0.0,0.0,2.14,2.12,2.12,2.04,1.99,2.09,1.77,1.48,1.4,1.14,1.0,0.81,0.76,0.62,0.56,0.45,0.55,0.38,0.27,0.2,0.25,0.17,0.12,0.28,0.13,0.11,0.06,0.34,0.2,0.0,0.09,0.01,0.0,0.03,0.12,0.0,0.0,0.0,0.0,0.0,0.0,0.0,0.0,0.0,0.0,0.0,0.0,0.0,0.0,0.0,0.0
0.0,0.0,0.0,0.0,0.0,0.0,0.0,0.0,0.0,0.0,0.0,0.0,0.0,0.0,0.0,0.0,0.0,0.0,0.0,0.0,0.0,0.0,0.0,0.0,0.0,0.0,0.0,0.0,0.0,0.0,0.0,0.0,0.0,0.0,0.0,0.0,0.0,0.0,0.0,0.0,0.0,0.0,0.0,0.0,0.0,0.0,0.0,0.0,0.0,0.0,2.12,2.1,2.05,1.96,1.82,1.67,1.52,1.29,1.08,0.93,0.96,0.68,0.58,0.78,0.42,0.59,0.36,0.28,0.18,0.22,0.36,0.11,0.33,0.42,0.08,0.04,0.04,0.02,0.08,0.22,0.01,0.0,0.0,0.04,0.0,0.0,0.0,0.0,0.0,0.0,0.0,0.0,0.0,0.0,0.0,0.0,0.0,0.0,0.0,0.0,0.0
0.0,0.0,0.0,0.0,0.0,0.0,0.0,0.0,0.0,0.0,0.0,0.0,0.0,0.0,0.0,0.0,0.0,0.0,0.0,0.0,0.0,0.0,0.0,0.0,0.0,0.0,0.0,0.0,0.0,0.0,0.0,0.0,0.0,0.0,0.0,0.0,0.0,0.0,0.0,0.0,0.0,0.0,0.0,0.0,0.0,0.0,0.0,0.0,0.0,0.0,2.1,2.14,2.02,1.88,1.74,1.62,1.4,1.19,1.1,0.91,0.74,0.6,0.5,0.46,0.39,0.93,0.32,0.26,0.14,0.21,0.47,0.08,0.07,0.12,0.15,0.11,0.02,0.03,0.12,0.21,0.03,0.0,0.0,0.12,0.0,0.0,0.0,0.0,0.0,0.0,0.0,0.0,0.0,0.0,0.0,0.0,0.0,0.0,0.0,0.0,0.0
0.0,0.0,0.0,0.0,0.0,0.0,0.0,0.0,0.0,0.0,0.0,0.0,0.0,0.0,0.0,0.0,0.0,0.0,0.0,0.0,0.0,0.0,0.0,0.0,0.0,0.0,0.0,0.0,0.0,0.0,0.0,0.0,0.0,0.0,0.0,0.0,0.0,0.0,0.0,0.0,0.0,0.0,0.0,0.0,0.0,0.0,0.0,0.0,0.0,0.0,2.09,2.0,2.0,1.81,1.66,1.49,1.3,1.17,1.06,0.82,0.67,0.84,0.5,0.55,0.61,0.23,0.88,0.25,0.14,0.16,0.55,0.06,0.04,0.13,0.08,0.03,0.02,0.33,0.04,0.01,0.01,0.02,0.0,0.0,0.0,0.0,0.0,0.0,0.0,0.0,0.0,0.0,0.0,0.0,0.0,0.0,0.0,0.0,0.0,0.0,0.0
0.0,0.0,0.0,0.0,0.0,0.0,0.0,0.0,0.0,0.0,0.0,0.0,0.0,0.0,0.0,0.0,0.0,0.0,0.0,0.0,0.0,0.0,0.0,0.0,0.0,0.0,0.0,0.0,0.0,0.0,0.0,0.0,0.0,0.0,0.0,0.0,0.0,0.0,0.0,0.0,0.0,0.0,0.0,0.0,0.0,0.0,0.0,0.0,0.0,0.0,2.08,2.0,1.88,1.78,1.6,1.42,1.27,1.0,0.89,0.75,0.67,0.57,0.49,0.49,0.34,0.22,0.22,0.61,0.46,0.14,0.08,0.05,0.04,0.13,0.19,0.02,0.08,0.11,0.0,0.01,0.01,0.01,0.07,0.08,0.0,0.0,0.0,0.0,0.0,0.0,0.0,0.0,0.0,0.0,0.0,0.0,0.0,0.0,0.0,0.0,0.0
0.0,0.0,0.0,0.0,0.0,0.0,0.0,0.0,0.0,0.0,0.0,0.0,0.0,0.0,0.0,0.0,0.0,0.0,0.0,0.0,0.0,0.0,0.0,0.0,0.0,0.0,0.0,0.0,0.0,0.0,0.0,0.0,0.0,0.0,0.0,0.0,0.0,0.0,0.0,0.0,0.0,0.0,0.0,0.0,0.0,0.0,0.0,0.0,0.0,0.0,1.99,1.91,1.85,1.74,1.42,1.36,1.12,1.01,0.87,0.63,0.61,0.55,0.47,0.62,0.47,0.17,0.18,0.19,0.13,0.12,0.08,0.05,0.02,0.11,0.05,0.02,0.01,0.37,0.04,0.01,0.0,0.0,0.0,0.0,0.0,0.0,0.0,0.0,0.0,0.0,0.0,0.0,0.0,0.0,0.0,0.0,0.0,0.0,0.0,0.0,0.0
0.0,0.0,0.0,0.0,0.0,0.0,0.0,0.0,0.0,0.0,0.0,0.0,0.0,0.0,0.0,0.0,0.0,0.0,0.0,0.0,0.0,0.0,0.0,0.0,0.0,0.0,0.0,0.0,0.0,0.0,0.0,0.0,0.0,0.0,0.0,0.0,0.0,0.0,0.0,0.0,0.0,0.0,0.0,0.0,0.0,0.0,0.0,0.0,0.0,0.0,1.91,1.89,1.7,1.4,1.34,1.07,0.98,0.83,0.65,0.56,0.53,0.52,0.42,0.33,0.28,0.17,0.15,0.25,0.12,0.08,0.05,0.03,0.12,0.03,0.01,0.01,0.0,0.0,0.0,0.0,0.01,0.0,0.12,0.0,0.0,0.0,0.0,0.0,0.0,0.0,0.0,0.0,0.0,0.0,0.0,0.0,0.0,0.0,0.0,0.0,0.0
0.0,0.0,0.0,0.0,0.0,0.0,0.0,0.0,0.0,0.0,0.0,0.0,0.0,0.0,0.0,0.0,0.0,0.0,0.0,0.0,0.0,0.0,0.0,0.0,0.0,0.0,0.0,0.0,0.0,0.0,0.0,0.0,0.0,0.0,0.0,0.0,0.0,0.0,0.0,0.0,0.0,0.0,0.0,0.0,0.0,0.0,0.0,0.0,0.0,0.0,1.9,1.68,1.52,1.33,1.16,0.94,0.9,0.78,0.57,0.58,0.56,0.66,0.43,0.3,0.39,0.34,0.13,0.23,0.08,0.05,0.42,0.03,0.1,0.04,0.01,0.01,0.0,0.0,0.0,0.01,0.0,0.0,0.0,0.0,0.0,0.0,0.0,0.0,0.0,0.0,0.0,0.0,0.0,0.0,0.0,0.0,0.0,0.0,0.0,0.0,0.0
0.0,0.0,0.0,0.0,0.0,0.0,0.0,0.0,0.0,0.0,0.0,0.0,0.0,0.0,0.0,0.0,0.0,0.0,0.0,0.0,0.0,0.0,0.0,0.0,0.0,0.0,0.0,0.0,0.0,0.0,0.0,0.0,0.0,0.0,0.0,0.0,0.0,0.0,0.0,0.0,0.0,0.0,0.0,0.0,0.0,0.0,0.0,0.0,0.0,0.0,2.19,2.44,1.42,1.25,1.03,0.94,0.8,0.72,0.56,0.6,0.51,0.45,0.5,0.31,0.48,0.64,0.12,0.56,0.06,0.04,0.03,0.02,0.07,0.03,0.01,0.01,0.0,0.03,0.01,0.0,0.0,0.0,0.0,0.0,0.0,0.0,0.0,0.0,0.0,0.0,0.0,0.0,0.0,0.0,0.0,0.0,0.0,0.0,0.0,0.0,0.0
0.0,0.0,0.0,0.0,0.0,0.0,0.0,0.0,0.0,0.0,0.0,0.0,0.0,0.0,0.0,0.0,0.0,0.0,0.0,0.0,0.0,0.0,0.0,0.0,0.0,0.0,0.0,0.0,0.0,0.0,0.0,0.0,0.0,0.0,0.0,0.0,0.0,0.0,0.0,0.0,0.0,0.0,0.0,0.0,0.0,0.0,0.0,0.0,0.0,0.0,1.7,1.56,1.36,1.21,1.11,0.85,0.72,0.73,0.6,0.47,0.52,0.97,0.6,0.27,1.19,0.27,0.4,0.47,0.05,0.04,0.02,0.01,0.06,0.01,0.01,0.0,1.06,0.0,0.0,0.0,0.0,0.0,0.0,0.0,0.0,0.0,0.0,0.0,0.0,0.0,0.0,0.0,0.0,0.0,0.0,0.0,0.0,0.0,0.0,0.0,0.0
0.0,0.0,0.0,0.0,0.0,0.0,0.0,0.0,0.0,0.0,0.0,0.0,0.0,0.0,0.0,0.0,0.0,0.0,0.0,0.0,0.0,0.0,0.0,0.0,0.0,0.0,0.0,0.0,0.0,0.0,0.0,0.0,0.0,0.0,0.0,0.0,0.0,0.0,0.0,0.0,0.0,0.0,0.0,0.0,0.0,0.0,0.0,0.0,0.0,0.0,1.71,1.47,5.59,1.13,0.99,0.73,0.72,0.73,1.09,0.46,0.47,0.96,0.4,0.27,0.1,0.52,0.1,0.31,0.03,0.03,0.02,0.01,0.07,0.01,0.06,0.0,0.0,0.03,0.0,0.0,0.0,0.0,0.0,0.0,0.0,0.0,0.0,0.0,0.0,0.0,0.0,0.0,0.0,0.0,0.0,0.0,0.0,0.0,0.0,0.0,0.0
0.0,0.0,0.0,0.0,0.0,0.0,0.0,0.0,0.0,0.0,0.0,0.0,0.0,0.0,0.0,0.0,0.0,0.0,0.0,0.0,0.0,0.0,0.0,0.0,0.0,0.0,0.0,0.0,0.0,0.0,0.0,0.0,0.0,0.0,0.0,0.0,0.0,0.0,0.0,0.0,0.0,0.0,0.0,0.0,0.0,0.0,0.0,0.0,0.0,0.0,1.47,2.93,1.73,4.88,0.8,0.72,0.7,0.49,0.45,0.46,0.43,0.98,0.28,0.35,0.83,0.74,0.6,0.04,0.03,0.02,0.01,0.48,0.01,0.01,0.0,0.0,0.0,0.0,0.0,0.0,0.0,-0.0,0.0,0.0,0.0,0.0,0.0,0.0,0.0,0.0,0.0,0.0,0.0,0.0,0.0,0.0,0.0,0.0,0.0,0.0,0.0
0.0,0.0,0.0,0.0,0.0,0.0,0.0,0.0,0.0,0.0,0.0,0.0,0.0,0.0,0.0,0.0,0.0,0.0,0.0,0.0,0.0,0.0,0.0,0.0,0.0,0.0,0.0,0.0,0.0,0.0,0.0,0.0,0.0,0.0,0.0,0.0,0.0,0.0,0.0,0.0,0.0,0.0,0.0,0.0,0.0,0.0,0.0,0.0,0.0,0.0,1.82,1.2,1.01,0.78,0.75,0.61,0.69,0.48,0.44,0.46,0.45,0.36,0.22,0.38,0.17,0.41,1.55,0.29,0.06,0.02,0.01,0.06,0.01,0.0,0.01,0.01,0.0,0.01,0.0,0.0,0.0,0.0,0.0,0.0,0.0,0.0,0.0,0.0,0.0,0.0,0.0,0.0,0.0,0.0,0.0,0.0,0.0,0.0,0.0,0.0,0.0
0.0,0.0,0.0,0.0,0.0,0.0,0.0,0.0,0.0,0.0,0.0,0.0,0.0,0.0,0.0,0.0,0.0,0.0,0.0,0.0,0.0,0.0,0.0,0.0,0.0,0.0,0.0,0.0,0.0,0.0,0.0,0.0,0.0,0.0,0.0,0.0,0.0,0.0,0.0,0.0,0.0,0.0,0.0,0.0,0.0,0.0,0.0,0.0,0.0,0.0,1.58,4.82,3.52,0.8,0.67,0.6,0.61,0.43,0.42,0.38,0.43,0.34,0.2,0.36,0.28,0.52,0.16,0.02,0.15,0.01,0.01,0.11,0.01,0.0,0.0,0.0,0.01,0.0,0.0,0.0,0.0,0.0,0.0,0.0,0.0,0.0,0.0,0.0,0.0,0.0,0.0,0.0,0.0,0.0,0.0,0.0,0.0,0.0,0.0,0.0,0.0
0.0,0.0,0.0,0.0,0.0,0.0,0.0,0.0,0.0,0.0,0.0,0.0,0.0,0.0,0.0,0.0,0.0,0.0,0.0,0.0,0.0,0.0,0.0,0.0,0.0,0.0,0.0,0.0,0.0,0.0,0.0,0.0,0.0,0.0,0.0,0.0,0.0,0.0,0.0,0.0,0.0,0.0,0.0,0.0,0.0,0.0,0.0,0.0,0.0,0.0,1.35,4.34,0.8,0.76,0.59,0.56,0.61,0.42,0.41,0.46,0.47,0.4,0.57,0.48,0.31,1.33,0.14,0.02,0.02,0.04,0.0,0.03,0.0,0.03,0.0,0.0,0.0,0.0,0.0,0.0,0.0,0.0,0.0,0.0,0.0,0.0,0.0,0.0,0.0,0.0,0.0,0.0,0.0,0.0,0.0,0.0,0.0,0.0,0.0,0.0,0.0
0.0,0.0,0.0,0.0,0.0,0.0,0.0,0.0,0.0,0.0,0.0,0.0,0.0,0.0,0.0,0.0,0.0,0.0,0.0,0.0,0.0,0.0,0.0,0.0,0.0,0.0,0.0,0.0,0.0,0.0,0.0,0.0,0.0,0.0,0.0,0.0,0.0,0.0,0.0,0.0,0.0,0.0,0.0,0.0,0.0,0.0,0.0,0.0,0.0,0.0,1.33,0.98,0.76,9.65,0.57,0.53,0.57,0.44,0.43,0.52,1.08,0.29,0.31,0.35,0.54,0.25,0.13,0.11,0.01,0.04,0.08,0.06,0.0,0.07,0.02,0.02,0.0,0.0,0.0,0.0,0.0,0.0,0.0,0.0,0.0,0.0,0.0,0.0,0.0,0.0,0.0,0.0,0.0,0.0,0.0,0.0,0.0,0.0,0.0,0.0,0.0
0.0,0.0,0.0,0.0,0.0,0.0,0.0,0.0,0.0,0.0,0.0,0.0,0.0,0.0,0.0,0.0,0.0,0.0,0.0,0.0,0.0,0.0,0.0,0.0,0.0,0.0,0.0,0.0,0.0,0.0,0.0,0.0,0.0,0.0,0.0,0.0,0.0,0.0,0.0,0.0,0.0,0.0,0.0,0.0,0.0,0.0,0.0,0.0,0.0,0.0,0.91,0.71,0.66,0.55,6.54,0.55,0.42,0.43,0.29,0.4,0.3,0.38,0.04,0.77,0.03,0.05,0.01,0.25,0.02,0.0,0.02,0.04,0.0,0.0,0.0,0.0,0.0,0.0,0.0,0.0,0.0,0.0,0.0,0.0,0.0,0.0,0.0,0.0,0.0,0.0,0.0,0.0,0.0,0.0,0.0,0.0,0.0,0.0,0.0,0.0,0.0
0.0,0.0,0.0,0.0,0.0,0.0,0.0,0.0,0.0,0.0,0.0,0.0,0.0,0.0,0.0,0.0,0.0,0.0,0.0,0.0,0.0,0.0,0.0,0.0,0.0,0.0,0.0,0.0,0.0,0.0,0.0,0.0,0.0,0.0,0.0,0.0,0.0,0.0,0.0,0.0,0.0,0.0,0.0,0.0,0.0,0.0,0.0,0.0,0.0,0.0,0.85,0.64,0.58,0.54,0.52,0.55,0.42,0.4,0.31,0.32,0.23,0.67,1.75,0.32,0.03,0.05,0.09,0.05,0.01,0.04,0.02,0.0,0.0,0.0,0.01,0.0,0.0,0.0,0.0,0.0,0.0,0.0,0.0,0.0,0.0,0.0,0.0,0.0,0.0,0.0,0.0,0.0,0.0,0.0,0.0,0.0,0.0,0.0,0.0,0.0,0.0
0.0,0.0,0.0,0.0,0.0,0.0,0.0,0.0,0.0,0.0,0.0,0.0,0.0,0.0,0.0,0.0,0.0,0.0,0.0,0.0,0.0,0.0,0.0,0.0,0.0,0.0,0.0,0.0,0.0,0.0,0.0,0.0,0.0,0.0,0.0,0.0,0.0,0.0,0.0,0.0,0.0,0.0,0.0,0.0,0.0,0.0,0.0,0.0,0.0,0.0,0.77,0.63,0.56,0.55,0.53,0.51,0.39,0.38,0.24,1.64,0.22,0.12,0.03,1.54,0.03,0.07,0.12,0.01,0.0,0.0,0.02,0.0,0.0,0.0,0.0,0.0,0.0,0.0,0.0,0.0,0.0,0.0,0.0,0.0,0.0,0.0,0.0,0.0,0.0,0.0,0.0,0.0,0.0,0.0,0.0,0.0,0.0,0.0,0.0,0.0,0.0
0.0,0.0,0.0,0.0,0.0,0.0,0.0,0.0,0.0,0.0,0.0,0.0,0.0,0.0,0.0,0.0,0.0,0.0,0.0,0.0,0.0,0.0,0.0,0.0,0.0,0.0,0.0,0.0,0.0,0.0,0.0,0.0,0.0,0.0,0.0,0.0,0.0,0.0,0.0,0.0,0.0,0.0,0.0,0.0,0.0,0.0,0.0,0.0,0.0,0.0,0.76,0.55,0.47,0.94,0.5,7.26,0.42,0.42,0.21,0.29,0.16,0.13,0.03,0.02,0.02,0.16,0.0,0.07,0.0,0.02,0.01,0.0,0.0,0.0,0.0,0.0,0.0,0.0,0.0,0.0,0.0,0.0,0.0,0.0,0.0,0.0,0.0,0.0,0.0,0.0,0.0,0.0,0.0,0.0,0.0,0.0,0.0,0.0,0.0,0.0,0.0
0.0,0.0,0.0,0.0,0.0,0.0,0.0,0.0,0.0,0.0,0.0,0.0,0.0,0.0,0.0,0.0,0.0,0.0,0.0,0.0,0.0,0.0,0.0,0.0,0.0,0.0,0.0,0.0,0.0,0.0,0.0,0.0,0.0,0.0,0.0,0.0,0.0,0.0,0.0,0.0,0.0,0.0,0.0,0.0,0.0,0.0,0.0,0.0,0.0,0.0,0.66,0.53,0.5,0.53,0.48,0.43,0.31,0.42,0.2,0.25,1.15,0.09,0.02,0.06,0.01,0.08,0.07,0.05,0.02,0.02,0.0,0.0,0.0,0.0,0.0,0.0,0.0,0.0,0.0,0.0,0.0,0.0,0.0,0.0,0.0,0.0,0.0,0.0,0.0,0.0,0.0,0.0,0.0,0.0,0.0,0.0,0.0,0.0,0.0,0.0,0.0
0.0,0.0,0.0,0.0,0.0,0.0,0.0,0.0,0.0,0.0,0.0,0.0,0.0,0.0,0.0,0.0,0.0,0.0,0.0,0.0,0.0,0.0,0.0,0.0,0.0,0.0,0.0,0.0,0.0,0.0,0.0,0.0,0.0,0.0,0.0,0.0,0.0,0.0,0.0,0.0,0.0,0.0,0.0,0.0,0.0,0.0,0.0,0.0,0.0,0.0,0.51,0.47,0.48,2.67,0.42,0.34,0.42,0.19,0.2,0.16,0.06,0.01,0.02,0.01,0.04,0.0,0.04,0.0,0.0,0.0,0.0,0.0,0.0,0.0,0.0,0.0,0.0,0.0,0.0,0.0,0.0,0.0,0.0,0.0,0.0,0.0,0.0,0.0,0.0,0.0,0.0,0.0,0.0,0.0,0.0,0.0,0.0,0.0,0.0,0.0,0.0
0.0,0.0,0.0,0.0,0.0,0.0,0.0,0.0,0.0,0.0,0.0,0.0,0.0,0.0,0.0,0.0,0.0,0.0,0.0,0.0,0.0,0.0,0.0,0.0,0.0,0.0,0.0,0.0,0.0,0.0,0.0,0.0,0.0,0.0,0.0,0.0,0.0,0.0,0.0,0.0,0.0,0.0,0.0,0.0,0.0,0.0,0.0,0.0,0.0,0.0,0.47,0.47,0.48,1.17,0.32,0.4,0.32,0.17,0.19,0.12,0.07,0.01,0.01,0.01,0.02,0.0,0.0,0.03,0.0,0.01,0.0,0.0,0.0,0.0,0.0,0.0,0.0,0.0,0.0,0.0,0.0,0.0,0.0,0.0,0.0,0.0,0.0,0.0,0.0,0.0,0.0,0.0,0.0,0.0,0.0,0.0,0.0,0.0,0.0,0.0,0.0
0.0,0.0,0.0,0.0,0.0,0.0,0.0,0.0,0.0,0.0,0.0,0.0,0.0,0.0,0.0,0.0,0.0,0.0,0.0,0.0,0.0,0.0,0.0,0.0,0.0,0.0,0.0,0.0,0.0,0.0,0.0,0.0,0.0,0.0,0.0,0.0,0.0,0.0,0.0,0.0,0.0,0.0,0.0,0.0,0.0,0.0,0.0,0.0,0.0,0.0,0.44,0.44,0.47,0.52,0.29,0.27,0.32,0.11,0.15,0.1,0.05,0.01,0.01,0.01,0.02,0.0,0.01,0.02,0.0,0.0,0.0,0.0,0.0,0.0,0.0,0.0,0.0,0.0,0.0,0.0,0.0,0.0,0.0,0.0,0.0,0.0,0.0,0.0,0.0,0.0,0.0,0.0,0.0,0.0,0.0,0.0,0.0,0.0,0.0,0.0,0.0
0.0,0.0,0.0,0.0,0.0,0.0,0.0,0.0,0.0,0.0,0.0,0.0,0.0,0.0,0.0,0.0,0.0,0.0,0.0,0.0,0.0,0.0,0.0,0.0,0.0,0.0,0.0,0.0,0.0,0.0,0.0,0.0,0.0,0.0,0.0,0.0,0.0,0.0,0.0,0.0,0.0,0.0,0.0,0.0,0.0,0.0,0.0,0.0,0.0,0.0,0.42,0.47,0.44,0.47,0.25,2.58,0.27,0.08,2.31,0.07,1.43,0.01,0.01,0.01,0.0,0.0,0.0,0.0,0.0,0.0,0.0,0.0,0.0,0.0,0.0,0.0,0.0,0.0,0.0,0.0,0.0,0.0,0.0,0.0,0.0,0.0,0.0,0.0,0.0,0.0,0.0,0.0,0.0,0.0,0.0,0.0,0.0,0.0,0.0,0.0,0.0
0.0,0.0,0.0,0.0,0.0,0.0,0.0,0.0,0.0,0.0,0.0,0.0,0.0,0.0,0.0,0.0,0.0,0.0,0.0,0.0,0.0,0.0,0.0,0.0,0.0,0.0,0.0,0.0,0.0,0.0,0.0,0.0,0.0,0.0,0.0,0.0,0.0,0.0,0.0,0.0,0.0,0.0,0.0,0.0,0.0,0.0,0.0,0.0,0.0,0.0,0.37,0.41,0.36,0.46,0.16,0.19,0.24,0.06,0.11,0.05,0.63,0.01,0.01,0.01,0.01,0.0,0.01,0.0,0.0,0.0,0.0,0.0,0.0,0.0,0.0,0.0,0.0,0.0,0.0,0.0,0.0,0.0,0.0,0.0,0.0,0.0,0.0,0.0,0.0,0.0,0.0,0.0,0.0,0.0,0.0,0.0,0.0,0.0,0.0,0.0,0.0
0.0,0.0,0.0,0.0,0.0,0.0,0.0,0.0,0.0,0.0,0.0,0.0,0.0,0.0,0.0,0.0,0.0,0.0,0.0,0.0,0.0,0.0,0.0,0.0,0.0,0.0,0.0,0.0,0.0,0.0,0.0,0.0,0.0,0.0,0.0,0.0,0.0,0.0,0.0,0.0,0.0,0.0,0.0,0.0,0.0,0.0,0.0,0.0,0.0,0.0,0.43,0.39,0.44,0.15,0.2,0.22,0.08,0.08,0.06,0.02,0.01,0.01,0.0,0.0,0.0,0.0,0.0,0.0,0.0,0.0,-0.0,0.0,0.0,0.0,0.0,0.0,0.0,0.0,0.0,0.0,0.0,0.0,0.0,0.0,0.0,0.0,0.0,0.0,0.0,0.0,0.0,0.0,0.0,0.0,0.0,0.0,0.0,0.0,0.0,0.0,0.0
0.0,0.0,0.0,0.0,0.0,0.0,0.0,0.0,0.0,0.0,0.0,0.0,0.0,0.0,0.0,0.0,0.0,0.0,0.0,0.0,0.0,0.0,0.0,0.0,0.0,0.0,0.0,0.0,0.0,0.0,0.0,0.0,0.0,0.0,0.0,0.0,0.0,0.0,0.0,0.0,0.0,0.0,0.0,0.0,0.0,0.0,0.0,0.0,0.0,0.0,0.35,0.34,0.4,0.15,21.3,0.22,0.06,0.08,0.02,0.02,0.0,0.0,0.0,0.0,0.0,0.0,0.0,0.0,0.0,0.0,0.0,0.0,0.0,0.0,0.0,0.0,0.0,0.0,0.0,0.0,0.0,0.0,0.0,0.0,0.0,0.0,0.0,0.0,0.0,0.0,0.0,0.0,0.0,0.0,0.0,0.0,0.0,0.0,0.0,0.0,0.0
0.0,0.0,0.0,0.0,0.0,0.0,0.0,0.0,0.0,0.0,0.0,0.0,0.0,0.0,0.0,0.0,0.0,0.0,0.0,0.0,0.0,0.0,0.0,0.0,0.0,0.0,0.0,0.0,0.0,0.0,0.0,0.0,0.0,0.0,0.0,0.0,0.0,0.0,0.0,0.0,0.0,0.0,0.0,0.0,0.0,0.0,0.0,0.0,0.0,0.0,0.41,0.31,0.38,0.11,0.12,0.13,0.06,0.06,0.07,0.02,0.01,0.0,0.0,0.01,0.0,0.0,0.0,0.0,0.0,0.0,0.0,0.0,0.0,0.0,0.0,0.0,0.0,0.0,0.0,0.0,0.0,0.0,0.0,0.0,0.0,0.0,0.0,0.0,0.0,0.0,0.0,0.0,0.0,0.0,0.0,0.0,0.0,0.0,0.0,0.0,0.0
0.0,0.0,0.0,0.0,0.0,0.0,0.0,0.0,0.0,0.0,0.0,0.0,0.0,0.0,0.0,0.0,0.0,0.0,0.0,0.0,0.0,0.0,0.0,0.0,0.0,0.0,0.0,0.0,0.0,0.0,0.0,0.0,0.0,0.0,0.0,0.0,0.0,0.0,0.0,0.0,0.0,0.0,0.0,0.0,0.0,0.0,0.0,0.0,0.0,0.0,0.46,0.3,0.4,0.09,47.03,0.19,0.02,0.05,0.03,0.02,0.0,0.0,0.0,0.0,0.0,0.0,0.0,0.0,0.0,0.0,0.0,0.0,0.0,0.0,0.0,0.0,0.0,0.0,0.0,0.0,0.0,0.0,0.0,0.0,0.0,0.0,0.0,0.0,0.0,0.0,0.0,0.0,0.0,0.0,0.0,0.0,0.0,0.0,0.0,0.0,0.0
0.0,0.0,0.0,0.0,0.0,0.0,0.0,0.0,0.0,0.0,0.0,0.0,0.0,0.0,0.0,0.0,0.0,0.0,0.0,0.0,0.0,0.0,0.0,0.0,0.0,0.0,0.0,0.0,0.0,0.0,0.0,0.0,0.0,0.0,0.0,0.0,0.0,0.0,0.0,0.0,0.0,0.0,0.0,0.0,0.0,0.0,0.0,0.0,0.0,0.0,0.44,0.26,0.34,0.07,25.6,0.06,0.02,0.02,0.01,0.01,0.0,0.0,0.0,0.0,0.0,0.0,0.0,0.0,0.0,0.0,0.0,0.0,0.0,0.0,0.0,0.0,0.0,0.0,0.0,0.0,0.0,0.0,0.0,0.0,0.0,0.0,0.0,0.0,0.0,0.0,0.0,0.0,0.0,0.0,0.0,0.0,0.0,0.0,0.0,0.0,0.0
0.0,0.0,0.0,0.0,0.0,0.0,0.0,0.0,0.0,0.0,0.0,0.0,0.0,0.0,0.0,0.0,0.0,0.0,0.0,0.0,0.0,0.0,0.0,0.0,0.0,0.0,0.0,0.0,0.0,0.0,0.0,0.0,0.0,0.0,0.0,0.0,0.0,0.0,0.0,0.0,0.0,0.0,0.0,0.0,0.0,0.0,0.0,0.0,0.0,0.0,0.22,0.31,0.07,0.08,0.08,0.01,0.02,0.01,0.01,0.0,0.0,0.0,0.0,0.0,0.0,0.0,0.0,0.0,0.0,0.0,0.0,0.0,0.0,0.0,0.0,0.0,0.0,0.0,0.0,0.0,0.0,0.0,0.0,0.0,0.0,0.0,0.0,0.0,0.0,0.0,0.0,0.0,0.0,0.0,0.0,0.0,0.0,0.0,0.0,0.0,0.0
0.0,0.0,0.0,0.0,0.0,0.0,0.0,0.0,0.0,0.0,0.0,0.0,0.0,0.0,0.0,0.0,0.0,0.0,0.0,0.0,0.0,0.0,0.0,0.0,0.0,0.0,0.0,0.0,0.0,0.0,0.0,0.0,0.0,0.0,0.0,0.0,0.0,0.0,0.0,0.0,0.0,0.0,0.0,0.0,0.0,0.0,0.0,0.0,0.0,0.0,0.22,0.29,0.04,0.05,0.09,0.01,0.0,0.01,0.01,0.0,0.0,0.0,0.0,0.0,0.0,0.0,0.0,0.0,0.0,0.0,0.0,0.0,0.0,0.0,0.0,0.0,0.0,0.0,0.0,0.0,0.0,0.0,0.0,0.0,0.0,0.0,0.0,0.0,0.0,0.0,0.0,0.0,0.0,0.0,0.0,0.0,0.0,0.0,0.0,0.0,0.0
0.0,0.0,0.0,0.0,0.0,0.0,0.0,0.0,0.0,0.0,0.0,0.0,0.0,0.0,0.0,0.0,0.0,0.0,0.0,0.0,0.0,0.0,0.0,0.0,0.0,0.0,0.0,0.0,0.0,0.0,0.0,0.0,0.0,0.0,0.0,0.0,0.0,0.0,0.0,0.0,0.0,0.0,0.0,0.0,0.0,0.0,0.0,0.0,0.0,0.0,0.11,0.27,0.02,0.07,0.02,0.01,0.01,0.01,0.01,0.0,0.0,0.0,0.0,0.0,0.0,0.0,0.0,-0.0,0.0,0.0,0.0,0.0,0.0,0.0,0.0,0.0,0.0,0.0,0.0,0.0,0.0,0.0,0.0,0.0,0.0,0.0,0.0,0.0,0.0,0.0,0.0,0.0,0.0,0.0,0.0,0.0,0.0,0.0,0.0,0.0,0.0
0.0,0.0,0.0,0.0,0.0,0.0,0.0,0.0,0.0,0.0,0.0,0.0,0.0,0.0,0.0,0.0,0.0,0.0,0.0,0.0,0.0,0.0,0.0,0.0,0.0,0.0,0.0,0.0,0.0,0.0,0.0,0.0,0.0,0.0,0.0,0.0,0.0,0.0,0.0,0.0,0.0,0.0,0.0,0.0,0.0,0.0,0.0,0.0,0.0,0.0,0.13,0.21,0.01,0.02,0.02,0.01,0.01,0.0,0.01,0.0,0.0,0.0,0.0,0.0,0.0,0.0,-0.0,0.0,0.0,0.0,0.0,0.0,0.0,0.0,0.0,0.0,0.0,0.0,0.0,0.0,0.0,0.0,0.0,0.0,0.0,0.0,0.0,0.0,0.0,0.0,0.0,0.0,0.0,0.0,0.0,0.0,0.0,0.0,0.0,0.0,0.0
0.0,0.0,0.0,0.0,0.0,0.0,0.0,0.0,0.0,0.0,0.0,0.0,0.0,0.0,0.0,0.0,0.0,0.0,0.0,0.0,0.0,0.0,0.0,0.0,0.0,0.0,0.0,0.0,0.0,0.0,0.0,0.0,0.0,0.0,0.0,0.0,0.0,0.0,0.0,0.0,0.0,0.0,0.0,0.0,0.0,0.0,0.0,0.0,0.0,0.0,0.11,0.21,0.01,0.04,0.03,0.0,0.0,0.0,0.0,0.0,0.0,0.0,0.0,0.0,0.0,0.0,0.0,0.0,0.0,0.0,0.0,0.0,0.0,0.0,0.0,0.0,0.0,0.0,0.0,0.0,0.0,0.0,0.0,0.0,0.0,0.0,0.0,0.0,0.0,0.0,0.0,0.0,0.0,0.0,0.0,0.0,0.0,0.0,0.0,0.0,0.0
0.0,0.0,0.0,0.0,0.0,0.0,0.0,0.0,0.0,0.0,0.0,0.0,0.0,0.0,0.0,0.0,0.0,0.0,0.0,0.0,0.0,0.0,0.0,0.0,0.0,0.0,0.0,0.0,0.0,0.0,0.0,0.0,0.0,0.0,0.0,0.0,0.0,0.0,0.0,0.0,0.0,0.0,0.0,0.0,0.0,0.0,0.0,0.0,0.0,0.0,0.19,0.01,0.02,0.02,0.0,0.0,0.0,0.0,0.0,0.0,0.0,0.0,0.0,0.0,0.0,0.0,0.0,0.0,0.0,0.0,0.0,0.0,0.0,0.0,0.0,0.0,0.0,0.0,0.0,0.0,0.0,0.0,0.0,0.0,0.0,0.0,0.0,0.0,0.0,0.0,0.0,0.0,0.0,0.0,0.0,0.0,0.0,0.0,0.0,0.0,0.0
0.0,0.0,0.0,0.0,0.0,0.0,0.0,0.0,0.0,0.0,0.0,0.0,0.0,0.0,0.0,0.0,0.0,0.0,0.0,0.0,0.0,0.0,0.0,0.0,0.0,0.0,0.0,0.0,0.0,0.0,0.0,0.0,0.0,0.0,0.0,0.0,0.0,0.0,0.0,0.0,0.0,0.0,0.0,0.0,0.0,0.0,0.0,0.0,0.0,0.0,0.1,0.01,0.0,0.03,0.0,0.0,0.0,0.0,0.0,0.0,0.0,0.0,0.0,0.0,0.0,0.0,0.0,0.0,0.0,0.0,0.0,0.0,0.0,0.0,0.0,0.0,0.0,0.0,0.0,0.0,0.0,0.0,0.0,0.0,0.0,0.0,0.0,0.0,0.0,0.0,0.0,0.0,0.0,0.0,0.0,0.0,0.0,0.0,0.0,0.0,0.0
0.0,0.0,0.0,0.0,0.0,0.0,0.0,0.0,0.0,0.0,0.0,0.0,0.0,0.0,0.0,0.0,0.0,0.0,0.0,0.0,0.0,0.0,0.0,0.0,0.0,0.0,0.0,0.0,0.0,0.0,0.0,0.0,0.0,0.0,0.0,0.0,0.0,0.0,0.0,0.0,0.0,0.0,0.0,0.0,0.0,0.0,0.0,0.0,0.0,0.0,0.07,0.01,0.01,0.02,0.0,0.0,0.0,0.0,0.0,0.0,0.0,0.0,0.0,0.0,0.0,0.0,0.0,0.0,0.0,0.0,0.0,0.0,0.0,0.0,0.0,0.0,0.0,0.0,0.0,0.0,0.0,0.0,0.0,0.0,0.0,0.0,0.0,0.0,0.0,0.0,0.0,0.0,0.0,0.0,0.0,0.0,0.0,0.0,0.0,0.0,0.0
