-0.5,-0.5,-0.5,-0.5,-0.5,-0.5,-0.5,-0.5,-0.5,-0.5,-0.5,-0.5,-0.5,-0.5,-0.5,-0.5,-0.5,-0.5,-0.5,-0.5,-0.5,-0.5,-0.5,-0.5,-0.5,-0.5,-0.5,-0.5,-0.5,-0.5,-0.5,-0.5,-0.5,-0.5,-0.5,-0.5,-0.5,-0.5,-0.5,-0.5,-0.5,-0.5,-0.5,-0.5,-0.5,-0.5,-0.5,-0.5,-0.5,-0.5,-0.5,-0.5,-0.5,-0.5,-0.5,-0.5,-0.5,-0.5,-0.5,-0.5,-0.5,-0.5,-0.5,-0.5,-0.5,-0.5,-0.5,-0.5,-0.5,-0.5,-0.5
-0.48571428571428577,-0.48571428571428577,-0.48571428571428577,-0.48571428571428577,-0.48571428571428577,-0.48571428571428577,-0.48571428571428577,-0.48571428571428577,-0.48571428571428577,-0.48571428571428577,-0.48571428571428577,-0.48571428571428577,-0.48571428571428577,-0.48571428571428577,-0.48571428571428577,-0.48571428571428577,-0.48571428571428577,-0.48571428571428577,-0.48571428571428577,-0.48571428571428577,-0.48571428571428577,-0.48571428571428577,-0.48571428571428577,-0.48571428571428577,-0.48571428571428577,-0.48571428571428577,-0.48571428571428577,-0.48571428571428577,-0.48571428571428577,-0.48571428571428577,-0.48571428571428577,-0.48571428571428577,-0.48571428571428577,-0.48571428571428577,-0.48571428571428577,-0.48571428571428577,-0.48571428571428577,-0.48571428571428577,-0.48571428571428577,-0.48571428571428577,-0.48571428571428577,-0.48571428571428577,-0.48571428571428577,-0.48571428571428577,-0.48571428571428577,-0.48571428571428577,-0.48571428571428577,-0.48571428571428577,-0.48571428571428577,-0.48571428571428577,-0.48571428571428577,-0.48571428571428577,-0.48571428571428577,-0.48571428571428577,-0.48571428571428577,-0.48571428571428577,-0.48571428571428577,-0.48571428571428577,-0.48571428571428577,-0.48571428571428577,-0.48571428571428577,-0.48571428571428577,-0.48571428571428577,-0.48571428571428577,-0.48571428571428577,-0.48571428571428577,-0.48571428571428577,-0.48571428571428577,-0.48571428571428577,-0.48571428571428577,-0.48571428571428577
-0.4714285714285714,-0.4714285714285714,-0.4714285714285714,-0.4714285714285714,-0.4714285714285714,-0.4714285714285714,-0.4714285714285714,-0.4714285714285714,-0.4714285714285714,-0.4714285714285714,-0.4714285714285714,-0.4714285714285714,-0.4714285714285714,-0.4714285714285714,-0.4714285714285714,-0.4714285714285714,-0.4714285714285714,-0.4714285714285714,-0.4714285714285714,-0.4714285714285714,-0.4714285714285714,-0.4714285714285714,-0.4714285714285714,-0.4714285714285714,-0.4714285714285714,-0.4714285714285714,-0.4714285714285714,-0.4714285714285714,-0.4714285714285714,-0.4714285714285714,-0.4714285714285714,-0.4714285714285714,-0.4714285714285714,-0.4714285714285714,-0.4714285714285714,-0.4714285714285714,-0.4714285714285714,-0.4714285714285714,-0.4714285714285714,-0.4714285714285714,-0.4714285714285714,-0.4714285714285714,-0.4714285714285714,-0.4714285714285714,-0.4714285714285714,-0.4714285714285714,-0.4714285714285714,-0.4714285714285714,-0.4714285714285714,-0.4714285714285714,-0.4714285714285714,-0.4714285714285714,-0.4714285714285714,-0.4714285714285714,-0.4714285714285714,-0.4714285714285714,-0.4714285714285714,-0.4714285714285714,-0.4714285714285714,-0.4714285714285714,-0.4714285714285714,-0.4714285714285714,-0.4714285714285714,-0.4714285714285714,-0.4714285714285714,-0.4714285714285714,-0.4714285714285714,-0.4714285714285714,-0.4714285714285714,-0.4714285714285714,-0.4714285714285714
-0.4571428571428572,-0.4571428571428572,-0.4571428571428572,-0.4571428571428572,-0.4571428571428572,-0.4571428571428572,-0.4571428571428572,-0.4571428571428572,-0.4571428571428572,-0.4571428571428572,-0.4571428571428572,-0.4571428571428572,-0.4571428571428572,-0.4571428571428572,-0.4571428571428572,-0.4571428571428572,-0.4571428571428572,-0.4571428571428572,-0.4571428571428572,-0.4571428571428572,-0.4571428571428572,-0.4571428571428572,-0.4571428571428572,-0.4571428571428572,-0.4571428571428572,-0.4571428571428572,-0.4571428571428572,-0.4571428571428572,-0.4571428571428572,-0.4571428571428572,-0.4571428571428572,-0.4571428571428572,-0.4571428571428572,-0.4571428571428572,-0.4571428571428572,-0.4571428571428572,-0.4571428571428572,-0.4571428571428572,-0.4571428571428572,-0.4571428571428572,-0.4571428571428572,-0.4571428571428572,-0.4571428571428572,-0.4571428571428572,-0.4571428571428572,-0.4571428571428572,-0.4571428571428572,-0.4571428571428572,-0.4571428571428572,-0.4571428571428572,-0.4571428571428572,-0.4571428571428572,-0.4571428571428572,-0.4571428571428572,-0.4571428571428572,-0.4571428571428572,-0.4571428571428572,-0.4571428571428572,-0.4571428571428572,-0.4571428571428572,-0.4571428571428572,-0.4571428571428572,-0.4571428571428572,-0.4571428571428572,-0.4571428571428572,-0.4571428571428572,-0.4571428571428572,-0.4571428571428572,-0.4571428571428572,-0.4571428571428572,-0.4571428571428572
-0.44285714285714284,-0.44285714285714284,-0.44285714285714284,-0.44285714285714284,-0.44285714285714284,-0.44285714285714284,-0.44285714285714284,-0.44285714285714284,-0.44285714285714284,-0.44285714285714284,-0.44285714285714284,-0.44285714285714284,-0.44285714285714284,-0.44285714285714284,-0.44285714285714284,-0.44285714285714284,-0.44285714285714284,-0.44285714285714284,-0.44285714285714284,-0.44285714285714284,-0.44285714285714284,-0.44285714285714284,-0.44285714285714284,-0.44285714285714284,-0.44285714285714284,-0.44285714285714284,-0.44285714285714284,-0.44285714285714284,-0.44285714285714284,-0.44285714285714284,-0.44285714285714284,-0.44285714285714284,-0.44285714285714284,-0.44285714285714284,-0.44285714285714284,-0.44285714285714284,-0.44285714285714284,-0.44285714285714284,-0.44285714285714284,-0.44285714285714284,-0.44285714285714284,-0.44285714285714284,-0.44285714285714284,-0.44285714285714284,-0.44285714285714284,-0.44285714285714284,-0.44285714285714284,-0.44285714285714284,-0.44285714285714284,-0.44285714285714284,-0.44285714285714284,-0.44285714285714284,-0.44285714285714284,-0.44285714285714284,-0.44285714285714284,-0.44285714285714284,-0.44285714285714284,-0.44285714285714284,-0.44285714285714284,-0.44285714285714284,-0.44285714285714284,-0.44285714285714284,-0.44285714285714284,-0.44285714285714284,-0.44285714285714284,-0.44285714285714284,-0.44285714285714284,-0.44285714285714284,-0.44285714285714284,-0.44285714285714284,-0.44285714285714284
-0.4285714285714286,-0.4285714285714286,-0.4285714285714286,-0.4285714285714286,-0.4285714285714286,-0.4285714285714286,-0.4285714285714286,-0.4285714285714286,-0.4285714285714286,-0.4285714285714286,-0.4285714285714286,-0.4285714285714286,-0.4285714285714286,-0.4285714285714286,-0.4285714285714286,-0.4285714285714286,-0.4285714285714286,-0.4285714285714286,-0.4285714285714286,-0.4285714285714286,-0.4285714285714286,-0.4285714285714286,-0.4285714285714286,-0.4285714285714286,-0.4285714285714286,-0.4285714285714286,-0.4285714285714286,-0.4285714285714286,-0.4285714285714286,-0.4285714285714286,-0.4285714285714286,-0.4285714285714286,-0.4285714285714286,-0.4285714285714286,-0.4285714285714286,-0.4285714285714286,-0.4285714285714286,-0.4285714285714286,-0.4285714285714286,-0.4285714285714286,-0.4285714285714286,-0.4285714285714286,-0.4285714285714286,-0.4285714285714286,-0.4285714285714286,-0.4285714285714286,-0.4285714285714286,-0.4285714285714286,-0.4285714285714286,-0.4285714285714286,-0.4285714285714286,-0.4285714285714286,-0.4285714285714286,-0.4285714285714286,-0.4285714285714286,-0.4285714285714286,-0.4285714285714286,-0.4285714285714286,-0.4285714285714286,-0.4285714285714286,-0.4285714285714286,-0.4285714285714286,-0.4285714285714286,-0.4285714285714286,-0.4285714285714286,-0.4285714285714286,-0.4285714285714286,-0.4285714285714286,-0.4285714285714286,-0.4285714285714286,-0.4285714285714286
-0.41428571428571426,-0.41428571428571426,-0.41428571428571426,-0.41428571428571426,-0.41428571428571426,-0.41428571428571426,-0.41428571428571426,-0.41428571428571426,-0.41428571428571426,-0.41428571428571426,-0.41428571428571426,-0.41428571428571426,-0.41428571428571426,-0.41428571428571426,-0.41428571428571426,-0.41428571428571426,-0.41428571428571426,-0.41428571428571426,-0.41428571428571426,-0.41428571428571426,-0.41428571428571426,-0.41428571428571426,-0.41428571428571426,-0.41428571428571426,-0.41428571428571426,-0.41428571428571426,-0.41428571428571426,-0.41428571428571426,-0.41428571428571426,-0.41428571428571426,-0.41428571428571426,-0.41428571428571426,-0.41428571428571426,-0.41428571428571426,-0.41428571428571426,-0.41428571428571426,-0.41428571428571426,-0.41428571428571426,-0.41428571428571426,-0.41428571428571426,-0.41428571428571426,-0.41428571428571426,-0.41428571428571426,-0.41428571428571426,-0.41428571428571426,-0.41428571428571426,-0.41428571428571426,-0.41428571428571426,-0.41428571428571426,-0.41428571428571426,-0.41428571428571426,-0.41428571428571426,-0.41428571428571426,-0.41428571428571426,-0.41428571428571426,-0.41428571428571426,-0.41428571428571426,-0.41428571428571426,-0.41428571428571426,-0.41428571428571426,-0.41428571428571426,-0.41428571428571426,-0.41428571428571426,-0.41428571428571426,-0.41428571428571426,-0.41428571428571426,-0.41428571428571426,-0.41428571428571426,-0.41428571428571426,-0.41428571428571426,-0.41428571428571426
-0.4,-0.4,-0.4,-0.4,-0.4,-0.4,-0.4,-0.4,-0.4,-0.4,-0.4,-0.4,-0.4,-0.4,-0.4,-0.4,-0.4,-0.4,-0.4,-0.4,-0.4,-0.4,-0.4,-0.4,-0.4,-0.4,-0.4,-0.4,-0.4,-0.4,-0.4,-0.4,-0.4,-0.4,-0.4,-0.4,-0.4,-0.4,-0.4,-0.4,-0.4,-0.4,-0.4,-0.4,-0.4,-0.4,-0.4,-0.4,-0.4,-0.4,-0.4,-0.4,-0.4,-0.4,-0.4,-0.4,-0.4,-0.4,-0.4,-0.4,-0.4,-0.4,-0.4,-0.4,-0.4,-0.4,-0.4,-0.4,-0.4,-0.4,-0.4
-0.3857142857142857,-0.3857142857142857,-0.3857142857142857,-0.3857142857142857,-0.3857142857142857,-0.3857142857142857,-0.3857142857142857,-0.3857142857142857,-0.3857142857142857,-0.3857142857142857,-0.3857142857142857,-0.3857142857142857,-0.3857142857142857,-0.3857142857142857,-0.3857142857142857,-0.3857142857142857,-0.3857142857142857,-0.3857142857142857,-0.3857142857142857,-0.3857142857142857,-0.3857142857142857,-0.3857142857142857,-0.3857142857142857,-0.3857142857142857,-0.3857142857142857,-0.3857142857142857,-0.3857142857142857,-0.3857142857142857,-0.3857142857142857,-0.3857142857142857,-0.3857142857142857,-0.3857142857142857,-0.3857142857142857,-0.3857142857142857,-0.3857142857142857,-0.3857142857142857,-0.3857142857142857,-0.3857142857142857,-0.3857142857142857,-0.3857142857142857,-0.3857142857142857,-0.3857142857142857,-0.3857142857142857,-0.3857142857142857,-0.3857142857142857,-0.3857142857142857,-0.3857142857142857,-0.3857142857142857,-0.3857142857142857,-0.3857142857142857,-0.3857142857142857,-0.3857142857142857,-0.3857142857142857,-0.3857142857142857,-0.3857142857142857,-0.3857142857142857,-0.3857142857142857,-0.3857142857142857,-0.3857142857142857,-0.3857142857142857,-0.3857142857142857,-0.3857142857142857,-0.3857142857142857,-0.3857142857142857,-0.3857142857142857,-0.3857142857142857,-0.3857142857142857,-0.3857142857142857,-0.3857142857142857,-0.3857142857142857,-0.3857142857142857
-0.37142857142857144,-0.37142857142857144,-0.37142857142857144,-0.37142857142857144,-0.37142857142857144,-0.37142857142857144,-0.37142857142857144,-0.37142857142857144,-0.37142857142857144,-0.37142857142857144,-0.37142857142857144,-0.37142857142857144,-0.37142857142857144,-0.37142857142857144,-0.37142857142857144,-0.37142857142857144,-0.37142857142857144,-0.37142857142857144,-0.37142857142857144,-0.37142857142857144,-0.37142857142857144,-0.37142857142857144,-0.37142857142857144,-0.37142857142857144,-0.37142857142857144,-0.37142857142857144,-0.37142857142857144,-0.37142857142857144,-0.37142857142857144,-0.37142857142857144,-0.37142857142857144,-0.37142857142857144,-0.37142857142857144,-0.37142857142857144,-0.37142857142857144,-0.37142857142857144,-0.37142857142857144,-0.37142857142857144,-0.37142857142857144,-0.37142857142857144,-0.37142857142857144,-0.37142857142857144,-0.37142857142857144,-0.37142857142857144,-0.37142857142857144,-0.37142857142857144,-0.37142857142857144,-0.37142857142857144,-0.37142857142857144,-0.37142857142857144,-0.37142857142857144,-0.37142857142857144,-0.37142857142857144,-0.37142857142857144,-0.37142857142857144,-0.37142857142857144,-0.37142857142857144,-0.37142857142857144,-0.37142857142857144,-0.37142857142857144,-0.37142857142857144,-0.37142857142857144,-0.37142857142857144,-0.37142857142857144,-0.37142857142857144,-0.37142857142857144,-0.37142857142857144,-0.37142857142857144,-0.37142857142857144,-0.37142857142857144,-0.37142857142857144
-0.3571428571428572,-0.3571428571428572,-0.3571428571428572,-0.3571428571428572,-0.3571428571428572,-0.3571428571428572,-0.3571428571428572,-0.3571428571428572,-0.3571428571428572,-0.3571428571428572,-0.3571428571428572,-0.3571428571428572,-0.3571428571428572,-0.3571428571428572,-0.3571428571428572,-0.3571428571428572,-0.3571428571428572,-0.3571428571428572,-0.3571428571428572,-0.3571428571428572,-0.3571428571428572,-0.3571428571428572,-0.3571428571428572,-0.3571428571428572,-0.3571428571428572,-0.3571428571428572,-0.3571428571428572,-0.3571428571428572,-0.3571428571428572,-0.3571428571428572,-0.3571428571428572,-0.3571428571428572,-0.3571428571428572,-0.3571428571428572,-0.3571428571428572,-0.3571428571428572,-0.3571428571428572,-0.3571428571428572,-0.3571428571428572,-0.3571428571428572,-0.3571428571428572,-0.3571428571428572,-0.3571428571428572,-0.3571428571428572,-0.3571428571428572,-0.3571428571428572,-0.3571428571428572,-0.3571428571428572,-0.3571428571428572,-0.3571428571428572,-0.3571428571428572,-0.3571428571428572,-0.3571428571428572,-0.3571428571428572,-0.3571428571428572,-0.3571428571428572,-0.3571428571428572,-0.3571428571428572,-0.3571428571428572,-0.3571428571428572,-0.3571428571428572,-0.3571428571428572,-0.3571428571428572,-0.3571428571428572,-0.3571428571428572,-0.3571428571428572,-0.3571428571428572,-0.3571428571428572,-0.3571428571428572,-0.3571428571428572,-0.3571428571428572
-0.34285714285714286,-0.34285714285714286,-0.34285714285714286,-0.34285714285714286,-0.34285714285714286,-0.34285714285714286,-0.34285714285714286,-0.34285714285714286,-0.34285714285714286,-0.34285714285714286,-0.34285714285714286,-0.34285714285714286,-0.34285714285714286,-0.34285714285714286,-0.34285714285714286,-0.34285714285714286,-0.34285714285714286,-0.34285714285714286,-0.34285714285714286,-0.34285714285714286,-0.34285714285714286,-0.34285714285714286,-0.34285714285714286,-0.34285714285714286,-0.34285714285714286,-0.34285714285714286,-0.34285714285714286,-0.34285714285714286,-0.34285714285714286,-0.34285714285714286,-0.34285714285714286,-0.34285714285714286,-0.34285714285714286,-0.34285714285714286,-0.34285714285714286,-0.34285714285714286,-0.34285714285714286,-0.34285714285714286,-0.34285714285714286,-0.34285714285714286,-0.34285714285714286,-0.34285714285714286,-0.34285714285714286,-0.34285714285714286,-0.34285714285714286,-0.34285714285714286,-0.34285714285714286,-0.34285714285714286,-0.34285714285714286,-0.34285714285714286,-0.34285714285714286,-0.34285714285714286,-0.34285714285714286,-0.34285714285714286,-0.34285714285714286,-0.34285714285714286,-0.34285714285714286,-0.34285714285714286,-0.34285714285714286,-0.34285714285714286,-0.34285714285714286,-0.34285714285714286,-0.34285714285714286,-0.34285714285714286,-0.34285714285714286,-0.34285714285714286,-0.34285714285714286,-0.34285714285714286,-0.34285714285714286,-0.34285714285714286,-0.34285714285714286
-0.3285714285714285,-0.3285714285714285,-0.3285714285714285,-0.3285714285714285,-0.3285714285714285,-0.3285714285714285,-0.3285714285714285,-0.3285714285714285,-0.3285714285714285,-0.3285714285714285,-0.3285714285714285,-0.3285714285714285,-0.3285714285714285,-0.3285714285714285,-0.3285714285714285,-0.3285714285714285,-0.3285714285714285,-0.3285714285714285,-0.3285714285714285,-0.3285714285714285,-0.3285714285714285,-0.3285714285714285,-0.3285714285714285,-0.3285714285714285,-0.3285714285714285,-0.3285714285714285,-0.3285714285714285,-0.3285714285714285,-0.3285714285714285,-0.3285714285714285,-0.3285714285714285,-0.3285714285714285,-0.3285714285714285,-0.3285714285714285,-0.3285714285714285,-0.3285714285714285,-0.3285714285714285,-0.3285714285714285,-0.3285714285714285,-0.3285714285714285,-0.3285714285714285,-0.3285714285714285,-0.3285714285714285,-0.3285714285714285,-0.3285714285714285,-0.3285714285714285,-0.3285714285714285,-0.3285714285714285,-0.3285714285714285,-0.3285714285714285,-0.3285714285714285,-0.3285714285714285,-0.3285714285714285,-0.3285714285714285,-0.3285714285714285,-0.3285714285714285,-0.3285714285714285,-0.3285714285714285,-0.3285714285714285,-0.3285714285714285,-0.3285714285714285,-0.3285714285714285,-0.3285714285714285,-0.3285714285714285,-0.3285714285714285,-0.3285714285714285,-0.3285714285714285,-0.3285714285714285,-0.3285714285714285,-0.3285714285714285,-0.3285714285714285
-0.3142857142857143,-0.3142857142857143,-0.3142857142857143,-0.3142857142857143,-0.3142857142857143,-0.3142857142857143,-0.3142857142857143,-0.3142857142857143,-0.3142857142857143,-0.3142857142857143,-0.3142857142857143,-0.3142857142857143,-0.3142857142857143,-0.3142857142857143,-0.3142857142857143,-0.3142857142857143,-0.3142857142857143,-0.3142857142857143,-0.3142857142857143,-0.3142857142857143,-0.3142857142857143,-0.3142857142857143,-0.3142857142857143,-0.3142857142857143,-0.3142857142857143,-0.3142857142857143,-0.3142857142857143,-0.3142857142857143,-0.3142857142857143,-0.3142857142857143,-0.3142857142857143,-0.3142857142857143,-0.3142857142857143,-0.3142857142857143,-0.3142857142857143,-0.3142857142857143,-0.3142857142857143,-0.3142857142857143,-0.3142857142857143,-0.3142857142857143,-0.3142857142857143,-0.3142857142857143,-0.3142857142857143,-0.3142857142857143,-0.3142857142857143,-0.3142857142857143,-0.3142857142857143,-0.3142857142857143,-0.3142857142857143,-0.3142857142857143,-0.3142857142857143,-0.3142857142857143,-0.3142857142857143,-0.3142857142857143,-0.3142857142857143,-0.3142857142857143,-0.3142857142857143,-0.3142857142857143,-0.3142857142857143,-0.3142857142857143,-0.3142857142857143,-0.3142857142857143,-0.3142857142857143,-0.3142857142857143,-0.3142857142857143,-0.3142857142857143,-0.3142857142857143,-0.3142857142857143,-0.3142857142857143,-0.3142857142857143,-0.3142857142857143
-0.30000000000000004,-0.30000000000000004,-0.30000000000000004,-0.30000000000000004,-0.30000000000000004,-0.30000000000000004,-0.30000000000000004,-0.30000000000000004,-0.30000000000000004,-0.30000000000000004,-0.30000000000000004,-0.30000000000000004,-0.30000000000000004,-0.30000000000000004,-0.30000000000000004,-0.30000000000000004,-0.30000000000000004,-0.30000000000000004,-0.30000000000000004,-0.30000000000000004,-0.30000000000000004,-0.30000000000000004,-0.30000000000000004,-0.30000000000000004,-0.30000000000000004,-0.30000000000000004,-0.30000000000000004,-0.30000000000000004,-0.30000000000000004,-0.30000000000000004,-0.30000000000000004,-0.30000000000000004,-0.30000000000000004,-0.30000000000000004,-0.30000000000000004,-0.30000000000000004,-0.30000000000000004,-0.30000000000000004,-0.30000000000000004,-0.30000000000000004,-0.30000000000000004,-0.30000000000000004,-0.30000000000000004,-0.30000000000000004,-0.30000000000000004,-0.30000000000000004,-0.30000000000000004,-0.30000000000000004,-0.30000000000000004,-0.30000000000000004,-0.30000000000000004,-0.30000000000000004,-0.30000000000000004,-0.30000000000000004,-0.30000000000000004,-0.30000000000000004,-0.30000000000000004,-0.30000000000000004,-0.30000000000000004,-0.30000000000000004,-0.30000000000000004,-0.30000000000000004,-0.30000000000000004,-0.30000000000000004,-0.30000000000000004,-0.30000000000000004,-0.30000000000000004,-0.30000000000000004,-0.30000000000000004,-0.30000000000000004,-0.30000000000000004
-0.2857142857142857,-0.2857142857142857,-0.2857142857142857,-0.2857142857142857,-0.2857142857142857,-0.2857142857142857,-0.2857142857142857,-0.2857142857142857,-0.2857142857142857,-0.2857142857142857,-0.2857142857142857,-0.2857142857142857,-0.2857142857142857,-0.2857142857142857,-0.2857142857142857,-0.2857142857142857,-0.2857142857142857,-0.2857142857142857,-0.2857142857142857,-0.2857142857142857,-0.2857142857142857,-0.2857142857142857,-0.2857142857142857,-0.2857142857142857,-0.2857142857142857,-0.2857142857142857,-0.2857142857142857,-0.2857142857142857,-0.2857142857142857,-0.2857142857142857,-0.2857142857142857,-0.2857142857142857,-0.2857142857142857,-0.2857142857142857,-0.2857142857142857,-0.2857142857142857,-0.2857142857142857,-0.2857142857142857,-0.2857142857142857,-0.2857142857142857,-0.2857142857142857,-0.2857142857142857,-0.2857142857142857,-0.2857142857142857,-0.2857142857142857,-0.2857142857142857,-0.2857142857142857,-0.2857142857142857,-0.2857142857142857,-0.2857142857142857,-0.2857142857142857,-0.2857142857142857,-0.2857142857142857,-0.2857142857142857,-0.2857142857142857,-0.2857142857142857,-0.2857142857142857,-0.2857142857142857,-0.2857142857142857,-0.2857142857142857,-0.2857142857142857,-0.2857142857142857,-0.2857142857142857,-0.2857142857142857,-0.2857142857142857,-0.2857142857142857,-0.2857142857142857,-0.2857142857142857,-0.2857142857142857,-0.2857142857142857,-0.2857142857142857
-0.27142857142857146,-0.27142857142857146,-0.27142857142857146,-0.27142857142857146,-0.27142857142857146,-0.27142857142857146,-0.27142857142857146,-0.27142857142857146,-0.27142857142857146,-0.27142857142857146,-0.27142857142857146,-0.27142857142857146,-0.27142857142857146,-0.27142857142857146,-0.27142857142857146,-0.27142857142857146,-0.27142857142857146,-0.27142857142857146,-0.27142857142857146,-0.27142857142857146,-0.27142857142857146,-0.27142857142857146,-0.27142857142857146,-0.27142857142857146,-0.27142857142857146,-0.27142857142857146,-0.27142857142857146,-0.27142857142857146,-0.27142857142857146,-0.27142857142857146,-0.27142857142857146,-0.27142857142857146,-0.27142857142857146,-0.27142857142857146,-0.27142857142857146,-0.27142857142857146,-0.27142857142857146,-0.27142857142857146,-0.27142857142857146,-0.27142857142857146,-0.27142857142857146,-0.27142857142857146,-0.27142857142857146,-0.27142857142857146,-0.27142857142857146,-0.27142857142857146,-0.27142857142857146,-0.27142857142857146,-0.27142857142857146,-0.27142857142857146,-0.27142857142857146,-0.27142857142857146,-0.27142857142857146,-0.27142857142857146,-0.27142857142857146,-0.27142857142857146,-0.27142857142857146,-0.27142857142857146,-0.27142857142857146,-0.27142857142857146,-0.27142857142857146,-0.27142857142857146,-0.27142857142857146,-0.27142857142857146,-0.27142857142857146,-0.27142857142857146,-0.27142857142857146,-0.27142857142857146,-0.27142857142857146,-0.27142857142857146,-0.27142857142857146
-0.2571428571428571,-0.2571428571428571,-0.2571428571428571,-0.2571428571428571,-0.2571428571428571,-0.2571428571428571,-0.2571428571428571,-0.2571428571428571,-0.2571428571428571,-0.2571428571428571,-0.2571428571428571,-0.2571428571428571,-0.2571428571428571,-0.2571428571428571,-0.2571428571428571,-0.2571428571428571,-0.2571428571428571,-0.2571428571428571,-0.2571428571428571,-0.2571428571428571,-0.2571428571428571,-0.2571428571428571,-0.2571428571428571,-0.2571428571428571,-0.2571428571428571,-0.2571428571428571,-0.2571428571428571,-0.2571428571428571,-0.2571428571428571,-0.2571428571428571,-0.2571428571428571,-0.2571428571428571,-0.2571428571428571,-0.2571428571428571,-0.2571428571428571,-0.2571428571428571,-0.2571428571428571,-0.2571428571428571,-0.2571428571428571,-0.2571428571428571,-0.2571428571428571,-0.2571428571428571,-0.2571428571428571,-0.2571428571428571,-0.2571428571428571,-0.2571428571428571,-0.2571428571428571,-0.2571428571428571,-0.2571428571428571,-0.2571428571428571,-0.2571428571428571,-0.2571428571428571,-0.2571428571428571,-0.2571428571428571,-0.2571428571428571,-0.2571428571428571,-0.2571428571428571,-0.2571428571428571,-0.2571428571428571,-0.2571428571428571,-0.2571428571428571,-0.2571428571428571,-0.2571428571428571,-0.2571428571428571,-0.2571428571428571,-0.2571428571428571,-0.2571428571428571,-0.2571428571428571,-0.2571428571428571,-0.2571428571428571,-0.2571428571428571
-0.24285714285714288,-0.24285714285714288,-0.24285714285714288,-0.24285714285714288,-0.24285714285714288,-0.24285714285714288,-0.24285714285714288,-0.24285714285714288,-0.24285714285714288,-0.24285714285714288,-0.24285714285714288,-0.24285714285714288,-0.24285714285714288,-0.24285714285714288,-0.24285714285714288,-0.24285714285714288,-0.24285714285714288,-0.24285714285714288,-0.24285714285714288,-0.24285714285714288,-0.24285714285714288,-0.24285714285714288,-0.24285714285714288,-0.24285714285714288,-0.24285714285714288,-0.24285714285714288,-0.24285714285714288,-0.24285714285714288,-0.24285714285714288,-0.24285714285714288,-0.24285714285714288,-0.24285714285714288,-0.24285714285714288,-0.24285714285714288,-0.24285714285714288,-0.24285714285714288,-0.24285714285714288,-0.24285714285714288,-0.24285714285714288,-0.24285714285714288,-0.24285714285714288,-0.24285714285714288,-0.24285714285714288,-0.24285714285714288,-0.24285714285714288,-0.24285714285714288,-0.24285714285714288,-0.24285714285714288,-0.24285714285714288,-0.24285714285714288,-0.24285714285714288,-0.24285714285714288,-0.24285714285714288,-0.24285714285714288,-0.24285714285714288,-0.24285714285714288,-0.24285714285714288,-0.24285714285714288,-0.24285714285714288,-0.24285714285714288,-0.24285714285714288,-0.24285714285714288,-0.24285714285714288,-0.24285714285714288,-0.24285714285714288,-0.24285714285714288,-0.24285714285714288,-0.24285714285714288,-0.24285714285714288,-0.24285714285714288,-0.24285714285714288
-0.22857142857142862,-0.22857142857142862,-0.22857142857142862,-0.22857142857142862,-0.22857142857142862,-0.22857142857142862,-0.22857142857142862,-0.22857142857142862,-0.22857142857142862,-0.22857142857142862,-0.22857142857142862,-0.22857142857142862,-0.22857142857142862,-0.22857142857142862,-0.22857142857142862,-0.22857142857142862,-0.22857142857142862,-0.22857142857142862,-0.22857142857142862,-0.22857142857142862,-0.22857142857142862,-0.22857142857142862,-0.22857142857142862,-0.22857142857142862,-0.22857142857142862,-0.22857142857142862,-0.22857142857142862,-0.22857142857142862,-0.22857142857142862,-0.22857142857142862,-0.22857142857142862,-0.22857142857142862,-0.22857142857142862,-0.22857142857142862,-0.22857142857142862,-0.22857142857142862,-0.22857142857142862,-0.22857142857142862,-0.22857142857142862,-0.22857142857142862,-0.22857142857142862,-0.22857142857142862,-0.22857142857142862,-0.22857142857142862,-0.22857142857142862,-0.22857142857142862,-0.22857142857142862,-0.22857142857142862,-0.22857142857142862,-0.22857142857142862,-0.22857142857142862,-0.22857142857142862,-0.22857142857142862,-0.22857142857142862,-0.22857142857142862,-0.22857142857142862,-0.22857142857142862,-0.22857142857142862,-0.22857142857142862,-0.22857142857142862,-0.22857142857142862,-0.22857142857142862,-0.22857142857142862,-0.22857142857142862,-0.22857142857142862,-0.22857142857142862,-0.22857142857142862,-0.22857142857142862,-0.22857142857142862,-0.22857142857142862,-0.22857142857142862
-0.2142857142857143,-0.2142857142857143,-0.2142857142857143,-0.2142857142857143,-0.2142857142857143,-0.2142857142857143,-0.2142857142857143,-0.2142857142857143,-0.2142857142857143,-0.2142857142857143,-0.2142857142857143,-0.2142857142857143,-0.2142857142857143,-0.2142857142857143,-0.2142857142857143,-0.2142857142857143,-0.2142857142857143,-0.2142857142857143,-0.2142857142857143,-0.2142857142857143,-0.2142857142857143,-0.2142857142857143,-0.2142857142857143,-0.2142857142857143,-0.2142857142857143,-0.2142857142857143,-0.2142857142857143,-0.2142857142857143,-0.2142857142857143,-0.2142857142857143,-0.2142857142857143,-0.2142857142857143,-0.2142857142857143,-0.2142857142857143,-0.2142857142857143,-0.2142857142857143,-0.2142857142857143,-0.2142857142857143,-0.2142857142857143,-0.2142857142857143,-0.2142857142857143,-0.2142857142857143,-0.2142857142857143,-0.2142857142857143,-0.2142857142857143,-0.2142857142857143,-0.2142857142857143,-0.2142857142857143,-0.2142857142857143,-0.2142857142857143,-0.2142857142857143,-0.2142857142857143,-0.2142857142857143,-0.2142857142857143,-0.2142857142857143,-0.2142857142857143,-0.2142857142857143,-0.2142857142857143,-0.2142857142857143,-0.2142857142857143,-0.2142857142857143,-0.2142857142857143,-0.2142857142857143,-0.2142857142857143,-0.2142857142857143,-0.2142857142857143,-0.2142857142857143,-0.2142857142857143,-0.2142857142857143,-0.2142857142857143,-0.2142857142857143
-0.19999999999999998,-0.19999999999999998,-0.19999999999999998,-0.19999999999999998,-0.19999999999999998,-0.19999999999999998,-0.19999999999999998,-0.19999999999999998,-0.19999999999999998,-0.19999999999999998,-0.19999999999999998,-0.19999999999999998,-0.19999999999999998,-0.19999999999999998,-0.19999999999999998,-0.19999999999999998,-0.19999999999999998,-0.19999999999999998,-0.19999999999999998,-0.19999999999999998,-0.19999999999999998,-0.19999999999999998,-0.19999999999999998,-0.19999999999999998,-0.19999999999999998,-0.19999999999999998,-0.19999999999999998,-0.19999999999999998,-0.19999999999999998,-0.19999999999999998,-0.19999999999999998,-0.19999999999999998,-0.19999999999999998,-0.19999999999999998,-0.19999999999999998,-0.19999999999999998,-0.19999999999999998,-0.19999999999999998,-0.19999999999999998,-0.19999999999999998,-0.19999999999999998,-0.19999999999999998,-0.19999999999999998,-0.19999999999999998,-0.19999999999999998,-0.19999999999999998,-0.19999999999999998,-0.19999999999999998,-0.19999999999999998,-0.19999999999999998,-0.19999999999999998,-0.19999999999999998,-0.19999999999999998,-0.19999999999999998,-0.19999999999999998,-0.19999999999999998,-0.19999999999999998,-0.19999999999999998,-0.19999999999999998,-0.19999999999999998,-0.19999999999999998,-0.19999999999999998,-0.19999999999999998,-0.19999999999999998,-0.19999999999999998,-0.19999999999999998,-0.19999999999999998,-0.19999999999999998,-0.19999999999999998,-0.19999999999999998,-0.19999999999999998
-0.18571428571428572,-0.18571428571428572,-0.18571428571428572,-0.18571428571428572,-0.18571428571428572,-0.18571428571428572,-0.18571428571428572,-0.18571428571428572,-0.18571428571428572,-0.18571428571428572,-0.18571428571428572,-0.18571428571428572,-0.18571428571428572,-0.18571428571428572,-0.18571428571428572,-0.18571428571428572,-0.18571428571428572,-0.18571428571428572,-0.18571428571428572,-0.18571428571428572,-0.18571428571428572,-0.18571428571428572,-0.18571428571428572,-0.18571428571428572,-0.18571428571428572,-0.18571428571428572,-0.18571428571428572,-0.18571428571428572,-0.18571428571428572,-0.18571428571428572,-0.18571428571428572,-0.18571428571428572,-0.18571428571428572,-0.18571428571428572,-0.18571428571428572,-0.18571428571428572,-0.18571428571428572,-0.18571428571428572,-0.18571428571428572,-0.18571428571428572,-0.18571428571428572,-0.18571428571428572,-0.18571428571428572,-0.18571428571428572,-0.18571428571428572,-0.18571428571428572,-0.18571428571428572,-0.18571428571428572,-0.18571428571428572,-0.18571428571428572,-0.18571428571428572,-0.18571428571428572,-0.18571428571428572,-0.18571428571428572,-0.18571428571428572,-0.18571428571428572,-0.18571428571428572,-0.18571428571428572,-0.18571428571428572,-0.18571428571428572,-0.18571428571428572,-0.18571428571428572,-0.18571428571428572,-0.18571428571428572,-0.18571428571428572,-0.18571428571428572,-0.18571428571428572,-0.18571428571428572,-0.18571428571428572,-0.18571428571428572,-0.18571428571428572
-0.17142857142857146,-0.17142857142857146,-0.17142857142857146,-0.17142857142857146,-0.17142857142857146,-0.17142857142857146,-0.17142857142857146,-0.17142857142857146,-0.17142857142857146,-0.17142857142857146,-0.17142857142857146,-0.17142857142857146,-0.17142857142857146,-0.17142857142857146,-0.17142857142857146,-0.17142857142857146,-0.17142857142857146,-0.17142857142857146,-0.17142857142857146,-0.17142857142857146,-0.17142857142857146,-0.17142857142857146,-0.17142857142857146,-0.17142857142857146,-0.17142857142857146,-0.17142857142857146,-0.17142857142857146,-0.17142857142857146,-0.17142857142857146,-0.17142857142857146,-0.17142857142857146,-0.17142857142857146,-0.17142857142857146,-0.17142857142857146,-0.17142857142857146,-0.17142857142857146,-0.17142857142857146,-0.17142857142857146,-0.17142857142857146,-0.17142857142857146,-0.17142857142857146,-0.17142857142857146,-0.17142857142857146,-0.17142857142857146,-0.17142857142857146,-0.17142857142857146,-0.17142857142857146,-0.17142857142857146,-0.17142857142857146,-0.17142857142857146,-0.17142857142857146,-0.17142857142857146,-0.17142857142857146,-0.17142857142857146,-0.17142857142857146,-0.17142857142857146,-0.17142857142857146,-0.17142857142857146,-0.17142857142857146,-0.17142857142857146,-0.17142857142857146,-0.17142857142857146,-0.17142857142857146,-0.17142857142857146,-0.17142857142857146,-0.17142857142857146,-0.17142857142857146,-0.17142857142857146,-0.17142857142857146,-0.17142857142857146,-0.17142857142857146
-0.15714285714285714,-0.15714285714285714,-0.15714285714285714,-0.15714285714285714,-0.15714285714285714,-0.15714285714285714,-0.15714285714285714,-0.15714285714285714,-0.15714285714285714,-0.15714285714285714,-0.15714285714285714,-0.15714285714285714,-0.15714285714285714,-0.15714285714285714,-0.15714285714285714,-0.15714285714285714,-0.15714285714285714,-0.15714285714285714,-0.15714285714285714,-0.15714285714285714,-0.15714285714285714,-0.15714285714285714,-0.15714285714285714,-0.15714285714285714,-0.15714285714285714,-0.15714285714285714,-0.15714285714285714,-0.15714285714285714,-0.15714285714285714,-0.15714285714285714,-0.15714285714285714,-0.15714285714285714,-0.15714285714285714,-0.15714285714285714,-0.15714285714285714,-0.15714285714285714,-0.15714285714285714,-0.15714285714285714,-0.15714285714285714,-0.15714285714285714,-0.15714285714285714,-0.15714285714285714,-0.15714285714285714,-0.15714285714285714,-0.15714285714285714,-0.15714285714285714,-0.15714285714285714,-0.15714285714285714,-0.15714285714285714,-0.15714285714285714,-0.15714285714285714,-0.15714285714285714,-0.15714285714285714,-0.15714285714285714,-0.15714285714285714,-0.15714285714285714,-0.15714285714285714,-0.15714285714285714,-0.15714285714285714,-0.15714285714285714,-0.15714285714285714,-0.15714285714285714,-0.15714285714285714,-0.15714285714285714,-0.15714285714285714,-0.15714285714285714,-0.15714285714285714,-0.15714285714285714,-0.15714285714285714,-0.15714285714285714,-0.15714285714285714
-0.14285714285714282,-0.14285714285714282,-0.14285714285714282,-0.14285714285714282,-0.14285714285714282,-0.14285714285714282,-0.14285714285714282,-0.14285714285714282,-0.14285714285714282,-0.14285714285714282,-0.14285714285714282,-0.14285714285714282,-0.14285714285714282,-0.14285714285714282,-0.14285714285714282,-0.14285714285714282,-0.14285714285714282,-0.14285714285714282,-0.14285714285714282,-0.14285714285714282,-0.14285714285714282,-0.14285714285714282,-0.14285714285714282,-0.14285714285714282,-0.14285714285714282,-0.14285714285714282,-0.14285714285714282,-0.14285714285714282,-0.14285714285714282,-0.14285714285714282,-0.14285714285714282,-0.14285714285714282,-0.14285714285714282,-0.14285714285714282,-0.14285714285714282,-0.14285714285714282,-0.14285714285714282,-0.14285714285714282,-0.14285714285714282,-0.14285714285714282,-0.14285714285714282,-0.14285714285714282,-0.14285714285714282,-0.14285714285714282,-0.14285714285714282,-0.14285714285714282,-0.14285714285714282,-0.14285714285714282,-0.14285714285714282,-0.14285714285714282,-0.14285714285714282,-0.14285714285714282,-0.14285714285714282,-0.14285714285714282,-0.14285714285714282,-0.14285714285714282,-0.14285714285714282,-0.14285714285714282,-0.14285714285714282,-0.14285714285714282,-0.14285714285714282,-0.14285714285714282,-0.14285714285714282,-0.14285714285714282,-0.14285714285714282,-0.14285714285714282,-0.14285714285714282,-0.14285714285714282,-0.14285714285714282,-0.14285714285714282,-0.14285714285714282
-0.12857142857142856,-0.12857142857142856,-0.12857142857142856,-0.12857142857142856,-0.12857142857142856,-0.12857142857142856,-0.12857142857142856,-0.12857142857142856,-0.12857142857142856,-0.12857142857142856,-0.12857142857142856,-0.12857142857142856,-0.12857142857142856,-0.12857142857142856,-0.12857142857142856,-0.12857142857142856,-0.12857142857142856,-0.12857142857142856,-0.12857142857142856,-0.12857142857142856,-0.12857142857142856,-0.12857142857142856,-0.12857142857142856,-0.12857142857142856,-0.12857142857142856,-0.12857142857142856,-0.12857142857142856,-0.12857142857142856,-0.12857142857142856,-0.12857142857142856,-0.12857142857142856,-0.12857142857142856,-0.12857142857142856,-0.12857142857142856,-0.12857142857142856,-0.12857142857142856,-0.12857142857142856,-0.12857142857142856,-0.12857142857142856,-0.12857142857142856,-0.12857142857142856,-0.12857142857142856,-0.12857142857142856,-0.12857142857142856,-0.12857142857142856,-0.12857142857142856,-0.12857142857142856,-0.12857142857142856,-0.12857142857142856,-0.12857142857142856,-0.12857142857142856,-0.12857142857142856,-0.12857142857142856,-0.12857142857142856,-0.12857142857142856,-0.12857142857142856,-0.12857142857142856,-0.12857142857142856,-0.12857142857142856,-0.12857142857142856,-0.12857142857142856,-0.12857142857142856,-0.12857142857142856,-0.12857142857142856,-0.12857142857142856,-0.12857142857142856,-0.12857142857142856,-0.12857142857142856,-0.12857142857142856,-0.12857142857142856,-0.12857142857142856
-0.1142857142857143,-0.1142857142857143,-0.1142857142857143,-0.1142857142857143,-0.1142857142857143,-0.1142857142857143,-0.1142857142857143,-0.1142857142857143,-0.1142857142857143,-0.1142857142857143,-0.1142857142857143,-0.1142857142857143,-0.1142857142857143,-0.1142857142857143,-0.1142857142857143,-0.1142857142857143,-0.1142857142857143,-0.1142857142857143,-0.1142857142857143,-0.1142857142857143,-0.1142857142857143,-0.1142857142857143,-0.1142857142857143,-0.1142857142857143,-0.1142857142857143,-0.1142857142857143,-0.1142857142857143,-0.1142857142857143,-0.1142857142857143,-0.1142857142857143,-0.1142857142857143,-0.1142857142857143,-0.1142857142857143,-0.1142857142857143,-0.1142857142857143,-0.1142857142857143,-0.1142857142857143,-0.1142857142857143,-0.1142857142857143,-0.1142857142857143,-0.1142857142857143,-0.1142857142857143,-0.1142857142857143,-0.1142857142857143,-0.1142857142857143,-0.1142857142857143,-0.1142857142857143,-0.1142857142857143,-0.1142857142857143,-0.1142857142857143,-0.1142857142857143,-0.1142857142857143,-0.1142857142857143,-0.1142857142857143,-0.1142857142857143,-0.1142857142857143,-0.1142857142857143,-0.1142857142857143,-0.1142857142857143,-0.1142857142857143,-0.1142857142857143,-0.1142857142857143,-0.1142857142857143,-0.1142857142857143,-0.1142857142857143,-0.1142857142857143,-0.1142857142857143,-0.1142857142857143,-0.1142857142857143,-0.1142857142857143,-0.1142857142857143
-0.09999999999999998,-0.09999999999999998,-0.09999999999999998,-0.09999999999999998,-0.09999999999999998,-0.09999999999999998,-0.09999999999999998,-0.09999999999999998,-0.09999999999999998,-0.09999999999999998,-0.09999999999999998,-0.09999999999999998,-0.09999999999999998,-0.09999999999999998,-0.09999999999999998,-0.09999999999999998,-0.09999999999999998,-0.09999999999999998,-0.09999999999999998,-0.09999999999999998,-0.09999999999999998,-0.09999999999999998,-0.09999999999999998,-0.09999999999999998,-0.09999999999999998,-0.09999999999999998,-0.09999999999999998,-0.09999999999999998,-0.09999999999999998,-0.09999999999999998,-0.09999999999999998,-0.09999999999999998,-0.09999999999999998,-0.09999999999999998,-0.09999999999999998,-0.09999999999999998,-0.09999999999999998,-0.09999999999999998,-0.09999999999999998,-0.09999999999999998,-0.09999999999999998,-0.09999999999999998,-0.09999999999999998,-0.09999999999999998,-0.09999999999999998,-0.09999999999999998,-0.09999999999999998,-0.09999999999999998,-0.09999999999999998,-0.09999999999999998,-0.09999999999999998,-0.09999999999999998,-0.09999999999999998,-0.09999999999999998,-0.09999999999999998,-0.09999999999999998,-0.09999999999999998,-0.09999999999999998,-0.09999999999999998,-0.09999999999999998,-0.09999999999999998,-0.09999999999999998,-0.09999999999999998,-0.09999999999999998,-0.09999999999999998,-0.09999999999999998,-0.09999999999999998,-0.09999999999999998,-0.09999999999999998,-0.09999999999999998,-0.09999999999999998
-0.08571428571428566,-0.08571428571428566,-0.08571428571428566,-0.08571428571428566,-0.08571428571428566,-0.08571428571428566,-0.08571428571428566,-0.08571428571428566,-0.08571428571428566,-0.08571428571428566,-0.08571428571428566,-0.08571428571428566,-0.08571428571428566,-0.08571428571428566,-0.08571428571428566,-0.08571428571428566,-0.08571428571428566,-0.08571428571428566,-0.08571428571428566,-0.08571428571428566,-0.08571428571428566,-0.08571428571428566,-0.08571428571428566,-0.08571428571428566,-0.08571428571428566,-0.08571428571428566,-0.08571428571428566,-0.08571428571428566,-0.08571428571428566,-0.08571428571428566,-0.08571428571428566,-0.08571428571428566,-0.08571428571428566,-0.08571428571428566,-0.08571428571428566,-0.08571428571428566,-0.08571428571428566,-0.08571428571428566,-0.08571428571428566,-0.08571428571428566,-0.08571428571428566,-0.08571428571428566,-0.08571428571428566,-0.08571428571428566,-0.08571428571428566,-0.08571428571428566,-0.08571428571428566,-0.08571428571428566,-0.08571428571428566,-0.08571428571428566,-0.08571428571428566,-0.08571428571428566,-0.08571428571428566,-0.08571428571428566,-0.08571428571428566,-0.08571428571428566,-0.08571428571428566,-0.08571428571428566,-0.08571428571428566,-0.08571428571428566,-0.08571428571428566,-0.08571428571428566,-0.08571428571428566,-0.08571428571428566,-0.08571428571428566,-0.08571428571428566,-0.08571428571428566,-0.08571428571428566,-0.08571428571428566,-0.08571428571428566,-0.08571428571428566
-0.07142857142857142,-0.07142857142857142,-0.07142857142857142,-0.07142857142857142,-0.07142857142857142,-0.07142857142857142,-0.07142857142857142,-0.07142857142857142,-0.07142857142857142,-0.07142857142857142,-0.07142857142857142,-0.07142857142857142,-0.07142857142857142,-0.07142857142857142,-0.07142857142857142,-0.07142857142857142,-0.07142857142857142,-0.07142857142857142,-0.07142857142857142,-0.07142857142857142,-0.07142857142857142,-0.07142857142857142,-0.07142857142857142,-0.07142857142857142,-0.07142857142857142,-0.07142857142857142,-0.07142857142857142,-0.07142857142857142,-0.07142857142857142,-0.07142857142857142,-0.07142857142857142,-0.07142857142857142,-0.07142857142857142,-0.07142857142857142,-0.07142857142857142,-0.07142857142857142,-0.07142857142857142,-0.07142857142857142,-0.07142857142857142,-0.07142857142857142,-0.07142857142857142,-0.07142857142857142,-0.07142857142857142,-0.07142857142857142,-0.07142857142857142,-0.07142857142857142,-0.07142857142857142,-0.07142857142857142,-0.07142857142857142,-0.07142857142857142,-0.07142857142857142,-0.07142857142857142,-0.07142857142857142,-0.07142857142857142,-0.07142857142857142,-0.07142857142857142,-0.07142857142857142,-0.07142857142857142,-0.07142857142857142,-0.07142857142857142,-0.07142857142857142,-0.07142857142857142,-0.07142857142857142,-0.07142857142857142,-0.07142857142857142,-0.07142857142857142,-0.07142857142857142,-0.07142857142857142,-0.07142857142857142,-0.07142857142857142,-0.07142857142857142
-0.05714285714285716,-0.05714285714285716,-0.05714285714285716,-0.05714285714285716,-0.05714285714285716,-0.05714285714285716,-0.05714285714285716,-0.05714285714285716,-0.05714285714285716,-0.05714285714285716,-0.05714285714285716,-0.05714285714285716,-0.05714285714285716,-0.05714285714285716,-0.05714285714285716,-0.05714285714285716,-0.05714285714285716,-0.05714285714285716,-0.05714285714285716,-0.05714285714285716,-0.05714285714285716,-0.05714285714285716,-0.05714285714285716,-0.05714285714285716,-0.05714285714285716,-0.05714285714285716,-0.05714285714285716,-0.05714285714285716,-0.05714285714285716,-0.05714285714285716,-0.05714285714285716,-0.05714285714285716,-0.05714285714285716,-0.05714285714285716,-0.05714285714285716,-0.05714285714285716,-0.05714285714285716,-0.05714285714285716,-0.05714285714285716,-0.05714285714285716,-0.05714285714285716,-0.05714285714285716,-0.05714285714285716,-0.05714285714285716,-0.05714285714285716,-0.05714285714285716,-0.05714285714285716,-0.05714285714285716,-0.05714285714285716,-0.05714285714285716,-0.05714285714285716,-0.05714285714285716,-0.05714285714285716,-0.05714285714285716,-0.05714285714285716,-0.05714285714285716,-0.05714285714285716,-0.05714285714285716,-0.05714285714285716,-0.05714285714285716,-0.05714285714285716,-0.05714285714285716,-0.05714285714285716,-0.05714285714285716,-0.05714285714285716,-0.05714285714285716,-0.05714285714285716,-0.05714285714285716,-0.05714285714285716,-0.05714285714285716,-0.05714285714285716
-0.0428571428571429,-0.0428571428571429,-0.0428571428571429,-0.0428571428571429,-0.0428571428571429,-0.0428571428571429,-0.0428571428571429,-0.0428571428571429,-0.0428571428571429,-0.0428571428571429,-0.0428571428571429,-0.0428571428571429,-0.0428571428571429,-0.0428571428571429,-0.0428571428571429,-0.0428571428571429,-0.0428571428571429,-0.0428571428571429,-0.0428571428571429,-0.0428571428571429,-0.0428571428571429,-0.0428571428571429,-0.0428571428571429,-0.0428571428571429,-0.0428571428571429,-0.0428571428571429,-0.0428571428571429,-0.0428571428571429,-0.0428571428571429,-0.0428571428571429,-0.0428571428571429,-0.0428571428571429,-0.0428571428571429,-0.0428571428571429,-0.0428571428571429,-0.0428571428571429,-0.0428571428571429,-0.0428571428571429,-0.0428571428571429,-0.0428571428571429,-0.0428571428571429,-0.0428571428571429,-0.0428571428571429,-0.0428571428571429,-0.0428571428571429,-0.0428571428571429,-0.0428571428571429,-0.0428571428571429,-0.0428571428571429,-0.0428571428571429,-0.0428571428571429,-0.0428571428571429,-0.0428571428571429,-0.0428571428571429,-0.0428571428571429,-0.0428571428571429,-0.0428571428571429,-0.0428571428571429,-0.0428571428571429,-0.0428571428571429,-0.0428571428571429,-0.0428571428571429,-0.0428571428571429,-0.0428571428571429,-0.0428571428571429,-0.0428571428571429,-0.0428571428571429,-0.0428571428571429,-0.0428571428571429,-0.0428571428571429,-0.0428571428571429
-0.02857142857142858,-0.02857142857142858,-0.02857142857142858,-0.02857142857142858,-0.02857142857142858,-0.02857142857142858,-0.02857142857142858,-0.02857142857142858,-0.02857142857142858,-0.02857142857142858,-0.02857142857142858,-0.02857142857142858,-0.02857142857142858,-0.02857142857142858,-0.02857142857142858,-0.02857142857142858,-0.02857142857142858,-0.02857142857142858,-0.02857142857142858,-0.02857142857142858,-0.02857142857142858,-0.02857142857142858,-0.02857142857142858,-0.02857142857142858,-0.02857142857142858,-0.02857142857142858,-0.02857142857142858,-0.02857142857142858,-0.02857142857142858,-0.02857142857142858,-0.02857142857142858,-0.02857142857142858,-0.02857142857142858,-0.02857142857142858,-0.02857142857142858,-0.02857142857142858,-0.02857142857142858,-0.02857142857142858,-0.02857142857142858,-0.02857142857142858,-0.02857142857142858,-0.02857142857142858,-0.02857142857142858,-0.02857142857142858,-0.02857142857142858,-0.02857142857142858,-0.02857142857142858,-0.02857142857142858,-0.02857142857142858,-0.02857142857142858,-0.02857142857142858,-0.02857142857142858,-0.02857142857142858,-0.02857142857142858,-0.02857142857142858,-0.02857142857142858,-0.02857142857142858,-0.02857142857142858,-0.02857142857142858,-0.02857142857142858,-0.02857142857142858,-0.02857142857142858,-0.02857142857142858,-0.02857142857142858,-0.02857142857142858,-0.02857142857142858,-0.02857142857142858,-0.02857142857142858,-0.02857142857142858,-0.02857142857142858,-0.02857142857142858
-0.014285714285714263,-0.014285714285714263,-0.014285714285714263,-0.014285714285714263,-0.014285714285714263,-0.014285714285714263,-0.014285714285714263,-0.014285714285714263,-0.014285714285714263,-0.014285714285714263,-0.014285714285714263,-0.014285714285714263,-0.014285714285714263,-0.014285714285714263,-0.014285714285714263,-0.014285714285714263,-0.014285714285714263,-0.014285714285714263,-0.014285714285714263,-0.014285714285714263,-0.014285714285714263,-0.014285714285714263,-0.014285714285714263,-0.014285714285714263,-0.014285714285714263,-0.014285714285714263,-0.014285714285714263,-0.014285714285714263,-0.014285714285714263,-0.014285714285714263,-0.014285714285714263,-0.014285714285714263,-0.014285714285714263,-0.014285714285714263,-0.014285714285714263,-0.014285714285714263,-0.014285714285714263,-0.014285714285714263,-0.014285714285714263,-0.014285714285714263,-0.014285714285714263,-0.014285714285714263,-0.014285714285714263,-0.014285714285714263,-0.014285714285714263,-0.014285714285714263,-0.014285714285714263,-0.014285714285714263,-0.014285714285714263,-0.014285714285714263,-0.014285714285714263,-0.014285714285714263,-0.014285714285714263,-0.014285714285714263,-0.014285714285714263,-0.014285714285714263,-0.014285714285714263,-0.014285714285714263,-0.014285714285714263,-0.014285714285714263,-0.014285714285714263,-0.014285714285714263,-0.014285714285714263,-0.014285714285714263,-0.014285714285714263,-0.014285714285714263,-0.014285714285714263,-0.014285714285714263,-0.014285714285714263,-0.014285714285714263,-0.014285714285714263
0.0,0.0,0.0,0.0,0.0,0.0,0.0,0.0,0.0,0.0,0.0,0.0,0.0,0.0,0.0,0.0,0.0,0.0,0.0,0.0,0.0,0.0,0.0,0.0,0.0,0.0,0.0,0.0,0.0,0.0,0.0,0.0,0.0,0.0,0.0,0.0,0.0,0.0,0.0,0.0,0.0,0.0,0.0,0.0,0.0,0.0,0.0,0.0,0.0,0.0,0.0,0.0,0.0,0.0,0.0,0.0,0.0,0.0,0.0,0.0,0.0,0.0,0.0,0.0,0.0,0.0,0.0,0.0,0.0,0.0,0.0
0.014285714285714235,0.014285714285714235,0.014285714285714235,0.014285714285714235,0.014285714285714235,0.014285714285714235,0.014285714285714235,0.014285714285714235,0.014285714285714235,0.014285714285714235,0.014285714285714235,0.014285714285714235,0.014285714285714235,0.014285714285714235,0.014285714285714235,0.014285714285714235,0.014285714285714235,0.014285714285714235,0.014285714285714235,0.014285714285714235,0.014285714285714235,0.014285714285714235,0.014285714285714235,0.014285714285714235,0.014285714285714235,0.014285714285714235,0.014285714285714235,0.014285714285714235,0.014285714285714235,0.014285714285714235,0.014285714285714235,0.014285714285714235,0.014285714285714235,0.014285714285714235,0.014285714285714235,0.014285714285714235,0.014285714285714235,0.014285714285714235,0.014285714285714235,0.014285714285714235,0.014285714285714235,0.014285714285714235,0.014285714285714235,0.014285714285714235,0.014285714285714235,0.014285714285714235,0.014285714285714235,0.014285714285714235,0.014285714285714235,0.014285714285714235,0.014285714285714235,0.014285714285714235,0.014285714285714235,0.014285714285714235,0.014285714285714235,0.014285714285714235,0.014285714285714235,0.014285714285714235,0.014285714285714235,0.014285714285714235,0.014285714285714235,0.014285714285714235,0.014285714285714235,0.014285714285714235,0.014285714285714235,0.014285714285714235,0.014285714285714235,0.014285714285714235,0.014285714285714235,0.014285714285714235,0.014285714285714235
0.02857142857142858,0.02857142857142858,0.02857142857142858,0.02857142857142858,0.02857142857142858,0.02857142857142858,0.02857142857142858,0.02857142857142858,0.02857142857142858,0.02857142857142858,0.02857142857142858,0.02857142857142858,0.02857142857142858,0.02857142857142858,0.02857142857142858,0.02857142857142858,0.02857142857142858,0.02857142857142858,0.02857142857142858,0.02857142857142858,0.02857142857142858,0.02857142857142858,0.02857142857142858,0.02857142857142858,0.02857142857142858,0.02857142857142858,0.02857142857142858,0.02857142857142858,0.02857142857142858,0.02857142857142858,0.02857142857142858,0.02857142857142858,0.02857142857142858,0.02857142857142858,0.02857142857142858,0.02857142857142858,0.02857142857142858,0.02857142857142858,0.02857142857142858,0.02857142857142858,0.02857142857142858,0.02857142857142858,0.02857142857142858,0.02857142857142858,0.02857142857142858,0.02857142857142858,0.02857142857142858,0.02857142857142858,0.02857142857142858,0.02857142857142858,0.02857142857142858,0.02857142857142858,0.02857142857142858,0.02857142857142858,0.02857142857142858,0.02857142857142858,0.02857142857142858,0.02857142857142858,0.02857142857142858,0.02857142857142858,0.02857142857142858,0.02857142857142858,0.02857142857142858,0.02857142857142858,0.02857142857142858,0.02857142857142858,0.02857142857142858,0.02857142857142858,0.02857142857142858,0.02857142857142858,0.02857142857142858
0.042857142857142816,0.042857142857142816,0.042857142857142816,0.042857142857142816,0.042857142857142816,0.042857142857142816,0.042857142857142816,0.042857142857142816,0.042857142857142816,0.042857142857142816,0.042857142857142816,0.042857142857142816,0.042857142857142816,0.042857142857142816,0.042857142857142816,0.042857142857142816,0.042857142857142816,0.042857142857142816,0.042857142857142816,0.042857142857142816,0.042857142857142816,0.042857142857142816,0.042857142857142816,0.042857142857142816,0.042857142857142816,0.042857142857142816,0.042857142857142816,0.042857142857142816,0.042857142857142816,0.042857142857142816,0.042857142857142816,0.042857142857142816,0.042857142857142816,0.042857142857142816,0.042857142857142816,0.042857142857142816,0.042857142857142816,0.042857142857142816,0.042857142857142816,0.042857142857142816,0.042857142857142816,0.042857142857142816,0.042857142857142816,0.042857142857142816,0.042857142857142816,0.042857142857142816,0.042857142857142816,0.042857142857142816,0.042857142857142816,0.042857142857142816,0.042857142857142816,0.042857142857142816,0.042857142857142816,0.042857142857142816,0.042857142857142816,0.042857142857142816,0.042857142857142816,0.042857142857142816,0.042857142857142816,0.042857142857142816,0.042857142857142816,0.042857142857142816,0.042857142857142816,0.042857142857142816,0.042857142857142816,0.042857142857142816,0.042857142857142816,0.042857142857142816,0.042857142857142816,0.042857142857142816,0.042857142857142816
0.05714285714285716,0.05714285714285716,0.05714285714285716,0.05714285714285716,0.05714285714285716,0.05714285714285716,0.05714285714285716,0.05714285714285716,0.05714285714285716,0.05714285714285716,0.05714285714285716,0.05714285714285716,0.05714285714285716,0.05714285714285716,0.05714285714285716,0.05714285714285716,0.05714285714285716,0.05714285714285716,0.05714285714285716,0.05714285714285716,0.05714285714285716,0.05714285714285716,0.05714285714285716,0.05714285714285716,0.05714285714285716,0.05714285714285716,0.05714285714285716,0.05714285714285716,0.05714285714285716,0.05714285714285716,0.05714285714285716,0.05714285714285716,0.05714285714285716,0.05714285714285716,0.05714285714285716,0.05714285714285716,0.05714285714285716,0.05714285714285716,0.05714285714285716,0.05714285714285716,0.05714285714285716,0.05714285714285716,0.05714285714285716,0.05714285714285716,0.05714285714285716,0.05714285714285716,0.05714285714285716,0.05714285714285716,0.05714285714285716,0.05714285714285716,0.05714285714285716,0.05714285714285716,0.05714285714285716,0.05714285714285716,0.05714285714285716,0.05714285714285716,0.05714285714285716,0.05714285714285716,0.05714285714285716,0.05714285714285716,0.05714285714285716,0.05714285714285716,0.05714285714285716,0.05714285714285716,0.05714285714285716,0.05714285714285716,0.05714285714285716,0.05714285714285716,0.05714285714285716,0.05714285714285716,0.05714285714285716
0.0714285714285714,0.0714285714285714,0.0714285714285714,0.0714285714285714,0.0714285714285714,0.0714285714285714,0.0714285714285714,0.0714285714285714,0.0714285714285714,0.0714285714285714,0.0714285714285714,0.0714285714285714,0.0714285714285714,0.0714285714285714,0.0714285714285714,0.0714285714285714,0.0714285714285714,0.0714285714285714,0.0714285714285714,0.0714285714285714,0.0714285714285714,0.0714285714285714,0.0714285714285714,0.0714285714285714,0.0714285714285714,0.0714285714285714,0.0714285714285714,0.0714285714285714,0.0714285714285714,0.0714285714285714,0.0714285714285714,0.0714285714285714,0.0714285714285714,0.0714285714285714,0.0714285714285714,0.0714285714285714,0.0714285714285714,0.0714285714285714,0.0714285714285714,0.0714285714285714,0.0714285714285714,0.0714285714285714,0.0714285714285714,0.0714285714285714,0.0714285714285714,0.0714285714285714,0.0714285714285714,0.0714285714285714,0.0714285714285714,0.0714285714285714,0.0714285714285714,0.0714285714285714,0.0714285714285714,0.0714285714285714,0.0714285714285714,0.0714285714285714,0.0714285714285714,0.0714285714285714,0.0714285714285714,0.0714285714285714,0.0714285714285714,0.0714285714285714,0.0714285714285714,0.0714285714285714,0.0714285714285714,0.0714285714285714,0.0714285714285714,0.0714285714285714,0.0714285714285714,0.0714285714285714,0.0714285714285714
0.08571428571428574,0.08571428571428574,0.08571428571428574,0.08571428571428574,0.08571428571428574,0.08571428571428574,0.08571428571428574,0.08571428571428574,0.08571428571428574,0.08571428571428574,0.08571428571428574,0.08571428571428574,0.08571428571428574,0.08571428571428574,0.08571428571428574,0.08571428571428574,0.08571428571428574,0.08571428571428574,0.08571428571428574,0.08571428571428574,0.08571428571428574,0.08571428571428574,0.08571428571428574,0.08571428571428574,0.08571428571428574,0.08571428571428574,0.08571428571428574,0.08571428571428574,0.08571428571428574,0.08571428571428574,0.08571428571428574,0.08571428571428574,0.08571428571428574,0.08571428571428574,0.08571428571428574,0.08571428571428574,0.08571428571428574,0.08571428571428574,0.08571428571428574,0.08571428571428574,0.08571428571428574,0.08571428571428574,0.08571428571428574,0.08571428571428574,0.08571428571428574,0.08571428571428574,0.08571428571428574,0.08571428571428574,0.08571428571428574,0.08571428571428574,0.08571428571428574,0.08571428571428574,0.08571428571428574,0.08571428571428574,0.08571428571428574,0.08571428571428574,0.08571428571428574,0.08571428571428574,0.08571428571428574,0.08571428571428574,0.08571428571428574,0.08571428571428574,0.08571428571428574,0.08571428571428574,0.08571428571428574,0.08571428571428574,0.08571428571428574,0.08571428571428574,0.08571428571428574,0.08571428571428574,0.08571428571428574
0.09999999999999998,0.09999999999999998,0.09999999999999998,0.09999999999999998,0.09999999999999998,0.09999999999999998,0.09999999999999998,0.09999999999999998,0.09999999999999998,0.09999999999999998,0.09999999999999998,0.09999999999999998,0.09999999999999998,0.09999999999999998,0.09999999999999998,0.09999999999999998,0.09999999999999998,0.09999999999999998,0.09999999999999998,0.09999999999999998,0.09999999999999998,0.09999999999999998,0.09999999999999998,0.09999999999999998,0.09999999999999998,0.09999999999999998,0.09999999999999998,0.09999999999999998,0.09999999999999998,0.09999999999999998,0.09999999999999998,0.09999999999999998,0.09999999999999998,0.09999999999999998,0.09999999999999998,0.09999999999999998,0.09999999999999998,0.09999999999999998,0.09999999999999998,0.09999999999999998,0.09999999999999998,0.09999999999999998,0.09999999999999998,0.09999999999999998,0.09999999999999998,0.09999999999999998,0.09999999999999998,0.09999999999999998,0.09999999999999998,0.09999999999999998,0.09999999999999998,0.09999999999999998,0.09999999999999998,0.09999999999999998,0.09999999999999998,0.09999999999999998,0.09999999999999998,0.09999999999999998,0.09999999999999998,0.09999999999999998,0.09999999999999998,0.09999999999999998,0.09999999999999998,0.09999999999999998,0.09999999999999998,0.09999999999999998,0.09999999999999998,0.09999999999999998,0.09999999999999998,0.09999999999999998,0.09999999999999998
0.11428571428571432,0.11428571428571432,0.11428571428571432,0.11428571428571432,0.11428571428571432,0.11428571428571432,0.11428571428571432,0.11428571428571432,0.11428571428571432,0.11428571428571432,0.11428571428571432,0.11428571428571432,0.11428571428571432,0.11428571428571432,0.11428571428571432,0.11428571428571432,0.11428571428571432,0.11428571428571432,0.11428571428571432,0.11428571428571432,0.11428571428571432,0.11428571428571432,0.11428571428571432,0.11428571428571432,0.11428571428571432,0.11428571428571432,0.11428571428571432,0.11428571428571432,0.11428571428571432,0.11428571428571432,0.11428571428571432,0.11428571428571432,0.11428571428571432,0.11428571428571432,0.11428571428571432,0.11428571428571432,0.11428571428571432,0.11428571428571432,0.11428571428571432,0.11428571428571432,0.11428571428571432,0.11428571428571432,0.11428571428571432,0.11428571428571432,0.11428571428571432,0.11428571428571432,0.11428571428571432,0.11428571428571432,0.11428571428571432,0.11428571428571432,0.11428571428571432,0.11428571428571432,0.11428571428571432,0.11428571428571432,0.11428571428571432,0.11428571428571432,0.11428571428571432,0.11428571428571432,0.11428571428571432,0.11428571428571432,0.11428571428571432,0.11428571428571432,0.11428571428571432,0.11428571428571432,0.11428571428571432,0.11428571428571432,0.11428571428571432,0.11428571428571432,0.11428571428571432,0.11428571428571432,0.11428571428571432
0.12857142857142856,0.12857142857142856,0.12857142857142856,0.12857142857142856,0.12857142857142856,0.12857142857142856,0.12857142857142856,0.12857142857142856,0.12857142857142856,0.12857142857142856,0.12857142857142856,0.12857142857142856,0.12857142857142856,0.12857142857142856,0.12857142857142856,0.12857142857142856,0.12857142857142856,0.12857142857142856,0.12857142857142856,0.12857142857142856,0.12857142857142856,0.12857142857142856,0.12857142857142856,0.12857142857142856,0.12857142857142856,0.12857142857142856,0.12857142857142856,0.12857142857142856,0.12857142857142856,0.12857142857142856,0.12857142857142856,0.12857142857142856,0.12857142857142856,0.12857142857142856,0.12857142857142856,0.12857142857142856,0.12857142857142856,0.12857142857142856,0.12857142857142856,0.12857142857142856,0.12857142857142856,0.12857142857142856,0.12857142857142856,0.12857142857142856,0.12857142857142856,0.12857142857142856,0.12857142857142856,0.12857142857142856,0.12857142857142856,0.12857142857142856,0.12857142857142856,0.12857142857142856,0.12857142857142856,0.12857142857142856,0.12857142857142856,0.12857142857142856,0.12857142857142856,0.12857142857142856,0.12857142857142856,0.12857142857142856,0.12857142857142856,0.12857142857142856,0.12857142857142856,0.12857142857142856,0.12857142857142856,0.12857142857142856,0.12857142857142856,0.12857142857142856,0.12857142857142856,0.12857142857142856,0.12857142857142856
0.1428571428571429,0.1428571428571429,0.1428571428571429,0.1428571428571429,0.1428571428571429,0.1428571428571429,0.1428571428571429,0.1428571428571429,0.1428571428571429,0.1428571428571429,0.1428571428571429,0.1428571428571429,0.1428571428571429,0.1428571428571429,0.1428571428571429,0.1428571428571429,0.1428571428571429,0.1428571428571429,0.1428571428571429,0.1428571428571429,0.1428571428571429,0.1428571428571429,0.1428571428571429,0.1428571428571429,0.1428571428571429,0.1428571428571429,0.1428571428571429,0.1428571428571429,0.1428571428571429,0.1428571428571429,0.1428571428571429,0.1428571428571429,0.1428571428571429,0.1428571428571429,0.1428571428571429,0.1428571428571429,0.1428571428571429,0.1428571428571429,0.1428571428571429,0.1428571428571429,0.1428571428571429,0.1428571428571429,0.1428571428571429,0.1428571428571429,0.1428571428571429,0.1428571428571429,0.1428571428571429,0.1428571428571429,0.1428571428571429,0.1428571428571429,0.1428571428571429,0.1428571428571429,0.1428571428571429,0.1428571428571429,0.1428571428571429,0.1428571428571429,0.1428571428571429,0.1428571428571429,0.1428571428571429,0.1428571428571429,0.1428571428571429,0.1428571428571429,0.1428571428571429,0.1428571428571429,0.1428571428571429,0.1428571428571429,0.1428571428571429,0.1428571428571429,0.1428571428571429,0.1428571428571429,0.1428571428571429
0.15714285714285714,0.15714285714285714,0.15714285714285714,0.15714285714285714,0.15714285714285714,0.15714285714285714,0.15714285714285714,0.15714285714285714,0.15714285714285714,0.15714285714285714,0.15714285714285714,0.15714285714285714,0.15714285714285714,0.15714285714285714,0.15714285714285714,0.15714285714285714,0.15714285714285714,0.15714285714285714,0.15714285714285714,0.15714285714285714,0.15714285714285714,0.15714285714285714,0.15714285714285714,0.15714285714285714,0.15714285714285714,0.15714285714285714,0.15714285714285714,0.15714285714285714,0.15714285714285714,0.15714285714285714,0.15714285714285714,0.15714285714285714,0.15714285714285714,0.15714285714285714,0.15714285714285714,0.15714285714285714,0.15714285714285714,0.15714285714285714,0.15714285714285714,0.15714285714285714,0.15714285714285714,0.15714285714285714,0.15714285714285714,0.15714285714285714,0.15714285714285714,0.15714285714285714,0.15714285714285714,0.15714285714285714,0.15714285714285714,0.15714285714285714,0.15714285714285714,0.15714285714285714,0.15714285714285714,0.15714285714285714,0.15714285714285714,0.15714285714285714,0.15714285714285714,0.15714285714285714,0.15714285714285714,0.15714285714285714,0.15714285714285714,0.15714285714285714,0.15714285714285714,0.15714285714285714,0.15714285714285714,0.15714285714285714,0.15714285714285714,0.15714285714285714,0.15714285714285714,0.15714285714285714,0.15714285714285714
0.17142857142857137,0.17142857142857137,0.17142857142857137,0.17142857142857137,0.17142857142857137,0.17142857142857137,0.17142857142857137,0.17142857142857137,0.17142857142857137,0.17142857142857137,0.17142857142857137,0.17142857142857137,0.17142857142857137,0.17142857142857137,0.17142857142857137,0.17142857142857137,0.17142857142857137,0.17142857142857137,0.17142857142857137,0.17142857142857137,0.17142857142857137,0.17142857142857137,0.17142857142857137,0.17142857142857137,0.17142857142857137,0.17142857142857137,0.17142857142857137,0.17142857142857137,0.17142857142857137,0.17142857142857137,0.17142857142857137,0.17142857142857137,0.17142857142857137,0.17142857142857137,0.17142857142857137,0.17142857142857137,0.17142857142857137,0.17142857142857137,0.17142857142857137,0.17142857142857137,0.17142857142857137,0.17142857142857137,0.17142857142857137,0.17142857142857137,0.17142857142857137,0.17142857142857137,0.17142857142857137,0.17142857142857137,0.17142857142857137,0.17142857142857137,0.17142857142857137,0.17142857142857137,0.17142857142857137,0.17142857142857137,0.17142857142857137,0.17142857142857137,0.17142857142857137,0.17142857142857137,0.17142857142857137,0.17142857142857137,0.17142857142857137,0.17142857142857137,0.17142857142857137,0.17142857142857137,0.17142857142857137,0.17142857142857137,0.17142857142857137,0.17142857142857137,0.17142857142857137,0.17142857142857137,0.17142857142857137
0.18571428571428572,0.18571428571428572,0.18571428571428572,0.18571428571428572,0.18571428571428572,0.18571428571428572,0.18571428571428572,0.18571428571428572,0.18571428571428572,0.18571428571428572,0.18571428571428572,0.18571428571428572,0.18571428571428572,0.18571428571428572,0.18571428571428572,0.18571428571428572,0.18571428571428572,0.18571428571428572,0.18571428571428572,0.18571428571428572,0.18571428571428572,0.18571428571428572,0.18571428571428572,0.18571428571428572,0.18571428571428572,0.18571428571428572,0.18571428571428572,0.18571428571428572,0.18571428571428572,0.18571428571428572,0.18571428571428572,0.18571428571428572,0.18571428571428572,0.18571428571428572,0.18571428571428572,0.18571428571428572,0.18571428571428572,0.18571428571428572,0.18571428571428572,0.18571428571428572,0.18571428571428572,0.18571428571428572,0.18571428571428572,0.18571428571428572,0.18571428571428572,0.18571428571428572,0.18571428571428572,0.18571428571428572,0.18571428571428572,0.18571428571428572,0.18571428571428572,0.18571428571428572,0.18571428571428572,0.18571428571428572,0.18571428571428572,0.18571428571428572,0.18571428571428572,0.18571428571428572,0.18571428571428572,0.18571428571428572,0.18571428571428572,0.18571428571428572,0.18571428571428572,0.18571428571428572,0.18571428571428572,0.18571428571428572,0.18571428571428572,0.18571428571428572,0.18571428571428572,0.18571428571428572,0.18571428571428572
0.19999999999999996,0.19999999999999996,0.19999999999999996,0.19999999999999996,0.19999999999999996,0.19999999999999996,0.19999999999999996,0.19999999999999996,0.19999999999999996,0.19999999999999996,0.19999999999999996,0.19999999999999996,0.19999999999999996,0.19999999999999996,0.19999999999999996,0.19999999999999996,0.19999999999999996,0.19999999999999996,0.19999999999999996,0.19999999999999996,0.19999999999999996,0.19999999999999996,0.19999999999999996,0.19999999999999996,0.19999999999999996,0.19999999999999996,0.19999999999999996,0.19999999999999996,0.19999999999999996,0.19999999999999996,0.19999999999999996,0.19999999999999996,0.19999999999999996,0.19999999999999996,0.19999999999999996,0.19999999999999996,0.19999999999999996,0.19999999999999996,0.19999999999999996,0.19999999999999996,0.19999999999999996,0.19999999999999996,0.19999999999999996,0.19999999999999996,0.19999999999999996,0.19999999999999996,0.19999999999999996,0.19999999999999996,0.19999999999999996,0.19999999999999996,0.19999999999999996,0.19999999999999996,0.19999999999999996,0.19999999999999996,0.19999999999999996,0.19999999999999996,0.19999999999999996,0.19999999999999996,0.19999999999999996,0.19999999999999996,0.19999999999999996,0.19999999999999996,0.19999999999999996,0.19999999999999996,0.19999999999999996,0.19999999999999996,0.19999999999999996,0.19999999999999996,0.19999999999999996,0.19999999999999996,0.19999999999999996
0.2142857142857143,0.2142857142857143,0.2142857142857143,0.2142857142857143,0.2142857142857143,0.2142857142857143,0.2142857142857143,0.2142857142857143,0.2142857142857143,0.2142857142857143,0.2142857142857143,0.2142857142857143,0.2142857142857143,0.2142857142857143,0.2142857142857143,0.2142857142857143,0.2142857142857143,0.2142857142857143,0.2142857142857143,0.2142857142857143,0.2142857142857143,0.2142857142857143,0.2142857142857143,0.2142857142857143,0.2142857142857143,0.2142857142857143,0.2142857142857143,0.2142857142857143,0.2142857142857143,0.2142857142857143,0.2142857142857143,0.2142857142857143,0.2142857142857143,0.2142857142857143,0.2142857142857143,0.2142857142857143,0.2142857142857143,0.2142857142857143,0.2142857142857143,0.2142857142857143,0.2142857142857143,0.2142857142857143,0.2142857142857143,0.2142857142857143,0.2142857142857143,0.2142857142857143,0.2142857142857143,0.2142857142857143,0.2142857142857143,0.2142857142857143,0.2142857142857143,0.2142857142857143,0.2142857142857143,0.2142857142857143,0.2142857142857143,0.2142857142857143,0.2142857142857143,0.2142857142857143,0.2142857142857143,0.2142857142857143,0.2142857142857143,0.2142857142857143,0.2142857142857143,0.2142857142857143,0.2142857142857143,0.2142857142857143,0.2142857142857143,0.2142857142857143,0.2142857142857143,0.2142857142857143,0.2142857142857143
0.22857142857142854,0.22857142857142854,0.22857142857142854,0.22857142857142854,0.22857142857142854,0.22857142857142854,0.22857142857142854,0.22857142857142854,0.22857142857142854,0.22857142857142854,0.22857142857142854,0.22857142857142854,0.22857142857142854,0.22857142857142854,0.22857142857142854,0.22857142857142854,0.22857142857142854,0.22857142857142854,0.22857142857142854,0.22857142857142854,0.22857142857142854,0.22857142857142854,0.22857142857142854,0.22857142857142854,0.22857142857142854,0.22857142857142854,0.22857142857142854,0.22857142857142854,0.22857142857142854,0.22857142857142854,0.22857142857142854,0.22857142857142854,0.22857142857142854,0.22857142857142854,0.22857142857142854,0.22857142857142854,0.22857142857142854,0.22857142857142854,0.22857142857142854,0.22857142857142854,0.22857142857142854,0.22857142857142854,0.22857142857142854,0.22857142857142854,0.22857142857142854,0.22857142857142854,0.22857142857142854,0.22857142857142854,0.22857142857142854,0.22857142857142854,0.22857142857142854,0.22857142857142854,0.22857142857142854,0.22857142857142854,0.22857142857142854,0.22857142857142854,0.22857142857142854,0.22857142857142854,0.22857142857142854,0.22857142857142854,0.22857142857142854,0.22857142857142854,0.22857142857142854,0.22857142857142854,0.22857142857142854,0.22857142857142854,0.22857142857142854,0.22857142857142854,0.22857142857142854,0.22857142857142854,0.22857142857142854
0.24285714285714288,0.24285714285714288,0.24285714285714288,0.24285714285714288,0.24285714285714288,0.24285714285714288,0.24285714285714288,0.24285714285714288,0.24285714285714288,0.24285714285714288,0.24285714285714288,0.24285714285714288,0.24285714285714288,0.24285714285714288,0.24285714285714288,0.24285714285714288,0.24285714285714288,0.24285714285714288,0.24285714285714288,0.24285714285714288,0.24285714285714288,0.24285714285714288,0.24285714285714288,0.24285714285714288,0.24285714285714288,0.24285714285714288,0.24285714285714288,0.24285714285714288,0.24285714285714288,0.24285714285714288,0.24285714285714288,0.24285714285714288,0.24285714285714288,0.24285714285714288,0.24285714285714288,0.24285714285714288,0.24285714285714288,0.24285714285714288,0.24285714285714288,0.24285714285714288,0.24285714285714288,0.24285714285714288,0.24285714285714288,0.24285714285714288,0.24285714285714288,0.24285714285714288,0.24285714285714288,0.24285714285714288,0.24285714285714288,0.24285714285714288,0.24285714285714288,0.24285714285714288,0.24285714285714288,0.24285714285714288,0.24285714285714288,0.24285714285714288,0.24285714285714288,0.24285714285714288,0.24285714285714288,0.24285714285714288,0.24285714285714288,0.24285714285714288,0.24285714285714288,0.24285714285714288,0.24285714285714288,0.24285714285714288,0.24285714285714288,0.24285714285714288,0.24285714285714288,0.24285714285714288,0.24285714285714288
0.2571428571428571,0.2571428571428571,0.2571428571428571,0.2571428571428571,0.2571428571428571,0.2571428571428571,0.2571428571428571,0.2571428571428571,0.2571428571428571,0.2571428571428571,0.2571428571428571,0.2571428571428571,0.2571428571428571,0.2571428571428571,0.2571428571428571,0.2571428571428571,0.2571428571428571,0.2571428571428571,0.2571428571428571,0.2571428571428571,0.2571428571428571,0.2571428571428571,0.2571428571428571,0.2571428571428571,0.2571428571428571,0.2571428571428571,0.2571428571428571,0.2571428571428571,0.2571428571428571,0.2571428571428571,0.2571428571428571,0.2571428571428571,0.2571428571428571,0.2571428571428571,0.2571428571428571,0.2571428571428571,0.2571428571428571,0.2571428571428571,0.2571428571428571,0.2571428571428571,0.2571428571428571,0.2571428571428571,0.2571428571428571,0.2571428571428571,0.2571428571428571,0.2571428571428571,0.2571428571428571,0.2571428571428571,0.2571428571428571,0.2571428571428571,0.2571428571428571,0.2571428571428571,0.2571428571428571,0.2571428571428571,0.2571428571428571,0.2571428571428571,0.2571428571428571,0.2571428571428571,0.2571428571428571,0.2571428571428571,0.2571428571428571,0.2571428571428571,0.2571428571428571,0.2571428571428571,0.2571428571428571,0.2571428571428571,0.2571428571428571,0.2571428571428571,0.2571428571428571,0.2571428571428571,0.2571428571428571
0.27142857142857146,0.27142857142857146,0.27142857142857146,0.27142857142857146,0.27142857142857146,0.27142857142857146,0.27142857142857146,0.27142857142857146,0.27142857142857146,0.27142857142857146,0.27142857142857146,0.27142857142857146,0.27142857142857146,0.27142857142857146,0.27142857142857146,0.27142857142857146,0.27142857142857146,0.27142857142857146,0.27142857142857146,0.27142857142857146,0.27142857142857146,0.27142857142857146,0.27142857142857146,0.27142857142857146,0.27142857142857146,0.27142857142857146,0.27142857142857146,0.27142857142857146,0.27142857142857146,0.27142857142857146,0.27142857142857146,0.27142857142857146,0.27142857142857146,0.27142857142857146,0.27142857142857146,0.27142857142857146,0.27142857142857146,0.27142857142857146,0.27142857142857146,0.27142857142857146,0.27142857142857146,0.27142857142857146,0.27142857142857146,0.27142857142857146,0.27142857142857146,0.27142857142857146,0.27142857142857146,0.27142857142857146,0.27142857142857146,0.27142857142857146,0.27142857142857146,0.27142857142857146,0.27142857142857146,0.27142857142857146,0.27142857142857146,0.27142857142857146,0.27142857142857146,0.27142857142857146,0.27142857142857146,0.27142857142857146,0.27142857142857146,0.27142857142857146,0.27142857142857146,0.27142857142857146,0.27142857142857146,0.27142857142857146,0.27142857142857146,0.27142857142857146,0.27142857142857146,0.27142857142857146,0.27142857142857146
0.2857142857142857,0.2857142857142857,0.2857142857142857,0.2857142857142857,0.2857142857142857,0.2857142857142857,0.2857142857142857,0.2857142857142857,0.2857142857142857,0.2857142857142857,0.2857142857142857,0.2857142857142857,0.2857142857142857,0.2857142857142857,0.2857142857142857,0.2857142857142857,0.2857142857142857,0.2857142857142857,0.2857142857142857,0.2857142857142857,0.2857142857142857,0.2857142857142857,0.2857142857142857,0.2857142857142857,0.2857142857142857,0.2857142857142857,0.2857142857142857,0.2857142857142857,0.2857142857142857,0.2857142857142857,0.2857142857142857,0.2857142857142857,0.2857142857142857,0.2857142857142857,0.2857142857142857,0.2857142857142857,0.2857142857142857,0.2857142857142857,0.2857142857142857,0.2857142857142857,0.2857142857142857,0.2857142857142857,0.2857142857142857,0.2857142857142857,0.2857142857142857,0.2857142857142857,0.2857142857142857,0.2857142857142857,0.2857142857142857,0.2857142857142857,0.2857142857142857,0.2857142857142857,0.2857142857142857,0.2857142857142857,0.2857142857142857,0.2857142857142857,0.2857142857142857,0.2857142857142857,0.2857142857142857,0.2857142857142857,0.2857142857142857,0.2857142857142857,0.2857142857142857,0.2857142857142857,0.2857142857142857,0.2857142857142857,0.2857142857142857,0.2857142857142857,0.2857142857142857,0.2857142857142857,0.2857142857142857
0.30000000000000004,0.30000000000000004,0.30000000000000004,0.30000000000000004,0.30000000000000004,0.30000000000000004,0.30000000000000004,0.30000000000000004,0.30000000000000004,0.30000000000000004,0.30000000000000004,0.30000000000000004,0.30000000000000004,0.30000000000000004,0.30000000000000004,0.30000000000000004,0.30000000000000004,0.30000000000000004,0.30000000000000004,0.30000000000000004,0.30000000000000004,0.30000000000000004,0.30000000000000004,0.30000000000000004,0.30000000000000004,0.30000000000000004,0.30000000000000004,0.30000000000000004,0.30000000000000004,0.30000000000000004,0.30000000000000004,0.30000000000000004,0.30000000000000004,0.30000000000000004,0.30000000000000004,0.30000000000000004,0.30000000000000004,0.30000000000000004,0.30000000000000004,0.30000000000000004,0.30000000000000004,0.30000000000000004,0.30000000000000004,0.30000000000000004,0.30000000000000004,0.30000000000000004,0.30000000000000004,0.30000000000000004,0.30000000000000004,0.30000000000000004,0.30000000000000004,0.30000000000000004,0.30000000000000004,0.30000000000000004,0.30000000000000004,0.30000000000000004,0.30000000000000004,0.30000000000000004,0.30000000000000004,0.30000000000000004,0.30000000000000004,0.30000000000000004,0.30000000000000004,0.30000000000000004,0.30000000000000004,0.30000000000000004,0.30000000000000004,0.30000000000000004,0.30000000000000004,0.30000000000000004,0.30000000000000004
0.3142857142857143,0.3142857142857143,0.3142857142857143,0.3142857142857143,0.3142857142857143,0.3142857142857143,0.3142857142857143,0.3142857142857143,0.3142857142857143,0.3142857142857143,0.3142857142857143,0.3142857142857143,0.3142857142857143,0.3142857142857143,0.3142857142857143,0.3142857142857143,0.3142857142857143,0.3142857142857143,0.3142857142857143,0.3142857142857143,0.3142857142857143,0.3142857142857143,0.3142857142857143,0.3142857142857143,0.3142857142857143,0.3142857142857143,0.3142857142857143,0.3142857142857143,0.3142857142857143,0.3142857142857143,0.3142857142857143,0.3142857142857143,0.3142857142857143,0.3142857142857143,0.3142857142857143,0.3142857142857143,0.3142857142857143,0.3142857142857143,0.3142857142857143,0.3142857142857143,0.3142857142857143,0.3142857142857143,0.3142857142857143,0.3142857142857143,0.3142857142857143,0.3142857142857143,0.3142857142857143,0.3142857142857143,0.3142857142857143,0.3142857142857143,0.3142857142857143,0.3142857142857143,0.3142857142857143,0.3142857142857143,0.3142857142857143,0.3142857142857143,0.3142857142857143,0.3142857142857143,0.3142857142857143,0.3142857142857143,0.3142857142857143,0.3142857142857143,0.3142857142857143,0.3142857142857143,0.3142857142857143,0.3142857142857143,0.3142857142857143,0.3142857142857143,0.3142857142857143,0.3142857142857143,0.3142857142857143
0.3285714285714286,0.3285714285714286,0.3285714285714286,0.3285714285714286,0.3285714285714286,0.3285714285714286,0.3285714285714286,0.3285714285714286,0.3285714285714286,0.3285714285714286,0.3285714285714286,0.3285714285714286,0.3285714285714286,0.3285714285714286,0.3285714285714286,0.3285714285714286,0.3285714285714286,0.3285714285714286,0.3285714285714286,0.3285714285714286,0.3285714285714286,0.3285714285714286,0.3285714285714286,0.3285714285714286,0.3285714285714286,0.3285714285714286,0.3285714285714286,0.3285714285714286,0.3285714285714286,0.3285714285714286,0.3285714285714286,0.3285714285714286,0.3285714285714286,0.3285714285714286,0.3285714285714286,0.3285714285714286,0.3285714285714286,0.3285714285714286,0.3285714285714286,0.3285714285714286,0.3285714285714286,0.3285714285714286,0.3285714285714286,0.3285714285714286,0.3285714285714286,0.3285714285714286,0.3285714285714286,0.3285714285714286,0.3285714285714286,0.3285714285714286,0.3285714285714286,0.3285714285714286,0.3285714285714286,0.3285714285714286,0.3285714285714286,0.3285714285714286,0.3285714285714286,0.3285714285714286,0.3285714285714286,0.3285714285714286,0.3285714285714286,0.3285714285714286,0.3285714285714286,0.3285714285714286,0.3285714285714286,0.3285714285714286,0.3285714285714286,0.3285714285714286,0.3285714285714286,0.3285714285714286,0.3285714285714286
0.34285714285714286,0.34285714285714286,0.34285714285714286,0.34285714285714286,0.34285714285714286,0.34285714285714286,0.34285714285714286,0.34285714285714286,0.34285714285714286,0.34285714285714286,0.34285714285714286,0.34285714285714286,0.34285714285714286,0.34285714285714286,0.34285714285714286,0.34285714285714286,0.34285714285714286,0.34285714285714286,0.34285714285714286,0.34285714285714286,0.34285714285714286,0.34285714285714286,0.34285714285714286,0.34285714285714286,0.34285714285714286,0.34285714285714286,0.34285714285714286,0.34285714285714286,0.34285714285714286,0.34285714285714286,0.34285714285714286,0.34285714285714286,0.34285714285714286,0.34285714285714286,0.34285714285714286,0.34285714285714286,0.34285714285714286,0.34285714285714286,0.34285714285714286,0.34285714285714286,0.34285714285714286,0.34285714285714286,0.34285714285714286,0.34285714285714286,0.34285714285714286,0.34285714285714286,0.34285714285714286,0.34285714285714286,0.34285714285714286,0.34285714285714286,0.34285714285714286,0.34285714285714286,0.34285714285714286,0.34285714285714286,0.34285714285714286,0.34285714285714286,0.34285714285714286,0.34285714285714286,0.34285714285714286,0.34285714285714286,0.34285714285714286,0.34285714285714286,0.34285714285714286,0.34285714285714286,0.34285714285714286,0.34285714285714286,0.34285714285714286,0.34285714285714286,0.34285714285714286,0.34285714285714286,0.34285714285714286
0.3571428571428571,0.3571428571428571,0.3571428571428571,0.3571428571428571,0.3571428571428571,0.3571428571428571,0.3571428571428571,0.3571428571428571,0.3571428571428571,0.3571428571428571,0.3571428571428571,0.3571428571428571,0.3571428571428571,0.3571428571428571,0.3571428571428571,0.3571428571428571,0.3571428571428571,0.3571428571428571,0.3571428571428571,0.3571428571428571,0.3571428571428571,0.3571428571428571,0.3571428571428571,0.3571428571428571,0.3571428571428571,0.3571428571428571,0.3571428571428571,0.3571428571428571,0.3571428571428571,0.3571428571428571,0.3571428571428571,0.3571428571428571,0.3571428571428571,0.3571428571428571,0.3571428571428571,0.3571428571428571,0.3571428571428571,0.3571428571428571,0.3571428571428571,0.3571428571428571,0.3571428571428571,0.3571428571428571,0.3571428571428571,0.3571428571428571,0.3571428571428571,0.3571428571428571,0.3571428571428571,0.3571428571428571,0.3571428571428571,0.3571428571428571,0.3571428571428571,0.3571428571428571,0.3571428571428571,0.3571428571428571,0.3571428571428571,0.3571428571428571,0.3571428571428571,0.3571428571428571,0.3571428571428571,0.3571428571428571,0.3571428571428571,0.3571428571428571,0.3571428571428571,0.3571428571428571,0.3571428571428571,0.3571428571428571,0.3571428571428571,0.3571428571428571,0.3571428571428571,0.3571428571428571,0.3571428571428571
0.37142857142857144,0.37142857142857144,0.37142857142857144,0.37142857142857144,0.37142857142857144,0.37142857142857144,0.37142857142857144,0.37142857142857144,0.37142857142857144,0.37142857142857144,0.37142857142857144,0.37142857142857144,0.37142857142857144,0.37142857142857144,0.37142857142857144,0.37142857142857144,0.37142857142857144,0.37142857142857144,0.37142857142857144,0.37142857142857144,0.37142857142857144,0.37142857142857144,0.37142857142857144,0.37142857142857144,0.37142857142857144,0.37142857142857144,0.37142857142857144,0.37142857142857144,0.37142857142857144,0.37142857142857144,0.37142857142857144,0.37142857142857144,0.37142857142857144,0.37142857142857144,0.37142857142857144,0.37142857142857144,0.37142857142857144,0.37142857142857144,0.37142857142857144,0.37142857142857144,0.37142857142857144,0.37142857142857144,0.37142857142857144,0.37142857142857144,0.37142857142857144,0.37142857142857144,0.37142857142857144,0.37142857142857144,0.37142857142857144,0.37142857142857144,0.37142857142857144,0.37142857142857144,0.37142857142857144,0.37142857142857144,0.37142857142857144,0.37142857142857144,0.37142857142857144,0.37142857142857144,0.37142857142857144,0.37142857142857144,0.37142857142857144,0.37142857142857144,0.37142857142857144,0.37142857142857144,0.37142857142857144,0.37142857142857144,0.37142857142857144,0.37142857142857144,0.37142857142857144,0.37142857142857144,0.37142857142857144
0.3857142857142857,0.3857142857142857,0.3857142857142857,0.3857142857142857,0.3857142857142857,0.3857142857142857,0.3857142857142857,0.3857142857142857,0.3857142857142857,0.3857142857142857,0.3857142857142857,0.3857142857142857,0.3857142857142857,0.3857142857142857,0.3857142857142857,0.3857142857142857,0.3857142857142857,0.3857142857142857,0.3857142857142857,0.3857142857142857,0.3857142857142857,0.3857142857142857,0.3857142857142857,0.3857142857142857,0.3857142857142857,0.3857142857142857,0.3857142857142857,0.3857142857142857,0.3857142857142857,0.3857142857142857,0.3857142857142857,0.3857142857142857,0.3857142857142857,0.3857142857142857,0.3857142857142857,0.3857142857142857,0.3857142857142857,0.3857142857142857,0.3857142857142857,0.3857142857142857,0.3857142857142857,0.3857142857142857,0.3857142857142857,0.3857142857142857,0.3857142857142857,0.3857142857142857,0.3857142857142857,0.3857142857142857,0.3857142857142857,0.3857142857142857,0.3857142857142857,0.3857142857142857,0.3857142857142857,0.3857142857142857,0.3857142857142857,0.3857142857142857,0.3857142857142857,0.3857142857142857,0.3857142857142857,0.3857142857142857,0.3857142857142857,0.3857142857142857,0.3857142857142857,0.3857142857142857,0.3857142857142857,0.3857142857142857,0.3857142857142857,0.3857142857142857,0.3857142857142857,0.3857142857142857,0.3857142857142857
0.4,0.4,0.4,0.4,0.4,0.4,0.4,0.4,0.4,0.4,0.4,0.4,0.4,0.4,0.4,0.4,0.4,0.4,0.4,0.4,0.4,0.4,0.4,0.4,0.4,0.4,0.4,0.4,0.4,0.4,0.4,0.4,0.4,0.4,0.4,0.4,0.4,0.4,0.4,0.4,0.4,0.4,0.4,0.4,0.4,0.4,0.4,0.4,0.4,0.4,0.4,0.4,0.4,0.4,0.4,0.4,0.4,0.4,0.4,0.4,0.4,0.4,0.4,0.4,0.4,0.4,0.4,0.4,0.4,0.4,0.4
0.41428571428571426,0.41428571428571426,0.41428571428571426,0.41428571428571426,0.41428571428571426,0.41428571428571426,0.41428571428571426,0.41428571428571426,0.41428571428571426,0.41428571428571426,0.41428571428571426,0.41428571428571426,0.41428571428571426,0.41428571428571426,0.41428571428571426,0.41428571428571426,0.41428571428571426,0.41428571428571426,0.41428571428571426,0.41428571428571426,0.41428571428571426,0.41428571428571426,0.41428571428571426,0.41428571428571426,0.41428571428571426,0.41428571428571426,0.41428571428571426,0.41428571428571426,0.41428571428571426,0.41428571428571426,0.41428571428571426,0.41428571428571426,0.41428571428571426,0.41428571428571426,0.41428571428571426,0.41428571428571426,0.41428571428571426,0.41428571428571426,0.41428571428571426,0.41428571428571426,0.41428571428571426,0.41428571428571426,0.41428571428571426,0.41428571428571426,0.41428571428571426,0.41428571428571426,0.41428571428571426,0.41428571428571426,0.41428571428571426,0.41428571428571426,0.41428571428571426,0.41428571428571426,0.41428571428571426,0.41428571428571426,0.41428571428571426,0.41428571428571426,0.41428571428571426,0.41428571428571426,0.41428571428571426,0.41428571428571426,0.41428571428571426,0.41428571428571426,0.41428571428571426,0.41428571428571426,0.41428571428571426,0.41428571428571426,0.41428571428571426,0.41428571428571426,0.41428571428571426,0.41428571428571426,0.41428571428571426
0.4285714285714286,0.4285714285714286,0.4285714285714286,0.4285714285714286,0.4285714285714286,0.4285714285714286,0.4285714285714286,0.4285714285714286,0.4285714285714286,0.4285714285714286,0.4285714285714286,0.4285714285714286,0.4285714285714286,0.4285714285714286,0.4285714285714286,0.4285714285714286,0.4285714285714286,0.4285714285714286,0.4285714285714286,0.4285714285714286,0.4285714285714286,0.4285714285714286,0.4285714285714286,0.4285714285714286,0.4285714285714286,0.4285714285714286,0.4285714285714286,0.4285714285714286,0.4285714285714286,0.4285714285714286,0.4285714285714286,0.4285714285714286,0.4285714285714286,0.4285714285714286,0.4285714285714286,0.4285714285714286,0.4285714285714286,0.4285714285714286,0.4285714285714286,0.4285714285714286,0.4285714285714286,0.4285714285714286,0.4285714285714286,0.4285714285714286,0.4285714285714286,0.4285714285714286,0.4285714285714286,0.4285714285714286,0.4285714285714286,0.4285714285714286,0.4285714285714286,0.4285714285714286,0.4285714285714286,0.4285714285714286,0.4285714285714286,0.4285714285714286,0.4285714285714286,0.4285714285714286,0.4285714285714286,0.4285714285714286,0.4285714285714286,0.4285714285714286,0.4285714285714286,0.4285714285714286,0.4285714285714286,0.4285714285714286,0.4285714285714286,0.4285714285714286,0.4285714285714286,0.4285714285714286,0.4285714285714286
0.44285714285714284,0.44285714285714284,0.44285714285714284,0.44285714285714284,0.44285714285714284,0.44285714285714284,0.44285714285714284,0.44285714285714284,0.44285714285714284,0.44285714285714284,0.44285714285714284,0.44285714285714284,0.44285714285714284,0.44285714285714284,0.44285714285714284,0.44285714285714284,0.44285714285714284,0.44285714285714284,0.44285714285714284,0.44285714285714284,0.44285714285714284,0.44285714285714284,0.44285714285714284,0.44285714285714284,0.44285714285714284,0.44285714285714284,0.44285714285714284,0.44285714285714284,0.44285714285714284,0.44285714285714284,0.44285714285714284,0.44285714285714284,0.44285714285714284,0.44285714285714284,0.44285714285714284,0.44285714285714284,0.44285714285714284,0.44285714285714284,0.44285714285714284,0.44285714285714284,0.44285714285714284,0.44285714285714284,0.44285714285714284,0.44285714285714284,0.44285714285714284,0.44285714285714284,0.44285714285714284,0.44285714285714284,0.44285714285714284,0.44285714285714284,0.44285714285714284,0.44285714285714284,0.44285714285714284,0.44285714285714284,0.44285714285714284,0.44285714285714284,0.44285714285714284,0.44285714285714284,0.44285714285714284,0.44285714285714284,0.44285714285714284,0.44285714285714284,0.44285714285714284,0.44285714285714284,0.44285714285714284,0.44285714285714284,0.44285714285714284,0.44285714285714284,0.44285714285714284,0.44285714285714284,0.44285714285714284
0.4571428571428572,0.4571428571428572,0.4571428571428572,0.4571428571428572,0.4571428571428572,0.4571428571428572,0.4571428571428572,0.4571428571428572,0.4571428571428572,0.4571428571428572,0.4571428571428572,0.4571428571428572,0.4571428571428572,0.4571428571428572,0.4571428571428572,0.4571428571428572,0.4571428571428572,0.4571428571428572,0.4571428571428572,0.4571428571428572,0.4571428571428572,0.4571428571428572,0.4571428571428572,0.4571428571428572,0.4571428571428572,0.4571428571428572,0.4571428571428572,0.4571428571428572,0.4571428571428572,0.4571428571428572,0.4571428571428572,0.4571428571428572,0.4571428571428572,0.4571428571428572,0.4571428571428572,0.4571428571428572,0.4571428571428572,0.4571428571428572,0.4571428571428572,0.4571428571428572,0.4571428571428572,0.4571428571428572,0.4571428571428572,0.4571428571428572,0.4571428571428572,0.4571428571428572,0.4571428571428572,0.4571428571428572,0.4571428571428572,0.4571428571428572,0.4571428571428572,0.4571428571428572,0.4571428571428572,0.4571428571428572,0.4571428571428572,0.4571428571428572,0.4571428571428572,0.4571428571428572,0.4571428571428572,0.4571428571428572,0.4571428571428572,0.4571428571428572,0.4571428571428572,0.4571428571428572,0.4571428571428572,0.4571428571428572,0.4571428571428572,0.4571428571428572,0.4571428571428572,0.4571428571428572,0.4571428571428572
0.4714285714285714,0.4714285714285714,0.4714285714285714,0.4714285714285714,0.4714285714285714,0.4714285714285714,0.4714285714285714,0.4714285714285714,0.4714285714285714,0.4714285714285714,0.4714285714285714,0.4714285714285714,0.4714285714285714,0.4714285714285714,0.4714285714285714,0.4714285714285714,0.4714285714285714,0.4714285714285714,0.4714285714285714,0.4714285714285714,0.4714285714285714,0.4714285714285714,0.4714285714285714,0.4714285714285714,0.4714285714285714,0.4714285714285714,0.4714285714285714,0.4714285714285714,0.4714285714285714,0.4714285714285714,0.4714285714285714,0.4714285714285714,0.4714285714285714,0.4714285714285714,0.4714285714285714,0.4714285714285714,0.4714285714285714,0.4714285714285714,0.4714285714285714,0.4714285714285714,0.4714285714285714,0.4714285714285714,0.4714285714285714,0.4714285714285714,0.4714285714285714,0.4714285714285714,0.4714285714285714,0.4714285714285714,0.4714285714285714,0.4714285714285714,0.4714285714285714,0.4714285714285714,0.4714285714285714,0.4714285714285714,0.4714285714285714,0.4714285714285714,0.4714285714285714,0.4714285714285714,0.4714285714285714,0.4714285714285714,0.4714285714285714,0.4714285714285714,0.4714285714285714,0.4714285714285714,0.4714285714285714,0.4714285714285714,0.4714285714285714,0.4714285714285714,0.4714285714285714,0.4714285714285714,0.4714285714285714
0.48571428571428577,0.48571428571428577,0.48571428571428577,0.48571428571428577,0.48571428571428577,0.48571428571428577,0.48571428571428577,0.48571428571428577,0.48571428571428577,0.48571428571428577,0.48571428571428577,0.48571428571428577,0.48571428571428577,0.48571428571428577,0.48571428571428577,0.48571428571428577,0.48571428571428577,0.48571428571428577,0.48571428571428577,0.48571428571428577,0.48571428571428577,0.48571428571428577,0.48571428571428577,0.48571428571428577,0.48571428571428577,0.48571428571428577,0.48571428571428577,0.48571428571428577,0.48571428571428577,0.48571428571428577,0.48571428571428577,0.48571428571428577,0.48571428571428577,0.48571428571428577,0.48571428571428577,0.48571428571428577,0.48571428571428577,0.48571428571428577,0.48571428571428577,0.48571428571428577,0.48571428571428577,0.48571428571428577,0.48571428571428577,0.48571428571428577,0.48571428571428577,0.48571428571428577,0.48571428571428577,0.48571428571428577,0.48571428571428577,0.48571428571428577,0.48571428571428577,0.48571428571428577,0.48571428571428577,0.48571428571428577,0.48571428571428577,0.48571428571428577,0.48571428571428577,0.48571428571428577,0.48571428571428577,0.48571428571428577,0.48571428571428577,0.48571428571428577,0.48571428571428577,0.48571428571428577,0.48571428571428577,0.48571428571428577,0.48571428571428577,0.48571428571428577,0.48571428571428577,0.48571428571428577,0.48571428571428577
0.5,0.5,0.5,0.5,0.5,0.5,0.5,0.5,0.5,0.5,0.5,0.5,0.5,0.5,0.5,0.5,0.5,0.5,0.5,0.5,0.5,0.5,0.5,0.5,0.5,0.5,0.5,0.5,0.5,0.5,0.5,0.5,0.5,0.5,0.5,0.5,0.5,0.5,0.5,0.5,0.5,0.5,0.5,0.5,0.5,0.5,0.5,0.5,0.5,0.5,0.5,0.5,0.5,0.5,0.5,0.5,0.5,0.5,0.5,0.5,0.5,0.5,0.5,0.5,0.5,0.5,0.5,0.5,0.5,0.5,0.5
