0.0018379247612681268,9.802960494069208e-5,0.00010038771050681305,9.802960494069208e-5,9.802960494069208e-5,9.802960494069208e-5,9.802960494069208e-5,9.802960494069208e-5,9.802960494069208e-5,9.802960494069208e-5,9.802960494069208e-5,9.802960494069208e-5,9.802960494069208e-5,9.802960494069208e-5,9.802960494069208e-5,9.802960494069208e-5,9.802960494069208e-5,9.802960494069208e-5,9.802960494069208e-5,9.802960494069208e-5,9.802960494069208e-5,9.802960494069208e-5,9.802960494069208e-5,9.802960494069208e-5,9.802960494069208e-5,9.802960494069208e-5,9.802960494069208e-5,9.802960494069208e-5,9.802960494069208e-5,9.802960494069208e-5,9.802960494069208e-5,9.802960494069208e-5,9.802960494069208e-5,9.802960494069208e-5,9.802960494069208e-5,9.802960494069208e-5,9.802960494069208e-5,9.802960494069208e-5,9.802960494069208e-5,9.802960494069208e-5,9.802960494069208e-5,9.802960494069208e-5,9.802960494069208e-5,9.802960494069208e-5,9.802960494069208e-5,9.802960494069208e-5,9.802960494069208e-5,9.802960494069208e-5,9.802960494069208e-5,9.802960494069208e-5,9.802960494069208e-5,9.802960494069208e-5,9.802960494069208e-5,9.802960494069208e-5,9.802960494069208e-5,9.802960494069208e-5,9.802960494069208e-5,9.802960494069208e-5,9.802960494069208e-5,9.802960494069208e-5,9.802960494069208e-5,9.802960494069208e-5,9.802960494069208e-5,9.802960494069208e-5,9.802960494069208e-5,9.802960494069208e-5,9.802960494069208e-5,9.802960494069208e-5,9.802960494069208e-5,9.802960494069208e-5,9.802960494069208e-5,9.802960494069208e-5,9.802960494069208e-5,9.802960494069208e-5,9.802960494069208e-5,9.802960494069208e-5,9.802960494069208e-5,9.802960494069208e-5,9.802960494069208e-5,9.802960494069208e-5,9.802960494069208e-5,9.802960494069208e-5,9.802960494069208e-5,9.802960494069208e-5,9.802960494069208e-5,9.802960494069208e-5,9.802960494069208e-5,9.802960494069208e-5,9.802960494069208e-5,9.802960494069208e-5,9.802960494069208e-5,9.802960494069208e-5,9.802960494069208e-5,9.802960494069208e-5,9.802960494069208e-5,9.802960494069208e-5,9.802960494069208e-5,9.802960494069208e-5,9.802960494069208e-5,9.802960494069208e-5,9.802960494069208e-5
0.002568898862434231,0.00011018954151553768,0.00010409588530536222,9.955986295461228e-5,9.802960494069208e-5,9.802960494069208e-5,9.802960494069208e-5,9.802960494069208e-5,9.802960494069208e-5,9.802960494069208e-5,9.802960494069208e-5,9.802960494069208e-5,9.802960494069208e-5,9.802960494069208e-5,9.802960494069208e-5,9.802960494069208e-5,9.802960494069208e-5,9.802960494069208e-5,9.802960494069208e-5,9.802960494069208e-5,9.802960494069208e-5,9.802960494069208e-5,9.802960494069208e-5,9.802960494069208e-5,9.802960494069208e-5,9.802960494069208e-5,9.802960494069208e-5,9.802960494069208e-5,9.802960494069208e-5,9.802960494069208e-5,9.802960494069208e-5,9.802960494069208e-5,9.802960494069208e-5,9.802960494069208e-5,9.802960494069208e-5,9.802960494069208e-5,9.802960494069208e-5,9.802960494069208e-5,9.802960494069208e-5,9.802960494069208e-5,9.802960494069208e-5,9.802960494069208e-5,9.802960494069208e-5,9.802960494069208e-5,9.802960494069208e-5,9.802960494069208e-5,9.802960494069208e-5,9.802960494069208e-5,9.802960494069208e-5,9.802960494069208e-5,9.802960494069208e-5,9.802960494069208e-5,9.802960494069208e-5,9.802960494069208e-5,9.802960494069208e-5,9.802960494069208e-5,9.802960494069208e-5,9.802960494069208e-5,9.802960494069208e-5,9.802960494069208e-5,9.802960494069208e-5,9.802960494069208e-5,9.802960494069208e-5,9.802960494069208e-5,9.802960494069208e-5,9.802960494069208e-5,9.802960494069208e-5,9.802960494069208e-5,9.802960494069208e-5,9.802960494069208e-5,9.802960494069208e-5,9.802960494069208e-5,9.802960494069208e-5,9.802960494069208e-5,9.802960494069208e-5,9.802960494069208e-5,9.802960494069208e-5,9.802960494069208e-5,9.802960494069208e-5,9.802960494069208e-5,9.802960494069208e-5,9.802960494069208e-5,9.802960494069208e-5,9.802960494069208e-5,9.802960494069208e-5,9.802960494069208e-5,9.802960494069208e-5,9.802960494069208e-5,9.802960494069208e-5,9.802960494069208e-5,9.802960494069208e-5,9.802960494069208e-5,9.802960494069208e-5,9.802960494069208e-5,9.802960494069208e-5,9.802960494069208e-5,9.802960494069208e-5,9.802960494069208e-5,9.802960494069208e-5,9.802960494069208e-5,9.802960494069208e-5
0.0040042185877557914,0.00013416583911083634,0.00011010423227877066,0.00010852666757295751,9.802960494069208e-5,9.802960494069208e-5,9.802960494069208e-5,9.802960494069208e-5,9.802960494069208e-5,9.802960494069208e-5,9.802960494069208e-5,9.802960494069208e-5,9.802960494069208e-5,9.802960494069208e-5,9.802960494069208e-5,9.802960494069208e-5,9.802960494069208e-5,9.802960494069208e-5,9.802960494069208e-5,9.802960494069208e-5,9.802960494069208e-5,9.802960494069208e-5,9.802960494069208e-5,9.802960494069208e-5,9.802960494069208e-5,9.802960494069208e-5,9.802960494069208e-5,9.802960494069208e-5,9.802960494069208e-5,9.802960494069208e-5,9.802960494069208e-5,9.802960494069208e-5,9.802960494069208e-5,9.802960494069208e-5,9.802960494069208e-5,9.802960494069208e-5,9.802960494069208e-5,9.802960494069208e-5,9.802960494069208e-5,9.802960494069208e-5,9.802960494069208e-5,9.802960494069208e-5,9.802960494069208e-5,9.802960494069208e-5,9.802960494069208e-5,9.802960494069208e-5,9.802960494069208e-5,9.802960494069208e-5,9.802960494069208e-5,9.802960494069208e-5,9.802960494069208e-5,9.802960494069208e-5,9.802960494069208e-5,9.802960494069208e-5,9.802960494069208e-5,9.802960494069208e-5,9.802960494069208e-5,9.802960494069208e-5,9.802960494069208e-5,9.802960494069208e-5,9.802960494069208e-5,9.802960494069208e-5,9.802960494069208e-5,9.802960494069208e-5,9.802960494069208e-5,9.802960494069208e-5,9.802960494069208e-5,9.802960494069208e-5,9.802960494069208e-5,9.802960494069208e-5,9.802960494069208e-5,9.802960494069208e-5,9.802960494069208e-5,9.802960494069208e-5,9.802960494069208e-5,9.802960494069208e-5,9.802960494069208e-5,9.802960494069208e-5,9.802960494069208e-5,9.802960494069208e-5,9.802960494069208e-5,9.802960494069208e-5,9.802960494069208e-5,9.802960494069208e-5,9.802960494069208e-5,9.802960494069208e-5,9.802960494069208e-5,9.802960494069208e-5,9.802960494069208e-5,9.802960494069208e-5,9.802960494069208e-5,9.802960494069208e-5,9.802960494069208e-5,9.802960494069208e-5,9.802960494069208e-5,9.802960494069208e-5,9.802960494069208e-5,9.802960494069208e-5,9.802960494069208e-5,9.802960494069208e-5,9.802960494069208e-5
0.003866754178701956,0.00014059636863812794,0.00010399583301889693,0.00010058062935006371,9.802960494069208e-5,9.802960494069208e-5,9.802960494069208e-5,9.802960494069208e-5,9.802960494069208e-5,9.802960494069208e-5,9.802960494069208e-5,9.802960494069208e-5,9.802960494069208e-5,9.802960494069208e-5,9.802960494069208e-5,9.802960494069208e-5,9.802960494069208e-5,9.802960494069208e-5,9.802960494069208e-5,9.802960494069208e-5,9.802960494069208e-5,9.802960494069208e-5,9.802960494069208e-5,9.802960494069208e-5,9.802960494069208e-5,9.802960494069208e-5,9.802960494069208e-5,9.802960494069208e-5,9.802960494069208e-5,9.802960494069208e-5,9.802960494069208e-5,9.802960494069208e-5,9.802960494069208e-5,9.802960494069208e-5,9.802960494069208e-5,9.802960494069208e-5,9.802960494069208e-5,9.802960494069208e-5,9.802960494069208e-5,9.802960494069208e-5,9.802960494069208e-5,9.802960494069208e-5,9.802960494069208e-5,9.802960494069208e-5,9.802960494069208e-5,9.802960494069208e-5,9.802960494069208e-5,9.802960494069208e-5,9.802960494069208e-5,9.802960494069208e-5,9.802960494069208e-5,9.802960494069208e-5,9.802960494069208e-5,9.802960494069208e-5,9.802960494069208e-5,9.802960494069208e-5,9.802960494069208e-5,9.802960494069208e-5,9.802960494069208e-5,9.802960494069208e-5,9.802960494069208e-5,9.802960494069208e-5,9.802960494069208e-5,9.802960494069208e-5,9.802960494069208e-5,9.802960494069208e-5,9.802960494069208e-5,9.802960494069208e-5,9.802960494069208e-5,9.802960494069208e-5,9.802960494069208e-5,9.802960494069208e-5,9.802960494069208e-5,9.802960494069208e-5,9.802960494069208e-5,9.802960494069208e-5,9.802960494069208e-5,9.802960494069208e-5,9.802960494069208e-5,9.802960494069208e-5,9.802960494069208e-5,9.802960494069208e-5,9.802960494069208e-5,9.802960494069208e-5,9.802960494069208e-5,9.802960494069208e-5,9.802960494069208e-5,9.802960494069208e-5,9.802960494069208e-5,9.802960494069208e-5,9.802960494069208e-5,9.802960494069208e-5,9.802960494069208e-5,9.802960494069208e-5,9.802960494069208e-5,9.802960494069208e-5,9.802960494069208e-5,9.802960494069208e-5,9.802960494069208e-5,9.802960494069208e-5,9.802960494069208e-5
0.004896303075258338,0.00015074481620822307,0.00011907700574989433,0.00010510204590014078,9.912204685815115e-5,9.802960494069208e-5,9.802960494069208e-5,9.802960494069208e-5,9.802960494069208e-5,9.802960494069208e-5,9.802960494069208e-5,9.802960494069208e-5,9.802960494069208e-5,9.802960494069208e-5,9.802960494069208e-5,9.802960494069208e-5,9.802960494069208e-5,9.802960494069208e-5,9.802960494069208e-5,9.802960494069208e-5,9.802960494069208e-5,9.802960494069208e-5,9.802960494069208e-5,9.802960494069208e-5,9.802960494069208e-5,9.802960494069208e-5,9.802960494069208e-5,9.802960494069208e-5,9.802960494069208e-5,9.802960494069208e-5,9.802960494069208e-5,9.802960494069208e-5,9.802960494069208e-5,9.802960494069208e-5,9.802960494069208e-5,9.802960494069208e-5,9.802960494069208e-5,9.802960494069208e-5,9.802960494069208e-5,9.802960494069208e-5,9.802960494069208e-5,9.802960494069208e-5,9.802960494069208e-5,9.802960494069208e-5,9.802960494069208e-5,9.802960494069208e-5,9.802960494069208e-5,9.802960494069208e-5,9.802960494069208e-5,9.802960494069208e-5,9.802960494069208e-5,9.802960494069208e-5,9.802960494069208e-5,9.802960494069208e-5,9.802960494069208e-5,9.802960494069208e-5,9.802960494069208e-5,9.802960494069208e-5,9.802960494069208e-5,9.802960494069208e-5,9.802960494069208e-5,9.802960494069208e-5,9.802960494069208e-5,9.802960494069208e-5,9.802960494069208e-5,9.802960494069208e-5,9.802960494069208e-5,9.802960494069208e-5,9.802960494069208e-5,9.802960494069208e-5,9.802960494069208e-5,9.802960494069208e-5,9.802960494069208e-5,9.802960494069208e-5,9.802960494069208e-5,9.802960494069208e-5,9.802960494069208e-5,9.802960494069208e-5,9.802960494069208e-5,9.802960494069208e-5,9.802960494069208e-5,9.802960494069208e-5,9.802960494069208e-5,9.802960494069208e-5,9.802960494069208e-5,9.802960494069208e-5,9.802960494069208e-5,9.802960494069208e-5,9.802960494069208e-5,9.802960494069208e-5,9.802960494069208e-5,9.802960494069208e-5,9.802960494069208e-5,9.802960494069208e-5,9.802960494069208e-5,9.802960494069208e-5,9.802960494069208e-5,9.802960494069208e-5,9.802960494069208e-5,9.802960494069208e-5,9.802960494069208e-5
0.005362246521198883,0.0002247693549274995,0.00017147816346586118,0.00013787475629330873,0.00010545262834957565,0.00010337838107636506,9.802960494069208e-5,9.802960494069208e-5,0.00010104166258209979,0.00010857180668561905,0.0001161019507891383,0.0001130898931477306,0.00012212606607195372,0.0001326682678168807,0.00012664415253406527,0.00010857180668561905,0.00010104166258209979,0.00010389638270757767,0.00010093677090481325,0.00010971071463582001,0.00011547260072541907,0.0001300084305460249,0.00013436917949220665,0.00011837976668954022,0.00011111185177923733,0.00010384393686893442,0.00010093677090481325,9.802960494069208e-5,9.802960494069208e-5,9.802960494069208e-5,9.802960494069208e-5,9.802960494069208e-5,9.802960494069208e-5,9.802960494069208e-5,9.802960494069208e-5,9.802960494069208e-5,9.802960494069208e-5,9.802960494069208e-5,9.802960494069208e-5,9.802960494069208e-5,9.802960494069208e-5,9.802960494069208e-5,9.802960494069208e-5,9.802960494069208e-5,9.802960494069208e-5,9.802960494069208e-5,9.802960494069208e-5,9.802960494069208e-5,9.802960494069208e-5,9.802960494069208e-5,9.802960494069208e-5,9.802960494069208e-5,9.802960494069208e-5,9.802960494069208e-5,9.802960494069208e-5,9.802960494069208e-5,9.802960494069208e-5,9.802960494069208e-5,9.802960494069208e-5,9.802960494069208e-5,9.802960494069208e-5,9.802960494069208e-5,9.802960494069208e-5,9.802960494069208e-5,9.802960494069208e-5,9.802960494069208e-5,9.802960494069208e-5,9.802960494069208e-5,9.802960494069208e-5,9.802960494069208e-5,9.802960494069208e-5,9.802960494069208e-5,9.802960494069208e-5,9.802960494069208e-5,9.802960494069208e-5,9.802960494069208e-5,9.802960494069208e-5,9.802960494069208e-5,9.802960494069208e-5,9.802960494069208e-5,9.802960494069208e-5,9.802960494069208e-5,9.802960494069208e-5,9.802960494069208e-5,9.802960494069208e-5,9.802960494069208e-5,9.802960494069208e-5,9.802960494069208e-5,9.802960494069208e-5,9.802960494069208e-5,9.802960494069208e-5,9.802960494069208e-5,9.802960494069208e-5,9.802960494069208e-5,9.802960494069208e-5,9.802960494069208e-5,9.802960494069208e-5,9.802960494069208e-5,9.802960494069208e-5,9.802960494069208e-5,9.802960494069208e-5
0.005605659618337139,0.00023346699090319098,0.00018104367448070497,0.00017269037015665454,0.00014557470270561712,0.0001672541361043035,0.000181604940692089,0.00016470689148122733,0.00017357200274482895,0.0001476714047642388,0.00013517762964415251,0.00014962013528085482,0.00012381629252034113,0.0001350340162729144,0.00012722497794333889,0.00012917037545338693,0.00013687560043133026,0.00014569316733653565,0.00014128536417998234,0.0001284977943338888,0.0001307935496519949,0.00013476963042838937,0.00014531496912067446,0.0001581717478678561,0.000164502499754926,0.0001411201842956573,0.00012607313008528576,0.00011122135084795607,0.00011615243603568278,0.00012354367218900107,0.00011794529948044309,0.0001298947162042937,0.00011794529948044309,0.00010201274384864228,0.00010732359572590921,9.935731791000881e-5,9.935731791000881e-5,9.802960494069208e-5,9.802960494069208e-5,9.802960494069208e-5,9.802960494069208e-5,9.802960494069208e-5,9.802960494069208e-5,9.802960494069208e-5,9.802960494069208e-5,9.802960494069208e-5,9.802960494069208e-5,9.802960494069208e-5,9.802960494069208e-5,9.802960494069208e-5,9.802960494069208e-5,9.802960494069208e-5,9.802960494069208e-5,9.802960494069208e-5,9.802960494069208e-5,9.802960494069208e-5,9.802960494069208e-5,9.802960494069208e-5,9.802960494069208e-5,9.802960494069208e-5,9.802960494069208e-5,9.802960494069208e-5,9.802960494069208e-5,9.802960494069208e-5,9.802960494069208e-5,9.802960494069208e-5,9.802960494069208e-5,9.802960494069208e-5,9.802960494069208e-5,9.802960494069208e-5,9.802960494069208e-5,9.802960494069208e-5,9.802960494069208e-5,9.802960494069208e-5,9.802960494069208e-5,9.802960494069208e-5,9.802960494069208e-5,9.802960494069208e-5,9.802960494069208e-5,9.802960494069208e-5,9.802960494069208e-5,9.802960494069208e-5,9.802960494069208e-5,9.802960494069208e-5,9.802960494069208e-5,9.802960494069208e-5,9.802960494069208e-5,9.802960494069208e-5,9.802960494069208e-5,9.802960494069208e-5,9.802960494069208e-5,9.802960494069208e-5,9.802960494069208e-5,9.802960494069208e-5,9.802960494069208e-5,9.802960494069208e-5,9.802960494069208e-5,9.802960494069208e-5,9.802960494069208e-5,9.802960494069208e-5,9.802960494069208e-5
0.00644219037108145,0.00020386574561082152,0.00015109071307118488,0.00014441853251738755,0.0001209665879629448,0.00013677202905597492,0.0001265766542887952,0.0001306548041956671,0.0001521080763062445,0.00012008068012939906,0.00011922084215273012,0.00014728267852171355,0.00016360552886971862,0.0001807144985393589,0.0001638377042838937,0.00015588824585824917,0.00016222823025193605,0.00017242183138907948,0.00020526447856092538,0.00024957304240760705,0.0002752772583276149,0.00025700399013822174,0.00022518615608273698,0.00020568829740221544,0.00019923698506028824,0.00018614272485050485,0.00021065826879717675,0.0002125986667973728,0.00019511194980884224,0.00019516527791393,0.00017233565336731687,0.00017756151357710027,0.00015323791785119107,0.00013326683658464856,0.00011909714733849622,0.00011046171943927065,0.0001031178315851387,0.00010099990197039505,9.901970395059307e-5,9.802960494069208e-5,9.802960494069208e-5,9.802960494069208e-5,9.802960494069208e-5,9.802960494069208e-5,9.802960494069208e-5,9.802960494069208e-5,9.802960494069208e-5,9.802960494069208e-5,9.802960494069208e-5,9.802960494069208e-5,9.802960494069208e-5,9.802960494069208e-5,9.802960494069208e-5,9.802960494069208e-5,9.802960494069208e-5,9.802960494069208e-5,9.802960494069208e-5,9.802960494069208e-5,9.802960494069208e-5,9.802960494069208e-5,9.802960494069208e-5,9.802960494069208e-5,9.802960494069208e-5,9.802960494069208e-5,9.802960494069208e-5,9.802960494069208e-5,9.802960494069208e-5,9.802960494069208e-5,9.802960494069208e-5,9.802960494069208e-5,9.802960494069208e-5,9.802960494069208e-5,9.802960494069208e-5,9.802960494069208e-5,9.802960494069208e-5,9.802960494069208e-5,9.802960494069208e-5,9.802960494069208e-5,9.802960494069208e-5,9.802960494069208e-5,9.802960494069208e-5,9.802960494069208e-5,9.802960494069208e-5,9.802960494069208e-5,9.802960494069208e-5,9.802960494069208e-5,9.802960494069208e-5,9.802960494069208e-5,9.802960494069208e-5,9.802960494069208e-5,9.802960494069208e-5,9.802960494069208e-5,9.802960494069208e-5,9.802960494069208e-5,9.802960494069208e-5,9.802960494069208e-5,9.802960494069208e-5,9.802960494069208e-5,9.802960494069208e-5,9.802960494069208e-5,9.802960494069208e-5
0.007141483506917354,0.0004625783528488387,0.00035612119170296274,0.00030508719269544386,0.0,0.0,0.0,0.0,0.0,0.0,0.0,0.0,0.0,0.0,0.0,0.0,0.0,0.0,0.0,0.0,0.0,0.0,0.0,0.0,0.0,0.0,0.0,0.0,0.0,0.0,0.0,0.0,0.0,0.0,0.0,0.0,0.0,0.0,0.0,0.0,0.0,0.0,0.0,0.0,0.0,0.0,0.0,0.0,0.0,0.0,0.0,0.0,0.0,0.0,0.0,0.0,0.0,0.0,0.0,0.0,0.0,0.0,0.0,0.0,0.0,0.0,0.0,0.0,0.0,0.0,0.0,0.0,0.0,0.0,0.0,0.0,0.0,0.0,0.0,0.0,0.0,0.0,0.0,0.0,0.0,0.0,0.0,0.0,0.0,0.0,0.0,0.0,0.0,0.0,0.0,0.0,0.0,9.802960494069208e-5,9.802960494069208e-5,9.802960494069208e-5,9.802960494069208e-5
0.007321353735809636,0.0004794253896954403,0.0004244726768318303,0.0003590935055450811,0.0,0.0,0.0,0.0,0.0,0.0,0.0,0.0,0.0,0.0,0.0,0.0,0.0,0.0,0.0,0.0,0.0,0.0,0.0,0.0,0.0,0.0,0.0,0.0,0.0,0.0,0.0,0.0,0.0,0.0,0.0,0.0,0.0,0.0,0.0,0.0,0.0,0.0,0.0,0.0,0.0,0.0,0.0,0.0,0.0,0.0,0.0,0.0,0.0,0.0,0.0,0.0,0.0,0.0,0.0,0.0,0.0,0.0,0.0,0.0,0.0,0.0,0.0,0.0,0.0,0.0,0.0,0.0,0.0,0.0,0.0,0.0,0.0,0.0,0.0,0.0,0.0,0.0,0.0,0.0,0.0,0.0,0.0,0.0,0.0,0.0,0.0,0.0,0.0,0.0,0.0,0.0,0.0,9.802960494069208e-5,9.802960494069208e-5,9.802960494069208e-5,9.802960494069208e-5
0.0070617738508124955,0.0005462756476962275,0.0005281950106968665,0.00045538553986933846,0.0,0.0,0.0,0.0,0.0,0.0,0.0,0.0,0.0,0.0,0.0,0.0,0.0,0.0,0.0,0.0,0.0,0.0,0.0,0.0,0.0,0.0,0.0,0.0,0.0,0.0,0.0,0.0,0.0,0.0,0.0,0.0,0.0,0.0,0.0,0.0,0.0,0.0,0.0,0.0,0.0,0.0,0.0,0.0,0.0,0.0,0.0,0.0,0.0,0.0,0.0,0.0,0.0,0.0,0.0,0.0,0.0,0.0,0.0,0.0,0.0,0.0,0.0,0.0,0.0,0.0,0.0,0.0,0.0,0.0,0.0,0.0,0.0,0.0,0.0,0.0,0.0,0.0,0.0,0.0,0.0,0.0,0.0,0.0,0.0,0.0,0.0,0.0,0.0,0.0,0.0,0.0,0.0,9.802960494069208e-5,9.802960494069208e-5,9.802960494069208e-5,9.802960494069208e-5
0.0060790060798596775,0.0004288375564525096,0.0003508821667369006,0.0003014234311347266,0.0,0.0,0.0,0.0,0.0,0.0,0.0,0.0,0.0,0.0,0.0,0.0,0.0,0.0,0.0,0.0,0.0,0.0,0.0,0.0,0.0,0.0,0.0,0.0,0.0,0.0,0.0,0.0,0.0,0.0,0.0,0.0,0.0,0.0,0.0,0.0,0.0,0.0,0.0,0.0,0.0,0.0,0.0,0.0,0.0,0.0,0.0,0.0,0.0,0.0,0.0,0.0,0.0,0.0,0.0,0.0,0.0,0.0,0.0,0.0,0.0,0.0,0.0,0.0,0.0,0.0,0.0,0.0,0.0,0.0,0.0,0.0,0.0,0.0,0.0,0.0,0.0,0.0,0.0,0.0,0.0,0.0,0.0,0.0,0.0,0.0,0.0,0.0,0.0,0.0,0.0,0.0,0.0,9.802960494069208e-5,9.802960494069208e-5,9.802960494069208e-5,9.802960494069208e-5
0.007906764180476516,0.0006890612987851236,0.0005541171438873559,0.000434691968563912,0.0,0.0,0.0,0.0,0.0,0.0,0.0,0.0,0.0,0.0,0.0,0.0,0.0,0.0,0.0,0.0,0.0,0.0,0.0,0.0,0.0,0.0,0.0,0.0,0.0,0.0,0.0,0.0,0.0,0.0,0.0,0.0,0.0,0.0,0.0,0.0,0.0,0.0,0.0,0.0,0.0,0.0,0.0,0.0,0.0,0.0,0.0,0.0,0.0,0.0,0.0,0.0,0.0,0.0,0.0,0.0,0.0,0.0,0.0,0.0,0.0,0.0,0.0,0.0,0.0,0.0,0.0,0.0,0.0,0.0,0.0,0.0,0.0,0.0,0.0,0.0,0.0,0.0,0.0,0.0,0.0,0.0,0.0,0.0,0.0,0.0,0.0,0.0,0.0,0.0,0.0,0.0,0.0,9.802960494069208e-5,9.802960494069208e-5,9.802960494069208e-5,9.802960494069208e-5
0.008638912900548093,0.0007927830681871415,0.000664180226627448,0.0005555303794796074,0.0,0.0,0.0,0.0,0.0,0.0,0.0,0.0,0.0,0.0,0.0,0.0,0.0,0.0,0.0,0.0,0.0,0.0,0.0,0.0,0.0,0.0,0.0,0.0,0.0,0.0,0.0,0.0,0.0,0.0,0.0,0.0,0.0,0.0,0.0,0.0,0.0,0.0,0.0,0.0,0.0,0.0,0.0,0.0,0.0,0.0,0.0,0.0,0.0,0.0,0.0,0.0,0.0,0.0,0.0,0.0,0.0,0.0,0.0,0.0,0.0,0.0,0.0,0.0,0.0,0.0,0.0,0.0,0.0,0.0,0.0,0.0,0.0,0.0,0.0,0.0,0.0,0.0,0.0,0.0,0.0,0.0,0.0,0.0,0.0,0.0,0.0,0.0,0.0,0.0,0.0,0.0,0.0,9.802960494069208e-5,9.802960494069208e-5,9.802960494069208e-5,9.802960494069208e-5
0.008189343680996612,0.0006764270813401039,0.0005116669864470227,0.000526782968664539,0.0,0.0,0.0,0.0,0.0,0.0,0.0,0.0,0.0,0.0,0.0,0.0,0.0,0.0,0.0,0.0,0.0,0.0,0.0,0.0,0.0,0.0,0.0,0.0,0.0,0.0,0.0,0.0,0.0,0.0,0.0,0.0,0.0,0.0,0.0,0.0,0.0,0.0,0.0,0.0,0.0,0.0,0.0,0.0,0.0,0.0,0.0,0.0,0.0,0.0,0.0,0.0,0.0,0.0,0.0,0.0,0.0,0.0,0.0,0.0,0.0,0.0,0.0,0.0,0.0,0.0,0.0,0.0,0.0,0.0,0.0,0.0,0.0,0.0,0.0,0.0,0.0,0.0,0.0,0.0,0.0,0.0,0.0,0.0,0.0,0.0,0.0,0.0,0.0,0.0,0.0,0.0,0.0,9.802960494069208e-5,9.802960494069208e-5,9.802960494069208e-5,9.802960494069208e-5
0.008322683806790415,0.0009165096619296901,0.0008938452425042886,0.0007445065030669797,0.0,0.0,0.0,0.0,0.0,0.0,0.0,0.0,0.0,0.0,0.0,0.0,0.0,0.0,0.0,0.0,0.0,0.0,0.0,0.0,0.0,0.0,0.0,0.0,0.0,0.0,0.0,0.0,0.0,0.0,0.0,0.0,0.0,0.0,0.0,0.0,0.0,0.0,0.0,0.0,0.0,0.0,0.0,0.0,0.0,0.0,0.0,0.0,0.0,0.0,0.0,0.0,0.0,0.0,0.0,0.0,0.0,0.0,0.0,0.0,0.0,0.0,0.0,0.0,0.0,0.0,0.0,0.0,0.0,0.0,0.0,0.0,0.0,0.0,0.0,0.0,0.0,0.0,0.0,0.0,0.0,0.0,0.0,0.0,0.0,0.0,0.0,0.0,0.0,0.0,0.0,0.0,0.0,9.802960494069208e-5,9.802960494069208e-5,9.802960494069208e-5,9.802960494069208e-5
0.009016976965026267,0.001110830871625508,0.0009984422900410498,0.0008274395547408712,0.0,0.0,0.0,0.0,0.0,0.0,0.0,0.0,0.0,0.0,0.0,0.0,0.0,0.0,0.0,0.0,0.0,0.0,0.0,0.0,0.0,0.0,0.0,0.0,0.0,0.0,0.0,0.0,0.0,0.0,0.0,0.0,0.0,0.0,0.0,0.0,0.0,0.0,0.0,0.0,0.0,0.0,0.0,0.0,0.0,0.0,0.0,0.0,0.0,0.0,0.0,0.0,0.0,0.0,0.0,0.0,0.0,0.0,0.0,0.0,0.0,0.0,0.0,0.0,0.0,0.0,0.0,0.0,0.0,0.0,0.0,0.0,0.0,0.0,0.0,0.0,0.0,0.0,0.0,0.0,0.0,0.0,0.0,0.0,0.0,0.0,0.0,0.0,0.0,0.0,0.0,0.0,0.0,9.802960494069208e-5,9.802960494069208e-5,9.802960494069208e-5,9.802960494069208e-5
0.007131291240875528,0.0009258382824430322,0.0007753194640608958,0.0007560304245662603,0.0,0.0,0.0,0.0,0.0,0.0,0.0,0.0,0.0,0.0,0.0,0.0,0.0,0.0,0.0,0.0,0.0,0.0,0.0,0.0,0.0,0.0,0.0,0.0,0.0,0.0,0.0,0.0,0.0,0.0,0.0,0.0,0.0,0.0,0.0,0.0,0.0,0.0,0.0,0.0,0.0,0.0,0.0,0.0,0.0,0.0,0.0,0.0,0.0,0.0,0.0,0.0,0.0,0.0,0.0,0.0,0.0,0.0,0.0,0.0,0.0,0.0,0.0,0.0,0.0,0.0,0.0,0.0,0.0,0.0,0.0,0.0,0.0,0.0,0.0,0.0,0.0,0.0,0.0,0.0,0.0,0.0,0.0,0.0,0.0,0.0,0.0,0.0,0.0,0.0,0.0,0.0,0.0,9.802960494069208e-5,9.802960494069208e-5,9.802960494069208e-5,9.802960494069208e-5
0.0051631251787122075,0.000672292196842204,0.0006006361475990596,0.0007575301965762529,0.0,0.0,0.0,0.0,0.0,0.0,0.0,0.0,0.0,0.0,0.0,0.0,0.0,0.0,0.0,0.0,0.0,0.0,0.0,0.0,0.0,0.0,0.0,0.0,0.0,0.0,0.0,0.0,0.0,0.0,0.0,0.0,0.0,0.0,0.0,0.0,0.0,0.0,0.0,0.0,0.0,0.0,0.0,0.0,0.0,0.0,0.0,0.0,0.0,0.0,0.0,0.0,0.0,0.0,0.0,0.0,0.0,0.0,0.0,0.0,0.0,0.0,0.0,0.0,0.0,0.0,0.0,0.0,0.0,0.0,0.0,0.0,0.0,0.0,0.0,0.0,0.0,0.0,0.0,0.0,0.0,0.0,0.0,0.0,0.0,0.0,0.0,0.0,0.0,0.0,0.0,0.0,0.0,9.802960494069208e-5,9.802960494069208e-5,9.802960494069208e-5,9.802960494069208e-5
0.004704416980381602,0.0006919176316995323,0.0006288594886847272,0.0006329416755467794,0.0,0.0,0.0,0.0,0.0,0.0,0.0,0.0,0.0,0.0,0.0,0.0,0.0,0.0,0.0,0.0,0.0,0.0,0.0,0.0,0.0,0.0,0.0,0.0,0.0,0.0,0.0,0.0,0.0,0.0,0.0,0.0,0.0,0.0,0.0,0.0,0.0,0.0,0.0,0.0,0.0,0.0,0.0,0.0,0.0,0.0,0.0,0.0,0.0,0.0,0.0,0.0,0.0,0.0,0.0,0.0,0.0,0.0,0.0,0.0,0.0,0.0,0.0,0.0,0.0,0.0,0.0,0.0,0.0,0.0,0.0,0.0,0.0,0.0,0.0,0.0,0.0,0.0,0.0,0.0,0.0,0.0,0.0,0.0,0.0,0.0,0.0,0.0,0.0,0.0,0.0,0.0,0.0,9.802960494069208e-5,9.802960494069208e-5,9.802960494069208e-5,9.802960494069208e-5
0.004889735631737953,0.0008319647500043681,0.000642830631327637,0.0006783637199524373,0.0,0.0,0.0,0.0,0.0,0.0,0.0,0.0,0.0,0.0,0.0,0.0,0.0,0.0,0.0,0.0,0.0,0.0,0.0,0.0,0.0,0.0,0.0,0.0,0.0,0.0,0.0,0.0,0.0,0.0,0.0,0.0,0.0,0.0,0.0,0.0,0.0,0.0,0.0,0.0,0.0,0.0,0.0,0.0,0.0,0.0,0.0,0.0,0.0,0.0,0.0,0.0,0.0,0.0,0.0,0.0,0.0,0.0,0.0,0.0,0.0,0.0,0.0,0.0,0.0,0.0,0.0,0.0,0.0,0.0,0.0,0.0,0.0,0.0,0.0,0.0,0.0,0.0,0.0,0.0,0.0,0.0,0.0,0.0,0.0,0.0,0.0,0.0,0.0,0.0,0.0,0.0,0.0,9.802960494069208e-5,9.802960494069208e-5,9.802960494069208e-5,9.802960494069208e-5
0.0037879231534905487,0.00045986488913731324,0.0003779696769254879,0.00044440047203621086,0.0,0.0,0.0,0.0,0.0,0.0,0.0,0.0,0.0,0.0,0.0,0.0,0.0,0.0,0.0,0.0,0.0,0.0,0.0,0.0,0.0,0.0,0.0,0.0,0.0,0.0,0.0,0.0,0.0,0.0,0.0,0.0,0.0,0.0,0.0,0.0,0.0,0.0,0.0,0.0,0.0,0.0,0.0,0.0,0.0,0.0,0.0,0.0,0.0,0.0,0.0,0.0,0.0,0.0,0.0,0.0,0.0,0.0,0.0,0.0,0.0,0.0,0.0,0.0,0.0,0.0,0.0,0.0,0.0,0.0,0.0,0.0,0.0,0.0,0.0,0.0,0.0,0.0,0.0,0.0,0.0,0.0,0.0,0.0,0.0,0.0,0.0,0.0,0.0,0.0,0.0,0.0,0.0,9.802960494069208e-5,9.802960494069208e-5,9.802960494069208e-5,9.802960494069208e-5
0.0032109148627775487,0.0004122323226150193,0.000423510254030819,0.0004170971483496305,0.0,0.0,0.0,0.0,0.0,0.0,0.0,0.0,0.0,0.0,0.0,0.0,0.0,0.0,0.0,0.0,0.0,0.0,0.0,0.0,0.0,0.0,0.0,0.0,0.0,0.0,0.0,0.0,0.0,0.0,0.0,0.0,0.0,0.0,0.0,0.0,0.0,0.0,0.0,0.0,0.0,0.0,0.0,0.0,0.0,0.0,0.0,0.0,0.0,0.0,0.0,0.0,0.0,0.0,0.0,0.0,0.0,0.0,0.0,0.0,0.0,0.0,0.0,0.0,0.0,0.0,0.0,0.0,0.0,0.0,0.0,0.0,0.0,0.0,0.0,0.0,0.0,0.0,0.0,0.0,0.0,0.0,0.0,0.0,0.0,0.0,0.0,0.0,0.0,0.0,0.0,0.0,0.0,9.802960494069208e-5,9.802960494069208e-5,9.802960494069208e-5,9.802960494069208e-5
0.0035527685594322405,0.000496807075904576,0.0005115280384021223,0.0005017216123638606,0.0,0.0,0.0,0.0,0.0,0.0,0.0,0.0,0.0,0.0,0.0,0.0,0.0,0.0,0.0,0.0,0.0,0.0,0.0,0.0,0.0,0.0,0.0,0.0,0.0,0.0,0.0,0.0,0.0,0.0,0.0,0.0,0.0,0.0,0.0,0.0,0.0,0.0,0.0,0.0,0.0,0.0,0.0,0.0,0.0,0.0,0.0,0.0,0.0,0.0,0.0,0.0,0.0,0.0,0.0,0.0,0.0,0.0,0.0,0.0,0.0,0.0,0.0,0.0,0.0,0.0,0.0,0.0,0.0,0.0,0.0,0.0,0.0,0.0,0.0,0.0,0.0,0.0,0.0,0.0,0.0,0.0,0.0,0.0,0.0,0.0,0.0,0.0,0.0,0.0,0.0,0.0,0.0,9.802960494069208e-5,9.802960494069208e-5,9.802960494069208e-5,9.802960494069208e-5
0.00282045915283351,0.0004070059592836458,0.00048752620333141275,0.0006862592484661352,0.0,0.0,0.0,0.0,0.0,0.0,0.0,0.0,0.0,0.0,0.0,0.0,0.0,0.0,0.0,0.0,0.0,0.0,0.0,0.0,0.0,0.0,0.0,0.0,0.0,0.0,0.0,0.0,0.0,0.0,0.0,0.0,0.0,0.0,0.0,0.0,0.0,0.0,0.0,0.0,0.0,0.0,0.0,0.0,0.0,0.0,0.0,0.0,0.0,0.0,0.0,0.0,0.0,0.0,0.0,0.0,0.0,0.0,0.0,0.0,0.0,0.0,0.0,0.0,0.0,0.0,0.0,0.0,0.0,0.0,0.0,0.0,0.0,0.0,0.0,0.0,0.0,0.0,0.0,0.0,0.0,0.0,0.0,0.0,0.0,0.0,0.0,0.0,0.0,0.0,0.0,0.0,0.0,9.802960494069208e-5,9.802960494069208e-5,9.802960494069208e-5,9.802960494069208e-5
0.0024809042541699545,0.0003454931261549332,0.0004122719116325791,0.0003694324138020621,0.0,0.0,0.0,0.0,0.0,0.0,0.0,0.0,0.0,0.0,0.0,0.0,0.0,0.0,0.0,0.0,0.0,0.0,0.0,0.0,0.0,0.0,0.0,0.0,0.0,0.0,0.0,0.0,0.0,0.0,0.0,0.0,0.0,0.0,0.0,0.0,0.0,0.0,0.0,0.0,0.0,0.0,0.0,0.0,0.0,0.0,0.0,0.0,0.0,0.0,0.0,0.0,0.0,0.0,0.0,0.0,0.0,0.0,0.0,0.0,0.0,0.0,0.0,0.0,0.0,0.0,0.0,0.0,0.0,0.0,0.0,0.0,0.0,0.0,0.0,0.0,0.0,0.0,0.0,0.0,0.0,0.0,0.0,0.0,0.0,0.0,0.0,0.0,0.0,0.0,0.0,0.0,0.0,9.802960494069208e-5,9.802960494069208e-5,9.802960494069208e-5,9.802960494069208e-5
0.0021923625578934443,0.00029404475740526023,0.00029827189365799636,0.00027846488886631315,0.0,0.0,0.0,0.0,0.0,0.0,0.0,0.0,0.0,0.0,0.0,0.0,0.0,0.0,0.0,0.0,0.0,0.0,0.0,0.0,0.0,0.0,0.0,0.0,0.0,0.0,0.0,0.0,0.0,0.0,0.0,0.0,0.0,0.0,0.0,0.0,0.0,0.0,0.0,0.0,0.0,0.0,0.0,0.0,0.0,0.0,0.0,0.0,0.0,0.0,0.0,0.0,0.0,0.0,0.0,0.0,0.0,0.0,0.0,0.0,0.0,0.0,0.0,0.0,0.0,0.0,0.0,0.0,0.0,0.0,0.0,0.0,0.0,0.0,0.0,0.0,0.0,0.0,0.0,0.0,0.0,0.0,0.0,0.0,0.0,0.0,0.0,0.0,0.0,0.0,0.0,0.0,0.0,9.802960494069208e-5,9.802960494069208e-5,9.802960494069208e-5,9.802960494069208e-5
0.0020267031528085496,0.00025056447951730216,0.00023947332827409077,0.00024846667128556026,0.0,0.0,0.0,0.0,0.0,0.0,0.0,0.0,0.0,0.0,0.0,0.0,0.0,0.0,0.0,0.0,0.0,0.0,0.0,0.0,0.0,0.0,0.0,0.0,0.0,0.0,0.0,0.0,0.0,0.0,0.0,0.0,0.0,0.0,0.0,0.0,0.0,0.0,0.0,0.0,0.0,0.0,0.0,0.0,0.0,0.0,0.0,0.0,0.0,0.0,0.0,0.0,0.0,0.0,0.0,0.0,0.0,0.0,0.0,0.0,0.0,0.0,0.0,0.0,0.0,0.0,0.0,0.0,0.0,0.0,0.0,0.0,0.0,0.0,0.0,0.0,0.0,0.0,0.0,0.0,0.0,0.0,0.0,0.0,0.0,0.0,0.0,0.0,0.0,0.0,0.0,0.0,0.0,9.802960494069208e-5,9.802960494069208e-5,9.802960494069208e-5,9.802960494069208e-5
0.001894072783942752,0.00024243728182776197,0.00019809024626801292,0.00021456756135084797,0.0,0.0,0.0,0.0,0.0,0.0,0.0,0.0,0.0,0.0,0.0,0.0,0.0,0.0,0.0,0.0,0.0,0.0,0.0,0.0,0.0,0.0,0.0,0.0,0.0,0.0,0.0,0.0,0.0,0.0,0.0,0.0,0.0,0.0,0.0,0.0,0.0,0.0,0.0,0.0,0.0,0.0,0.0,0.0,0.0,0.0,0.0,0.0,0.0,0.0,0.0,0.0,0.0,0.0,0.0,0.0,0.0,0.0,0.0,0.0,0.0,0.0,0.0,0.0,0.0,0.0,0.0,0.0,0.0,0.0,0.0,0.0,0.0,0.0,0.0,0.0,0.0,0.0,0.0,0.0,0.0,0.0,0.0,0.0,0.0,0.0,0.0,0.0,0.0,0.0,0.0,0.0,0.0,9.802960494069208e-5,9.802960494069208e-5,9.802960494069208e-5,9.802960494069208e-5
0.001771722358592296,0.000209478437957063,0.00024577319027546316,0.0002323354705617096,0.0,0.0,0.0,0.0,0.0,0.0,0.0,0.0,0.0,0.0,0.0,0.0,0.0,0.0,0.0,0.0,0.0,0.0,0.0,0.0,0.0,0.0,0.0,0.0,0.0,0.0,0.0,0.0,0.0,0.0,0.0,0.0,0.0,0.0,0.0,0.0,0.0,0.0,0.0,0.0,0.0,0.0,0.0,0.0,0.0,0.0,0.0,0.0,0.0,0.0,0.0,0.0,0.0,0.0,0.0,0.0,0.0,0.0,0.0,0.0,0.0,0.0,0.0,0.0,0.0,0.0,0.0,0.0,0.0,0.0,0.0,0.0,0.0,0.0,0.0,0.0,0.0,0.0,0.0,0.0,0.0,0.0,0.0,0.0,0.0,0.0,0.0,0.0,0.0,0.0,0.0,0.0,0.0,9.802960494069208e-5,9.802960494069208e-5,9.802960494069208e-5,9.802960494069208e-5
0.001741876577786493,0.0002319817635525929,0.00024264989512792862,0.00024507104862268403,0.0,0.0,0.0,0.0,0.0,0.0,0.0,0.0,0.0,0.0,0.0,0.0,0.0,0.0,0.0,0.0,0.0,0.0,0.0,0.0,0.0,0.0,0.0,0.0,0.0,0.0,0.0,0.0,0.0,0.0,0.0,0.0,0.0,0.0,0.0,0.0,0.0,0.0,0.0,0.0,0.0,0.0,0.0,0.0,0.0,0.0,0.0,0.0,0.0,0.0,0.0,0.0,0.0,0.0,0.0,0.0,0.0,0.0,0.0,0.0,0.0,0.0,0.0,0.0,0.0,0.0,0.0,0.0,0.0,0.0,0.0,0.0,0.0,0.0,0.0,0.0,0.0,0.0,0.0,0.0,0.0,0.0,0.0,0.0,0.0,0.0,0.0,0.0,0.0,0.0,0.0,0.0,0.0,9.802960494069208e-5,9.802960494069208e-5,9.802960494069208e-5,9.802960494069208e-5
0.0017156507322811504,0.00027519182629154,0.00028011537986471916,0.00028378989510832264,0.0,0.0,0.0,0.0,0.0,0.0,0.0,0.0,0.0,0.0,0.0,0.0,0.0,0.0,0.0,0.0,0.0,0.0,0.0,0.0,0.0,0.0,0.0,0.0,0.0,0.0,0.0,0.0,0.0,0.0,0.0,0.0,0.0,0.0,0.0,0.0,0.0,0.0,0.0,0.0,0.0,0.0,0.0,0.0,0.0,0.0,0.0,0.0,0.0,0.0,0.0,0.0,0.0,0.0,0.0,0.0,0.0,0.0,0.0,0.0,0.0,0.0,0.0,0.0,0.0,0.0,0.0,0.0,0.0,0.0,0.0,0.0,0.0,0.0,0.0,0.0,0.0,0.0,0.0,0.0,0.0,0.0,0.0,0.0,0.0,0.0,0.0,0.0,0.0,0.0,0.0,0.0,0.0,9.802960494069208e-5,9.802960494069208e-5,9.802960494069208e-5,9.802960494069208e-5
0.001623889650034311,0.0003135420684246643,0.0002683588942260563,0.00026399825899421625,0.0,0.0,0.0,0.0,0.0,0.0,0.0,0.0,0.0,0.0,0.0,0.0,0.0,0.0,0.0,0.0,0.0,0.0,0.0,0.0,0.0,0.0,0.0,0.0,0.0,0.0,0.0,0.0,0.0,0.0,0.0,0.0,0.0,0.0,0.0,0.0,0.0,0.0,0.0,0.0,0.0,0.0,0.0,0.0,0.0,0.0,0.0,0.0,0.0,0.0,0.0,0.0,0.0,0.0,0.0,0.0,0.0,0.0,0.0,0.0,0.0,0.0,0.0,0.0,0.0,0.0,0.0,0.0,0.0,0.0,0.0,0.0,0.0,0.0,0.0,0.0,0.0,0.0,0.0,0.0,0.0,0.0,0.0,0.0,0.0,0.0,0.0,0.0,0.0,0.0,0.0,0.0,0.0,9.802960494069208e-5,9.802960494069208e-5,9.802960494069208e-5,9.802960494069208e-5
0.0017315949416723858,0.00028466307224781883,0.0002553986864032938,0.00024768806979707874,0.0,0.0,0.0,0.0,0.0,0.0,0.0,0.0,0.0,0.0,0.0,0.0,0.0,0.0,0.0,0.0,0.0,0.0,0.0,0.0,0.0,0.0,0.0,0.0,0.0,0.0,0.0,0.0,0.0,0.0,0.0,0.0,0.0,0.0,0.0,0.0,0.0,0.0,0.0,0.0,0.0,0.0,0.0,0.0,0.0,0.0,0.0,0.0,0.0,0.0,0.0,0.0,0.0,0.0,0.0,0.0,0.0,0.0,0.0,0.0,0.0,0.0,0.0,0.0,0.0,0.0,0.0,0.0,0.0,0.0,0.0,0.0,0.0,0.0,0.0,0.0,0.0,0.0,0.0,0.0,0.0,0.0,0.0,0.0,0.0,0.0,0.0,0.0,0.0,0.0,0.0,0.0,0.0,9.802960494069208e-5,9.802960494069208e-5,9.802960494069208e-5,9.802960494069208e-5
0.001730535633761397,0.00026564425056367023,0.0001966439564748554,0.00017774914224095677,0.0,0.0,0.0,0.0,0.0,0.0,0.0,0.0,0.0,0.0,0.0,0.0,0.0,0.0,0.0,0.0,0.0,0.0,0.0,0.0,0.0,0.0,0.0,0.0,0.0,0.0,0.0,0.0,0.0,0.0,0.0,0.0,0.0,0.0,0.0,0.0,0.0,0.0,0.0,0.0,0.0,0.0,0.0,0.0,0.0,0.0,0.0,0.0,0.0,0.0,0.0,0.0,0.0,0.0,0.0,0.0,0.0,0.0,0.0,0.0,0.0,0.0,0.0,0.0,0.0,0.0,0.0,0.0,0.0,0.0,0.0,0.0,0.0,0.0,0.0,0.0,0.0,0.0,0.0,0.0,0.0,0.0,0.0,0.0,0.0,0.0,0.0,0.0,0.0,0.0,0.0,0.0,0.0,9.802960494069208e-5,9.802960494069208e-5,9.802960494069208e-5,9.802960494069208e-5
0.001455700421527302,0.00020982256641505735,0.00018810900892069402,0.00014175080874424074,0.0,0.0,0.0,0.0,0.0,0.0,0.0,0.0,0.0,0.0,0.0,0.0,0.0,0.0,0.0,0.0,0.0,0.0,0.0,0.0,0.0,0.0,0.0,0.0,0.0,0.0,0.0,0.0,0.0,0.0,0.0,0.0,0.0,0.0,0.0,0.0,0.0,0.0,0.0,0.0,0.0,0.0,0.0,0.0,0.0,0.0,0.0,0.0,0.0,0.0,0.0,0.0,0.0,0.0,0.0,0.0,0.0,0.0,0.0,0.0,0.0,0.0,0.0,0.0,0.0,0.0,0.0,0.0,0.0,0.0,0.0,0.0,0.0,0.0,0.0,0.0,0.0,0.0,0.0,0.0,0.0,0.0,0.0,0.0,0.0,0.0,0.0,0.0,0.0,0.0,0.0,0.0,0.0,9.802960494069208e-5,9.802960494069208e-5,9.802960494069208e-5,9.802960494069208e-5
0.0010198117831585144,0.0001471130281344966,0.00012577198313890793,0.00010259778453092833,0.0,0.0,0.0,0.0,0.0,0.0,0.0,0.0,0.0,0.0,0.0,0.0,0.0,0.0,0.0,0.0,0.0,0.0,0.0,0.0,0.0,0.0,0.0,0.0,0.0,0.0,0.0,0.0,0.0,0.0,0.0,0.0,0.0,0.0,0.0,0.0,0.0,0.0,0.0,0.0,0.0,0.0,0.0,0.0,0.0,0.0,0.0,0.0,0.0,0.0,0.0,0.0,0.0,0.0,0.0,0.0,0.0,0.0,0.0,0.0,0.0,0.0,0.0,0.0,0.0,0.0,0.0,0.0,0.0,0.0,0.0,0.0,0.0,0.0,0.0,0.0,0.0,0.0,0.0,0.0,0.0,0.0,0.0,0.0,0.0,0.0,0.0,0.0,0.0,0.0,0.0,0.0,0.0,9.802960494069208e-5,9.802960494069208e-5,9.802960494069208e-5,9.802960494069208e-5
0.0008714831879227532,0.0001039113812371336,0.00010195078913831977,9.9009900990099e-5,0.0,0.0,0.0,0.0,0.0,0.0,0.0,0.0,0.0,0.0,0.0,0.0,0.0,0.0,0.0,0.0,0.0,0.0,0.0,0.0,0.0,0.0,0.0,0.0,0.0,0.0,0.0,0.0,0.0,0.0,0.0,0.0,0.0,0.0,0.0,0.0,0.0,0.0,0.0,0.0,0.0,0.0,0.0,0.0,0.0,0.0,0.0,0.0,0.0,0.0,0.0,0.0,0.0,0.0,0.0,0.0,0.0,0.0,0.0,0.0,0.0,0.0,0.0,0.0,0.0,0.0,0.0,0.0,0.0,0.0,0.0,0.0,0.0,0.0,0.0,0.0,0.0,0.0,0.0,0.0,0.0,0.0,0.0,0.0,0.0,0.0,0.0,0.0,0.0,0.0,0.0,0.0,0.0,9.802960494069208e-5,9.802960494069208e-5,9.802960494069208e-5,9.802960494069208e-5
0.0007695323987844335,0.00010979315753357513,0.00010097049308891284,9.802960494069208e-5,0.0,0.0,0.0,0.0,0.0,0.0,0.0,0.0,0.0,0.0,0.0,0.0,0.0,0.0,0.0,0.0,0.0,0.0,0.0,0.0,0.0,0.0,0.0,0.0,0.0,0.0,0.0,0.0,0.0,0.0,0.0,0.0,0.0,0.0,0.0,0.0,0.0,0.0,0.0,0.0,0.0,0.0,0.0,0.0,0.0,0.0,0.0,0.0,0.0,0.0,0.0,0.0,0.0,0.0,0.0,0.0,0.0,0.0,0.0,0.0,0.0,0.0,0.0,0.0,0.0,0.0,0.0,0.0,0.0,0.0,0.0,0.0,0.0,0.0,0.0,0.0,0.0,0.0,0.0,0.0,0.0,0.0,0.0,0.0,0.0,0.0,0.0,0.0,0.0,0.0,0.0,0.0,0.0,9.802960494069208e-5,9.802960494069208e-5,9.802960494069208e-5,9.802960494069208e-5
0.0004891677286540539,9.9009900990099e-5,9.802960494069208e-5,9.802960494069208e-5,0.0,0.0,0.0,0.0,0.0,0.0,0.0,0.0,0.0,0.0,0.0,0.0,0.0,0.0,0.0,0.0,0.0,0.0,0.0,0.0,0.0,0.0,0.0,0.0,0.0,0.0,0.0,0.0,0.0,0.0,0.0,0.0,0.0,0.0,0.0,0.0,0.0,0.0,0.0,0.0,0.0,0.0,0.0,0.0,5.416799961285448e-7,6.6744292265130825e-6,2.018956913079071e-5,2.4224668952165577e-5,3.1854801776033244e-5,3.285261900809949e-5,3.604718941398354e-5,2.5652686942268413e-5,2.7089273115506133e-5,1.5780137078822673e-5,1.1514077432929198e-5,5.9888070312732155e-6,3.185480177603324e-6,1.3594354358968116e-6,3.852923100254633e-7,0.0,0.0,0.0,0.0,0.0,0.0,0.0,0.0,0.0,0.0,0.0,0.0,0.0,0.0,0.0,0.0,0.0,0.0,0.0,0.0,0.0,0.0,0.0,0.0,0.0,0.0,0.0,0.0,0.0,0.0,0.0,0.0,0.0,0.0,9.802960494069208e-5,9.802960494069208e-5,9.802960494069208e-5,9.802960494069208e-5
0.00019605920988138425,9.802960494069208e-5,9.802960494069208e-5,9.802960494069208e-5,0.0,0.0,0.0,0.0,0.0,0.0,0.0,0.0,0.0,0.0,0.0,0.0,0.0,0.0,0.0,0.0,0.0,0.0,0.0,0.0,0.0,0.0,0.0,0.0,0.0,0.0,0.0,0.0,0.0,0.0,0.0,0.0,0.0,0.0,0.0,0.0,0.0,0.0,0.0,0.0,0.0,0.0,2.6762321259422136e-5,0.00013309267668698611,0.00023466979556259457,0.0005397642271114506,0.0007946889285249291,0.0009610647024095065,0.001063784332567618,0.00097476746602697,0.0005179809087825589,0.0006095145093345446,0.00023714738381671953,0.0003051827705190652,0.00010149064533595177,8.318484905158396e-5,1.3407638392031108e-5,1.3059968477833498e-6,0.0,3.604718941398354e-7,0.0,0.0,0.0,0.0,0.0,0.0,0.0,0.0,0.0,0.0,0.0,0.0,0.0,0.0,0.0,0.0,0.0,0.0,0.0,0.0,0.0,0.0,0.0,0.0,0.0,0.0,0.0,0.0,0.0,0.0,0.0,0.0,0.0,9.802960494069208e-5,9.802960494069208e-5,9.802960494069208e-5,9.802960494069208e-5
9.802960494069208e-5,9.802960494069208e-5,9.802960494069208e-5,9.802960494069208e-5,0.0,0.0,0.0,0.0,0.0,0.0,0.0,0.0,0.0,0.0,0.0,0.0,0.0,0.0,0.0,0.0,0.0,0.0,0.0,0.0,0.0,0.0,0.0,0.0,0.0,0.0,0.0,0.0,0.0,0.0,0.0,0.0,0.0,0.0,0.0,0.0,0.0,0.0,0.0,3.1943658396778045e-5,8.465360861926404e-5,0.0004275448506369239,0.0009083253301451333,0.0014027942071580476,0.001984443785696188,0.002345534745777787,0.0029584540326799396,0.0020368858320945773,0.001751560994343203,0.002057271213312548,0.0019182040711028423,0.001263737128268994,0.0009596679885663442,0.0007700955388501555,0.0003854531586142684,0.00025697009269812053,0.00015586432043459617,9.746633166446994e-5,1.7814893809430626e-5,2.0883611136270187e-5,2.6306254798878975e-5,2.3832805460169602e-5,1.554728825640275e-5,4.4457783883660375e-6,2.3072106467752575e-6,2.1929451590266525e-6,4.0783063076904344e-8,1.3594354358968116e-8,0.0,0.0,0.0,0.0,0.0,0.0,0.0,0.0,0.0,0.0,0.0,0.0,0.0,0.0,0.0,0.0,0.0,0.0,0.0,0.0,0.0,0.0,0.0,0.0,0.0,9.802960494069208e-5,9.802960494069208e-5,9.802960494069208e-5,9.802960494069208e-5
9.802960494069208e-5,9.802960494069208e-5,9.802960494069208e-5,9.802960494069208e-5,0.0,0.0,0.0,0.0,0.0,0.0,0.0,0.0,0.0,0.0,0.0,0.0,0.0,0.0,0.0,0.0,0.0,0.0,0.0,0.0,0.0,0.0,0.0,0.0,0.0,0.0,0.0,0.0,0.0,0.0,0.0,0.0,0.0,0.0,0.0,0.0,0.0,0.0,0.00020730053735794752,0.0005431040640276428,0.0009124007123551417,0.0017336581575661614,0.002380329230073414,0.0021493085628538438,0.002333174871825966,0.0020734970087630204,0.0018800433542378637,0.0018125765971653825,0.0017228724002004358,0.001748641935103496,0.0015872476815542616,0.0013908940479764908,0.0013001208050701218,0.0009046054135183049,0.0005560686468751824,0.0004959673259254505,0.0005904604334737699,0.0006601786759118551,0.00044851798591542515,0.0005576718038002987,0.00023640219636101358,0.0002664336187362981,0.00012677039926575398,5.838805539958711e-5,3.515412535316062e-5,6.133678601431278e-6,4.280622070720254e-7,1.274669687588209e-7,2.5233032589793867e-8,7.209437882796708e-9,0.0,0.0,0.0,0.0,0.0,0.0,0.0,0.0,0.0,0.0,0.0,0.0,0.0,0.0,0.0,0.0,0.0,0.0,0.0,0.0,0.0,0.0,0.0,9.802960494069208e-5,9.802960494069208e-5,9.802960494069208e-5,9.802960494069208e-5
9.802960494069208e-5,9.802960494069208e-5,9.802960494069208e-5,9.802960494069208e-5,0.0,0.0,0.0,0.0,0.0,0.0,0.0,0.0,0.0,0.0,0.0,0.0,0.0,0.0,0.0,0.0,0.0,0.0,0.0,0.0,0.0,0.0,0.0,0.0,0.0,0.0,0.0,0.0,0.0,0.0,0.0,0.0,0.0,0.0,0.0,0.0,3.349033084664042e-5,0.00011678236969022324,0.00014198356437552574,0.0005739616550049031,0.000906851599039822,0.0014881592854570462,0.002821566695903144,0.0028870271305186336,0.003352142585982651,0.0030940371477416605,0.0027874238157030405,0.0023525131965245246,0.0019356945814676158,0.0012932144236689107,0.0015700179981024205,0.00157320867010731,0.0018180076488293847,0.0014945429400580424,0.0014736751207419544,0.0009339099274364366,0.0005383843029757194,0.0003194873289033594,0.00012971035960161506,8.015682105645019e-5,4.7433178813610435e-5,4.324521739187258e-5,2.4270392755660957e-5,5.254881661048541e-5,1.8614963991062832e-5,1.9149410805345757e-5,1.3939034378024939e-5,2.983834709100412e-6,1.6033404428487564e-6,7.125957523772251e-7,0.0,1.7814893809430627e-7,0.0,0.0,0.0,0.0,0.0,0.0,0.0,0.0,0.0,0.0,0.0,0.0,0.0,0.0,0.0,0.0,0.0,0.0,0.0,0.0,0.0,9.802960494069208e-5,9.802960494069208e-5,9.802960494069208e-5,9.802960494069208e-5
9.802960494069208e-5,9.802960494069208e-5,9.802960494069208e-5,9.802960494069208e-5,0.0,0.0,0.0,0.0,0.0,0.0,0.0,0.0,0.0,0.0,0.0,0.0,0.0,0.0,0.0,0.0,0.0,0.0,0.0,0.0,0.0,0.0,0.0,0.0,0.0,0.0,0.0,0.0,0.0,0.0,0.0,0.0,0.0,0.0,0.00014071579970638572,0.00032663460886453953,0.000766863605862929,0.0013898940650930243,0.00166230212004372,0.0019112231126632044,0.002000843155664208,0.002056556187403595,0.001716167041856934,0.0018359059686625806,0.00187204950714156,0.0017101647769998793,0.0014553043134672586,0.0012456098023555398,0.0011041628074526654,0.0008254666883130611,0.0005457680677668221,0.00032248725646933946,0.00017840851716814833,3.7367937822051404e-5,7.272030595317539e-5,0.00014544061190635077,0.00029135787992190493,0.000438540991690629,0.0004037996661094789,0.0002614168668054452,0.00019230523304395158,3.2485376639673305e-5,2.3034638386470673e-5,1.2649915031408454e-5,7.854568958960576e-5,9.281518813816667e-5,0.00014268114247971552,0.00013719671286758356,6.905712446170696e-5,2.9162509082415393e-5,1.0371894466756564e-6,4.845142358228042e-7,4.38370022887299e-7,2.0764895820977318e-7,9.22884258710103e-8,2.3072106467752575e-8,0.0,0.0,0.0,0.0,0.0,0.0,0.0,0.0,0.0,0.0,0.0,0.0,0.0,0.0,0.0,0.0,0.0,9.802960494069208e-5,9.802960494069208e-5,9.802960494069208e-5,9.802960494069208e-5
9.802960494069208e-5,9.802960494069208e-5,9.802960494069208e-5,9.802960494069208e-5,0.0,0.0,0.0,0.0,0.0,0.0,0.0,0.0,0.0,0.0,0.0,0.0,0.0,0.0,0.0,0.0,0.0,0.0,0.0,0.0,0.0,0.0,0.0,0.0,0.0,0.0,0.0,0.0,0.0,0.0,0.0,0.0,0.0,4.815397379834415e-5,8.039765327046876e-5,0.0002274252736320862,0.00034004006549024745,0.0004711907839907548,0.0006060758236792201,0.0006395953777919186,0.0006945306839229348,0.0006198584529311618,0.0007940568680816975,0.0006497238257838979,0.0007653694726570784,0.0005568533594073221,0.0005142368425061721,0.00040141849078495967,0.00031673483873351503,0.0003149740624061832,0.00026849043698085984,0.00035823365866376276,0.0003325942035751678,0.00030761929992375507,0.0003063489070894513,0.00037436392099637276,0.0002041451670415741,0.0001524006731442913,0.00013177245329288852,9.133618555022123e-5,0.0001694567793259609,0.0002037249972793965,0.000212601219991121,0.0002874346571555509,0.00013853511172073015,8.28798739775064e-5,0.00012915993436772268,9.800967503565252e-6,2.1101991259947655e-6,2.1548736904368365e-6,7.384133590230398e-6,6.331956813420192e-6,5.97905612445269e-6,3.5162281965776e-6,5.625475717767238e-6,1.7578422112016208e-6,0.0,0.0,0.0,0.0,0.0,0.0,0.0,0.0,0.0,0.0,0.0,0.0,0.0,0.0,0.0,0.0,0.0,9.802960494069208e-5,9.802960494069208e-5,9.802960494069208e-5,9.802960494069208e-5
9.802960494069208e-5,9.802960494069208e-5,9.802960494069208e-5,9.802960494069208e-5,0.0,0.0,0.0,0.0,0.0,0.0,0.0,0.0,0.0,0.0,0.0,0.0,0.0,0.0,0.0,0.0,0.0,0.0,0.0,0.0,0.0,0.0,0.0,0.0,0.0,0.0,0.0,0.0,0.0,0.0,0.0,5.521583973840529e-7,3.148183219597593e-5,0.0001457133098447111,0.00023715445672785497,0.0004077005508135147,0.00047359434969625094,0.0005602558143950627,0.0006086800393145646,0.0004896205057196107,0.0005124055361015515,0.0004934031527696416,0.0005061821108734673,0.0004017819553485594,0.00044192838057445966,0.0005942085643582019,0.0006045338661941848,0.0006818494899449159,0.000764831531800091,0.000587342587385595,0.0005237993130745913,0.00044151041182461157,0.00017410754130309567,0.00015617990894848454,0.00010029567104287228,0.00013817396346206743,0.00016757765433925812,0.00019004369354393808,0.0001805355953972071,0.00023482348237963054,0.00021666389441753702,0.00018850494100224334,0.0002184623349752684,0.0002202094313429206,0.00022643192387422528,0.00015186369742613073,9.34253286102599e-5,5.40992876657511e-5,2.7870249586738266e-5,9.979182681095713e-6,1.5331607333999153e-6,9.721624742928545e-7,1.274669687588209e-9,0.0,0.0,0.0,0.0,0.0,0.0,0.0,0.0,0.0,0.0,0.0,0.0,0.0,0.0,0.0,0.0,0.0,0.0,0.0,0.0,9.802960494069208e-5,9.802960494069208e-5,9.802960494069208e-5,9.802960494069208e-5
9.802960494069208e-5,9.802960494069208e-5,9.802960494069208e-5,9.802960494069208e-5,0.0,0.0,0.0,0.0,0.0,0.0,0.0,0.0,0.0,0.0,0.0,0.0,0.0,0.0,0.0,0.0,0.0,0.0,0.0,0.0,0.0,0.0,0.0,0.0,0.0,0.0,0.0,0.0,0.0,1.4305845686673463e-5,5.235283348893034e-5,6.540159417454838e-5,0.00013387491756558677,0.0002510640859488047,0.00021611456698594737,0.0003229010382513036,0.0002813475402630454,0.00028880624463085736,0.0002482877666470226,0.0001982968879666755,0.0002273359151290541,0.00036910930386147397,0.0005738660332174462,0.0007627403110520404,0.000782927904593149,0.0007702111409202718,0.0007121454258957793,0.0006429316437074602,0.0008069377154288978,0.0006945269081253436,0.0009125850735095945,0.0007908815930282957,0.0007579333066147861,0.0007414334957184957,0.0005818522992578978,0.0005749102593202358,0.0003812656837248618,0.0002679772909067171,0.00019972941549138132,0.00013408619843850435,9.383760452152476e-5,5.97316182998843e-5,4.2596443512147144e-5,2.8029214539854658e-5,2.5663201567278136e-5,2.309752236979012e-5,1.798407381824986e-5,8.025932731693617e-6,8.113595685653566e-6,6.9307107066694085e-6,1.8712749010127429e-6,1.6195506445767196e-6,0.0,0.0,0.0,0.0,0.0,0.0,0.0,0.0,0.0,0.0,0.0,0.0,0.0,0.0,0.0,0.0,0.0,0.0,0.0,0.0,0.0,9.802960494069208e-5,9.802960494069208e-5,9.802960494069208e-5,9.802960494069208e-5
9.802960494069208e-5,9.802960494069208e-5,9.802960494069208e-5,9.802960494069208e-5,0.0,0.0,0.0,0.0,0.0,0.0,0.0,0.0,0.0,0.0,0.0,0.0,0.0,0.0,0.0,0.0,0.0,0.0,0.0,0.0,0.0,0.0,0.0,0.0,0.0,0.0,0.0,0.0,1.1779402959850238e-8,1.174591409627121e-7,1.553831458563521e-5,3.8779295221148786e-5,0.00014196516979535516,0.00029728970178359365,0.00048567978144709256,0.0006048060641628622,0.0006680831198046918,0.0006458203258070645,0.0005976544391612491,0.000641125348094775,0.0005609393909634525,0.000608395457186875,0.0007883507798065129,0.0008592955909167876,0.000818701011953356,0.0007813739800385357,0.0006113410916703078,0.0003893234240732752,0.0002577375747070817,0.0002509446568646391,0.00019996931608750007,0.0002602874495808284,0.0002025499788764827,0.00033366096097513145,0.00034139572594186324,0.0003694120114139005,0.0003158638396709373,0.0003349279698382351,0.00028322982836496985,0.00027452112050899185,0.0002577461394324919,0.0002848900580121432,0.00024920898378057036,0.0002924846356940782,0.00021517326216341176,0.00018011036911679936,0.0001486799505746589,9.952121228043622e-5,0.00010483841520867829,5.2793308872811314e-5,3.189018299866815e-5,1.9135891288581824e-5,2.12601219991121e-6,0.0,0.0,0.0,0.0,0.0,0.0,0.0,0.0,0.0,0.0,0.0,0.0,0.0,0.0,0.0,0.0,0.0,0.0,0.0,0.0,9.802960494069208e-5,9.802960494069208e-5,9.802960494069208e-5,9.802960494069208e-5
9.802960494069208e-5,9.802960494069208e-5,9.802960494069208e-5,9.802960494069208e-5,0.0,0.0,0.0,0.0,0.0,0.0,0.0,0.0,0.0,0.0,0.0,0.0,0.0,0.0,0.0,0.0,0.0,0.0,0.0,0.0,0.0,0.0,0.0,0.0,0.0,0.0,2.6346479471248756e-6,1.1643843780737758e-6,1.3016359064643585e-6,2.434503592811547e-5,5.5215839738405296e-5,0.00013962948020502922,0.00024947445682028447,0.0004012289948126986,0.00042299398480854687,0.0005715270898800328,0.0004990637417274313,0.0007010410825720185,0.00040398090218259617,0.0004563094345885299,0.0004838858298946805,0.0006034590111279372,0.0005726613429245316,0.0005086834846725959,0.00034975162876559794,0.0004956482272612719,0.0003891266364827679,0.000476134533214599,0.0005602534220507923,0.0004698053314097918,0.0004315060904393034,0.00039602364226931386,0.0002799911227799021,0.0001778689464145527,0.00013995546969203286,0.0001571734412597546,0.00014567955847628061,0.00016053115210310517,0.00017201389274767876,0.00016808448980721498,0.00019201153828864843,0.00016672964511817617,0.00014276307989590455,7.920180929899296e-5,8.020380887434954e-5,6.179240087103043e-5,2.808907611859165e-5,1.7032800763046517e-5,1.0883367566286167e-5,4.368223143491339e-6,0.0,0.0,0.0,0.0,0.0,0.0,0.0,0.0,0.0,0.0,0.0,0.0,0.0,0.0,0.0,0.0,0.0,0.0,0.0,0.0,0.0,0.0,0.0,9.802960494069208e-5,9.802960494069208e-5,9.802960494069208e-5,9.802960494069208e-5
9.802960494069208e-5,9.802960494069208e-5,9.802960494069208e-5,9.802960494069208e-5,0.0,0.0,0.0,0.0,0.0,0.0,0.0,0.0,0.0,0.0,0.0,0.0,0.0,0.0,0.0,0.0,0.0,0.0,0.0,0.0,0.0,0.0,0.0,0.0,0.0,0.0,0.0,0.0,1.5970030273624026e-6,3.194006054724805e-6,7.214607243963713e-6,1.0543209268028948e-5,1.7617784237228764e-5,8.131380132923953e-5,0.00012511384301248685,0.00024669311073408876,0.00039323755273094506,0.0004216421372354076,0.0004826852576262251,0.00047576087811930474,0.0004899832350032313,0.000620411984573592,0.0006974920319661582,0.0006608539269817111,0.0006393437864981416,0.0005376232958134578,0.0004073878062992124,0.0003382279285452885,0.0003432640854998204,0.00035172530294042676,0.00039817616074903835,0.0003475673530496442,0.00023151121782302557,0.00025185019708245303,0.00033440752747499104,0.00026645295974073326,0.0002908018243195099,0.0002808070316519187,0.00031579510122335875,0.0002724503379009091,0.00014284930706745394,8.501276150034698e-5,3.222559318889325e-5,1.712289203810271e-5,5.451154346839381e-6,1.307845350513436e-6,0.0,0.0,0.0,0.0,0.0,0.0,0.0,0.0,0.0,0.0,0.0,0.0,0.0,0.0,0.0,0.0,0.0,0.0,0.0,0.0,0.0,0.0,0.0,0.0,0.0,0.0,0.0,9.802960494069208e-5,9.802960494069208e-5,9.802960494069208e-5,9.802960494069208e-5
9.802960494069208e-5,9.802960494069208e-5,9.802960494069208e-5,9.802960494069208e-5,0.0,0.0,0.0,0.0,0.0,0.0,0.0,0.0,0.0,0.0,0.0,0.0,0.0,0.0,0.0,0.0,0.0,0.0,0.0,0.0,0.0,0.0,2.832689089993704e-6,1.8974917012655174e-5,4.500959247412062e-5,6.52777029054807e-5,9.792243178824283e-5,0.00012402440690177806,0.00012505669692579509,7.354541550655855e-5,9.575644213921117e-5,7.568106147732861e-5,0.0001198222984020528,0.000101490947165196,7.218314147796221e-5,5.3224648821564716e-5,3.275702036210998e-5,4.348298425334526e-5,0.0001011000597707155,0.0001675550107771205,0.00024897591497725316,0.0004487044463417238,0.0006130202728585074,0.0007184765717816586,0.0007955859273495764,0.0008344309882778811,0.0008262828466641713,0.0006468328238287454,0.0005723527747466026,0.00037034952186871026,0.0003078548202847101,0.00022053284201338795,0.00015689731747750444,0.00012147130735533831,0.00014718934597016684,0.00017742280293743602,0.00022055850155536079,0.00022215180555870437,0.00037266981010869037,0.00037529419240595,0.00033571604737572477,0.00022460874031964725,0.00018174066683687397,0.00010131845322326889,4.546355852196778e-5,2.3836731155745547e-5,0.0,0.0,0.0,0.0,0.0,0.0,0.0,0.0,0.0,0.0,0.0,0.0,0.0,0.0,0.0,0.0,0.0,0.0,0.0,0.0,0.0,0.0,0.0,0.0,0.0,0.0,0.0,9.802960494069208e-5,9.802960494069208e-5,9.802960494069208e-5,9.802960494069208e-5
9.802960494069208e-5,9.802960494069208e-5,9.802960494069208e-5,9.802960494069208e-5,0.0,0.0,0.0,0.0,0.0,0.0,0.0,0.0,0.0,0.0,0.0,0.0,0.0,0.0,0.0,0.0,0.0,0.0,0.0,0.0,0.0,0.0,1.1737541880376455e-6,5.00202547506341e-6,1.561011886001882e-5,5.4362472599384146e-5,0.00010225882524834134,0.00021969914119606256,0.00027003648379868116,0.00029530290432456136,0.0003752814128581085,0.0002129306718408005,0.00022704154105008124,0.00016692970998277,0.00032570960176801235,0.000296730203490588,0.0004058401092619707,0.0003439862822322736,0.0003441250131669692,0.00021424172946073067,0.0002224578202067082,0.00021234100686979204,0.00024858298619435644,0.0002531200113032658,0.0003302999663437813,0.0005042254262113793,0.00048261996237789726,0.0005223836706509951,0.00047950178403099856,0.00044614428749928874,0.0003102351212554894,0.00036002435498224664,0.0002419253190101428,0.00026249006877017027,0.00021551935597762073,0.00015723943945854113,0.00022032108109472883,0.00024200334653310364,0.00024894143570253896,0.00022357784136576192,0.00018650131094739928,0.00017737512841829156,7.168312074251773e-5,5.418855169525108e-5,9.095663072984035e-6,0.0,0.0,0.0,0.0,0.0,0.0,0.0,0.0,0.0,0.0,0.0,0.0,0.0,0.0,0.0,0.0,0.0,0.0,0.0,0.0,0.0,0.0,0.0,0.0,0.0,0.0,0.0,0.0,9.802960494069208e-5,9.802960494069208e-5,9.802960494069208e-5,9.802960494069208e-5
9.802960494069208e-5,9.802960494069208e-5,9.802960494069208e-5,9.802960494069208e-5,0.0,0.0,0.0,0.0,0.0,0.0,0.0,0.0,0.0,0.0,0.0,0.0,0.0,0.0,0.0,0.0,0.0,0.0,0.0,0.0,4.186107947378347e-9,1.256220770871625e-8,4.779871568599945e-7,7.086065774619445e-7,1.2831047975255373e-6,1.509573064979329e-6,2.4573513690863042e-6,3.4692561509982295e-6,8.543482856962487e-6,2.1446764617083927e-5,1.9781002164432285e-5,4.595688931854718e-5,9.227810475743683e-5,0.00012935545976870726,0.00028207078382616493,0.0003186598957044638,0.0002821512875246999,0.0002564028553202858,0.00028241288736993025,0.0002456893719330494,0.0003258277331971137,0.00023603547962691102,0.0003574206286104824,0.0004911146997698378,0.0005643163294492363,0.0006514513474885105,0.0005892389653946921,0.0005791027689943152,0.00047242403693997017,0.00030658770600270523,0.00035574249024057533,0.0002996172902120069,0.0003381743135965405,0.0003225703705226814,0.0003364825470890622,0.0002630012027738697,0.00036324074781906874,0.0002831553350235793,0.00035510498211401703,0.0003456215786370015,0.0003551150283999778,0.0003373916372878471,0.0002512579658284722,0.00011346608020834101,2.8247969896191714e-5,0.0,0.0,0.0,0.0,0.0,0.0,0.0,0.0,0.0,0.0,0.0,0.0,0.0,0.0,0.0,0.0,0.0,0.0,0.0,0.0,0.0,0.0,0.0,0.0,0.0,0.0,0.0,0.0,9.802960494069208e-5,9.802960494069208e-5,9.802960494069208e-5,9.802960494069208e-5
9.802960494069208e-5,9.802960494069208e-5,9.802960494069208e-5,9.802960494069208e-5,0.0,0.0,0.0,0.0,0.0,0.0,0.0,0.0,0.0,0.0,0.0,0.0,0.0,0.0,0.0,0.0,0.0,0.0,2.241103035476127e-9,4.8824030415729905e-9,1.23260666951187e-8,8.508329469526586e-6,1.862992798505978e-5,3.194006054724805e-5,5.5511751191591004e-5,5.530625402803267e-5,4.646831562836283e-5,4.3068441542378366e-5,3.4370062512359416e-5,2.5064901991693846e-5,2.686605367908457e-5,5.20780329088722e-5,5.5730229932671525e-5,0.00014877933720734636,0.00015362014850922554,0.000375426501162741,0.0003336633864957126,0.0004930504739937316,0.0004327845495173298,0.0003615940547407154,0.00028200050654845116,0.0003471032151916729,0.0003891146211062015,0.00043103326076192306,0.00046933804735400133,0.0005376622301486671,0.0005975614837092551,0.0005824935774168552,0.000575827655834751,0.0005523817355319668,0.0006458673857647137,0.0007004182420692668,0.0007970003008299024,0.0009033957050220165,0.0008641825687181154,0.0007249600014336528,0.0005074925638783168,0.00029006556934914297,0.00010168747919937983,1.279057597062168e-5,0.0,0.0,0.0,0.0,0.0,0.0,0.0,0.0,0.0,0.0,0.0,0.0,0.0,0.0,0.0,0.0,0.0,0.0,0.0,0.0,0.0,0.0,0.0,0.0,0.0,0.0,0.0,0.0,0.0,0.0,0.0,0.0,0.0,9.802960494069208e-5,9.802960494069208e-5,9.802960494069208e-5,9.802960494069208e-5
9.802960494069208e-5,9.802960494069208e-5,9.802960494069208e-5,9.802960494069208e-5,0.0,0.0,0.0,0.0,0.0,0.0,0.0,0.0,0.0,0.0,0.0,0.0,0.0,0.0,0.0,0.0,0.0,0.0,0.0,0.0,0.0,0.0,0.0,0.0,4.0641365423436773e-8,6.311409460558899e-8,1.6222291430240354e-7,6.8471094876047394e-6,2.5447023322504297e-7,5.935557131025641e-5,0.0001053337708951485,0.00023304014722864288,0.00036520731146178127,0.0004193039590672312,0.00047812662151159544,0.0005643643993734277,0.00045312724763473975,0.00024745257133822836,0.00030373993765667005,0.00036858869070085024,0.0005917780056274473,0.0006901607445480577,0.001052336622552063,0.0011626525859177654,0.0011696936628103282,0.0009437364368465509,0.0010231402459750386,0.0012075647014579626,0.001315711507338882,0.0013460480801443337,0.0011689833405975798,0.0007990000179374462,0.0007412387405773445,0.000704301361394441,0.00048439276197758817,0.0004918095596318339,0.00040282223743612187,0.0003811287845743761,0.00016526653708578688,0.00011200069647223101,6.799416688163876e-5,0.0,0.0,0.0,0.0,0.0,0.0,0.0,0.0,0.0,0.0,0.0,0.0,0.0,0.0,0.0,0.0,0.0,0.0,0.0,0.0,0.0,0.0,0.0,0.0,0.0,0.0,0.0,0.0,0.0,0.0,0.0,0.0,9.802960494069208e-5,9.802960494069208e-5,9.802960494069208e-5,9.802960494069208e-5
9.802960494069208e-5,9.802960494069208e-5,9.802960494069208e-5,9.802960494069208e-5,0.0,0.0,0.0,0.0,0.0,0.0,0.0,0.0,0.0,0.0,0.0,0.0,0.0,0.0,0.0,0.0,0.0,0.0,0.0,0.0,0.0,0.0,7.8489524013344e-8,1.5697904802668803e-7,1.5697904802668803e-7,5.232634934222934e-7,4.447739694089494e-7,5.755898427645229e-7,4.186107947378347e-7,1.5697904802668803e-7,1.0465269868445868e-7,1.5575792625701062e-6,1.0903054837990745e-5,5.992633442791712e-5,6.64150900881017e-5,0.000163007731877268,0.0002594338470429364,0.00031232732246246677,0.0005775902029890052,0.0005852642889598193,0.0006626899355393703,0.0007730667242744295,0.0009269020405902781,0.000990357189163957,0.0010243710262642397,0.0011911456520986568,0.0013225934671501913,0.0016454747917027611,0.0014149172564864873,0.0013011281549714618,0.0011804285211582306,0.00095565127115553,0.0009978461338000604,0.000922895026163941,0.0009624454466606435,0.0008350147108090008,0.0003936515209697254,0.0002567380821346035,7.08093533835735e-5,0.0,0.0,0.0,0.0,0.0,0.0,0.0,0.0,0.0,0.0,0.0,0.0,0.0,0.0,0.0,0.0,0.0,0.0,0.0,0.0,0.0,0.0,0.0,0.0,0.0,0.0,0.0,0.0,0.0,0.0,0.0,0.0,0.0,0.0,9.802960494069208e-5,9.802960494069208e-5,9.802960494069208e-5,9.802960494069208e-5
9.802960494069208e-5,9.802960494069208e-5,9.802960494069208e-5,9.802960494069208e-5,0.0,0.0,0.0,0.0,0.0,0.0,0.0,0.0,0.0,0.0,0.0,0.0,0.0,0.0,0.0,0.0,0.0,0.0,0.0,0.0,0.0,0.0,0.0,0.0,3.8838665812111993e-10,1.3593533034239198e-9,2.9128999359083994e-9,1.0171555265372766e-5,7.202536140605221e-5,7.379009892456596e-5,0.0001698496333898001,0.00043763555052762036,0.0005766131255294584,0.0008415794019744825,0.0008602333009735546,0.0004774724360535095,0.000474181647656555,0.00019869619358799042,0.00015575792625701062,0.0002996976869497799,0.0004622789059509862,0.0009431657638115937,0.0014147833628953635,0.0013026913855009798,0.0015464079020706808,0.001478536750567236,0.0015992833448854058,0.0014686630966821465,0.0012984717438120144,0.0015259054750791914,0.0012327617640533128,0.0007388817819393571,0.00043664129417098394,0.0001771251474144686,0.00013178826567134303,0.0,0.0,0.0,0.0,0.0,0.0,0.0,0.0,0.0,0.0,0.0,0.0,0.0,0.0,0.0,0.0,0.0,0.0,0.0,0.0,0.0,0.0,0.0,0.0,0.0,0.0,0.0,0.0,0.0,0.0,0.0,0.0,0.0,0.0,0.0,0.0,0.0,0.0,9.802960494069208e-5,9.802960494069208e-5,9.802960494069208e-5,9.802960494069208e-5
9.802960494069208e-5,9.802960494069208e-5,9.802960494069208e-5,9.802960494069208e-5,0.0,0.0,0.0,0.0,0.0,0.0,0.0,0.0,0.0,0.0,0.0,0.0,0.0,0.0,0.0,0.0,0.0,0.0,0.0,0.0,0.0,0.0,0.0,0.0,3.201575764965895e-8,7.203545471173263e-8,5.602757588690317e-8,1.2005909118622106e-7,1.6007878824829478e-7,1.2005909118622106e-7,1.2005909118622106e-7,6.40315152993179e-8,1.6007878824829475e-8,8.003939412414738e-9,1.6865566111458155e-5,0.00010119339666874893,0.00023611792556041413,0.00021925235944895597,0.000320445756117705,0.0004934783582311475,0.0002024499616804047,0.00011869063260704172,9.188406621557292e-5,0.0002768641143285528,0.0006008419103272728,0.0017574598866021928,0.0030661042996319313,0.004682066259979609,0.0048043053282244815,0.00481354717027132,0.004817324681696613,0.002860901501964677,0.001968989068461024,0.0009045917834867231,0.0004080820240842125,0.0001719862476020065,0.0,0.0,0.0,0.0,0.0,0.0,0.0,0.0,0.0,0.0,0.0,0.0,0.0,0.0,0.0,0.0,0.0,0.0,0.0,0.0,0.0,0.0,0.0,0.0,0.0,0.0,0.0,0.0,0.0,0.0,0.0,0.0,0.0,0.0,0.0,0.0,0.0,9.802960494069208e-5,9.802960494069208e-5,9.802960494069208e-5,9.802960494069208e-5
9.802960494069208e-5,9.802960494069208e-5,9.802960494069208e-5,9.802960494069208e-5,0.0,0.0,0.0,0.0,0.0,0.0,0.0,0.0,0.0,0.0,0.0,0.0,0.0,0.0,0.0,0.0,0.0,0.0,0.0,0.0,0.0,0.0,0.0,8.869459852136495e-8,2.1520464704338264e-7,2.2173649630341236e-7,8.16471288912848e-7,1.0160341355859193e-6,2.6163174671114668e-6,2.729763817113425e-6,3.313264027642038e-5,2.1570890511671736e-5,9.036481098386516e-5,0.0001385612600031868,0.00030733165964331533,0.0008441128936752378,0.001031135568334166,0.0012821288466375428,0.001095385824934652,0.001231053814837635,0.0017415561455242418,0.001794807919555342,0.002189204696001855,0.0027553653308966743,0.0029247641659620356,0.0023109851710728076,0.002030829208459696,0.001860588653098405,0.0015568848035952588,0.0018448269218828608,0.0015945890762157362,0.0017183382883229992,0.0010301136633472222,0.0005557630583570096,0.000377595137379287,0.0,0.0,0.0,0.0,0.0,0.0,0.0,0.0,0.0,0.0,0.0,0.0,0.0,0.0,0.0,0.0,0.0,0.0,0.0,0.0,0.0,0.0,0.0,0.0,0.0,0.0,0.0,0.0,0.0,0.0,0.0,0.0,0.0,0.0,0.0,0.0,0.0,0.0,9.802960494069208e-5,9.802960494069208e-5,9.802960494069208e-5,9.802960494069208e-5
9.802960494069208e-5,9.802960494069208e-5,9.802960494069208e-5,9.802960494069208e-5,0.0,0.0,0.0,0.0,0.0,0.0,0.0,0.0,0.0,0.0,0.0,0.0,0.0,0.0,0.0,0.0,0.0,0.0,0.0,0.0,0.0,0.0,0.0,0.0,0.0,0.0,0.0,0.0,0.0,1.9419332906055996e-8,1.9419332906055996e-8,3.2410416317675642e-6,2.9946358747202586e-5,3.8561142734206865e-5,5.91566603662549e-5,0.0001800518720727947,0.0005391771451176585,0.0005299796942923199,0.0007483965530647672,0.001059873313819969,0.001167305760701851,0.0009803359417475223,0.0009522341030764878,0.0009373823937874481,0.0011463129063449932,0.0014899344216110508,0.0017525742014614498,0.001887693220696825,0.0016016161525407276,0.0009945130818208808,0.0004928292087544743,0.00018586105342914766,5.5130475307397786e-5,0.0,0.0,0.0,0.0,0.0,0.0,0.0,0.0,0.0,0.0,0.0,0.0,0.0,0.0,0.0,0.0,0.0,0.0,0.0,0.0,0.0,0.0,0.0,0.0,0.0,0.0,0.0,0.0,0.0,0.0,0.0,0.0,0.0,0.0,0.0,0.0,0.0,0.0,0.0,0.0,9.9009900990099e-5,9.802960494069208e-5,0.00010195078913831977,0.0002891873345750418
9.802960494069208e-5,9.802960494069208e-5,9.802960494069208e-5,9.802960494069208e-5,0.0,0.0,0.0,0.0,0.0,0.0,0.0,0.0,0.0,0.0,0.0,0.0,0.0,0.0,0.0,0.0,0.0,0.0,0.0,0.0,0.0,0.0,0.0,0.0,0.0,0.0,0.0,0.0,0.0,0.0,0.0,8.003939412414738e-7,1.0528057151139977e-6,2.2173649630341238e-6,3.783356476942398e-6,1.2651004852201767e-5,2.054852147746453e-5,2.6478125839252057e-5,1.689673990783976e-5,7.617120756767511e-5,0.00011983168269599453,0.00024038056942324594,0.0004300998731543029,0.0007750122465822523,0.0010205844897252748,0.0010927557230318995,0.001013767151585968,0.0007302020558288867,0.00042850470860854057,0.00011236831355624541,5.0374067109987464e-5,0.0,0.0,0.0,0.0,0.0,0.0,0.0,0.0,0.0,0.0,0.0,0.0,0.0,0.0,0.0,0.0,0.0,0.0,0.0,0.0,0.0,0.0,0.0,0.0,0.0,0.0,0.0,0.0,0.0,0.0,0.0,0.0,0.0,0.0,0.0,0.0,0.0,0.0,0.0,0.0,0.0,0.0,9.802960494069208e-5,9.802960494069208e-5,9.9009900990099e-5,0.0002931085187726695
9.802960494069208e-5,9.802960494069208e-5,9.802960494069208e-5,9.802960494069208e-5,0.0,0.0,0.0,0.0,0.0,0.0,0.0,0.0,0.0,0.0,0.0,0.0,0.0,0.0,0.0,0.0,0.0,0.0,0.0,0.0,0.0,0.0,0.0,0.0,0.0,0.0,0.0,0.0,0.0,0.0,0.0,0.0,0.0,0.0,0.0,0.0,4.679934120532559e-7,1.9419332906055996e-6,6.909382516578675e-6,1.1959735755490066e-5,2.353447391942637e-5,3.191213820596386e-5,5.2401864057832664e-5,3.3614859508282425e-5,4.014347384480105e-5,2.5674975869293148e-5,2.1124365336032442e-5,1.1530642102710257e-5,1.123683135562454e-6,0.0,0.0,0.0,0.0,0.0,0.0,0.0,0.0,0.0,0.0,0.0,0.0,0.0,0.0,0.0,0.0,0.0,0.0,0.0,0.0,0.0,0.0,0.0,0.0,0.0,0.0,0.0,0.0,0.0,0.0,0.0,0.0,0.0,0.0,0.0,0.0,0.0,0.0,0.0,0.0,0.0,0.0,0.0,0.0,9.9009900990099e-5,9.9009900990099e-5,0.00010195078913831977,0.000876384668169788
9.802960494069208e-5,9.802960494069208e-5,9.802960494069208e-5,9.802960494069208e-5,0.0,0.0,0.0,0.0,0.0,0.0,0.0,0.0,0.0,0.0,0.0,0.0,0.0,0.0,0.0,0.0,0.0,0.0,0.0,0.0,0.0,0.0,0.0,0.0,0.0,0.0,0.0,0.0,0.0,0.0,0.0,0.0,0.0,0.0,0.0,0.0,0.0,0.0,0.0,0.0,0.0,0.0,0.0,0.0,0.0,0.0,0.0,0.0,0.0,0.0,0.0,0.0,0.0,0.0,0.0,0.0,0.0,0.0,0.0,0.0,0.0,0.0,0.0,0.0,0.0,0.0,0.0,0.0,0.0,0.0,0.0,0.0,0.0,0.0,0.0,0.0,0.0,0.0,0.0,0.0,0.0,0.0,0.0,0.0,0.0,0.0,0.0,0.0,0.0,0.0,0.0,0.0,0.0,9.802960494069208e-5,0.00010195078913831977,0.00011175374963238897,0.0008646211155769048
9.802960494069208e-5,9.802960494069208e-5,9.802960494069208e-5,9.802960494069208e-5,0.0,0.0,0.0,0.0,0.0,0.0,0.0,0.0,0.0,0.0,0.0,0.0,0.0,0.0,0.0,0.0,0.0,0.0,0.0,0.0,0.0,0.0,0.0,0.0,0.0,0.0,0.0,0.0,0.0,0.0,0.0,0.0,0.0,0.0,0.0,0.0,0.0,0.0,0.0,0.0,0.0,0.0,0.0,0.0,0.0,0.0,0.0,0.0,0.0,0.0,0.0,0.0,0.0,0.0,0.0,0.0,0.0,0.0,0.0,0.0,0.0,0.0,0.0,0.0,0.0,0.0,0.0,0.0,0.0,0.0,0.0,0.0,0.0,0.0,0.0,0.0,0.0,0.0,0.0,0.0,0.0,0.0,0.0,0.0,0.0,0.0,0.0,0.0,0.0,0.0,0.0,0.0,0.0,0.00010406822860503871,0.00011370453877070875,0.0001239094206450348,0.0011451132241937073
9.802960494069208e-5,9.802960494069208e-5,9.802960494069208e-5,9.802960494069208e-5,0.0,0.0,0.0,0.0,0.0,0.0,0.0,0.0,0.0,0.0,0.0,0.0,0.0,0.0,0.0,0.0,0.0,0.0,0.0,0.0,0.0,0.0,0.0,0.0,0.0,0.0,0.0,0.0,0.0,0.0,0.0,0.0,0.0,0.0,0.0,0.0,0.0,0.0,0.0,0.0,0.0,0.0,0.0,0.0,0.0,0.0,0.0,0.0,0.0,0.0,0.0,0.0,0.0,0.0,0.0,0.0,0.0,0.0,0.0,0.0,0.0,0.0,0.0,0.0,0.0,0.0,0.0,0.0,0.0,0.0,0.0,0.0,0.0,0.0,0.0,0.0,0.0,0.0,0.0,0.0,0.0,0.0,0.0,0.0,0.0,0.0,0.0,0.0,0.0,0.0,0.0,0.0,0.0,0.00014561317517890402,0.0001732771296931673,0.00019326536614057443,0.001500980296049408
9.802960494069208e-5,9.802960494069208e-5,9.802960494069208e-5,9.802960494069208e-5,0.0,0.0,0.0,0.0,0.0,0.0,0.0,0.0,0.0,0.0,0.0,0.0,0.0,0.0,0.0,0.0,0.0,0.0,0.0,0.0,0.0,0.0,0.0,0.0,0.0,0.0,0.0,0.0,0.0,0.0,0.0,0.0,0.0,0.0,0.0,0.0,0.0,0.0,0.0,0.0,0.0,0.0,0.0,0.0,0.0,0.0,0.0,0.0,0.0,0.0,0.0,0.0,0.0,0.0,0.0,0.0,0.0,0.0,0.0,0.0,0.0,0.0,0.0,0.0,0.0,0.0,0.0,0.0,0.0,0.0,0.0,0.0,0.0,0.0,0.0,0.0,0.0,0.0,0.0,0.0,0.0,0.0,0.0,0.0,0.0,0.0,0.0,0.0,0.0,0.0,0.0,0.0,0.0,0.00020248308989314774,0.0002219523576119988,0.00026208665817076753,0.0017741858641309688
9.802960494069208e-5,9.802960494069208e-5,9.802960494069208e-5,9.802960494069208e-5,0.0,0.0,0.0,0.0,0.0,0.0,0.0,0.0,0.0,0.0,0.0,0.0,0.0,0.0,0.0,0.0,0.0,0.0,0.0,0.0,0.0,0.0,0.0,0.0,0.0,0.0,0.0,0.0,0.0,0.0,0.0,0.0,0.0,0.0,0.0,0.0,0.0,0.0,0.0,0.0,0.0,0.0,0.0,0.0,0.0,0.0,0.0,0.0,0.0,0.0,0.0,0.0,0.0,0.0,0.0,0.0,0.0,0.0,0.0,0.0,0.0,0.0,0.0,0.0,0.0,0.0,0.0,0.0,0.0,0.0,0.0,0.0,0.0,0.0,0.0,0.0,0.0,0.0,0.0,0.0,0.0,0.0,0.0,0.0,0.0,0.0,0.0,0.0,0.0,0.0,0.0,0.0,0.0,0.00022374786785609254,0.0002705351436133712,0.00028402970297029703,0.001665528575629841
9.802960494069208e-5,9.802960494069208e-5,9.802960494069208e-5,9.802960494069208e-5,0.0,0.0,0.0,0.0,0.0,0.0,0.0,0.0,0.0,0.0,0.0,0.0,0.0,0.0,0.0,0.0,0.0,0.0,0.0,0.0,0.0,0.0,0.0,0.0,0.0,0.0,0.0,0.0,0.0,0.0,0.0,0.0,0.0,0.0,0.0,0.0,0.0,0.0,0.0,0.0,0.0,0.0,0.0,0.0,0.0,0.0,0.0,0.0,0.0,0.0,0.0,0.0,0.0,0.0,0.0,0.0,0.0,0.0,0.0,0.0,0.0,0.0,0.0,0.0,0.0,0.0,0.0,0.0,0.0,0.0,0.0,0.0,0.0,0.0,0.0,0.0,0.0,0.0,0.0,0.0,0.0,0.0,0.0,0.0,0.0,0.0,0.0,0.0,0.0,0.0,0.0,0.0,0.0,0.0003270335182825214,0.00025984308597196354,0.00027693007744338785,0.00172477195569062
9.802960494069208e-5,9.802960494069208e-5,9.802960494069208e-5,9.802960494069208e-5,0.0,0.0,0.0,0.0,0.0,0.0,0.0,0.0,0.0,0.0,0.0,0.0,0.0,0.0,0.0,0.0,0.0,0.0,0.0,0.0,0.0,0.0,0.0,0.0,0.0,0.0,0.0,0.0,0.0,0.0,0.0,0.0,0.0,0.0,0.0,0.0,0.0,0.0,0.0,0.0,0.0,0.0,0.0,0.0,0.0,0.0,0.0,0.0,0.0,0.0,0.0,0.0,0.0,0.0,0.0,0.0,0.0,0.0,0.0,0.0,0.0,0.0,0.0,0.0,0.0,0.0,0.0,0.0,0.0,0.0,0.0,0.0,0.0,0.0,0.0,0.0,0.0,0.0,0.0,0.0,0.0,0.0,0.0,0.0,0.0,0.0,0.0,0.0,0.0,0.0,0.0,0.0,0.0,0.0003276326851779237,0.0002721308401333202,0.0002923629487305166,0.0017671772737966876
9.802960494069208e-5,9.802960494069208e-5,9.802960494069208e-5,9.802960494069208e-5,0.0,0.0,0.0,0.0,0.0,0.0,0.0,0.0,0.0,0.0,0.0,0.0,0.0,0.0,0.0,0.0,0.0,0.0,0.0,0.0,0.0,0.0,0.0,0.0,0.0,0.0,0.0,0.0,0.0,0.0,0.0,0.0,0.0,0.0,0.0,0.0,0.0,0.0,0.0,0.0,0.0,0.0,0.0,0.0,0.0,0.0,0.0,0.0,0.0,0.0,0.0,0.0,0.0,0.0,0.0,0.0,0.0,0.0,0.0,0.0,0.0,0.0,0.0,0.0,0.0,0.0,0.0,0.0,0.0,0.0,0.0,0.0,0.0,0.0,0.0,0.0,0.0,0.0,0.0,0.0,0.0,0.0,0.0,0.0,0.0,0.0,0.0,0.0,0.0,0.0,0.0,0.0,0.0,0.0002597077682580139,0.0002636227833349672,0.00025859908356043525,0.0015931608293304588
9.802960494069208e-5,9.802960494069208e-5,9.802960494069208e-5,9.802960494069208e-5,0.0,0.0,0.0,0.0,0.0,0.0,0.0,0.0,0.0,0.0,0.0,0.0,0.0,0.0,0.0,0.0,0.0,0.0,0.0,0.0,0.0,0.0,0.0,0.0,0.0,0.0,0.0,0.0,0.0,0.0,0.0,0.0,0.0,0.0,0.0,0.0,0.0,0.0,0.0,0.0,0.0,0.0,0.0,0.0,0.0,0.0,0.0,0.0,0.0,0.0,0.0,0.0,0.0,0.0,0.0,0.0,0.0,0.0,0.0,0.0,0.0,0.0,0.0,0.0,0.0,0.0,0.0,0.0,0.0,0.0,0.0,0.0,0.0,0.0,0.0,0.0,0.0,0.0,0.0,0.0,0.0,0.0,0.0,0.0,0.0,0.0,0.0,0.0,0.0,0.0,0.0,0.0,0.0,0.00023292394631898832,0.00021746244053524164,0.0002175719271836094,0.0017856453501029319
9.802960494069208e-5,9.802960494069208e-5,9.802960494069208e-5,9.802960494069208e-5,0.0,0.0,0.0,0.0,0.0,0.0,0.0,0.0,0.0,0.0,0.0,0.0,0.0,0.0,0.0,0.0,0.0,0.0,0.0,0.0,0.0,0.0,0.0,0.0,0.0,0.0,0.0,0.0,0.0,0.0,0.0,0.0,0.0,0.0,0.0,0.0,0.0,0.0,0.0,0.0,0.0,0.0,0.0,0.0,0.0,0.0,0.0,0.0,0.0,0.0,0.0,0.0,0.0,0.0,0.0,0.0,0.0,0.0,0.0,0.0,0.0,0.0,0.0,0.0,0.0,0.0,0.0,0.0,0.0,0.0,0.0,0.0,0.0,0.0,0.0,0.0,0.0,0.0,0.0,0.0,0.0,0.0,0.0,0.0,0.0,0.0,0.0,0.0,0.0,0.0,0.0,0.0,0.0,0.0002227801168681502,0.00021084309322478187,0.0002303817739633369,0.0017965526289481432
9.802960494069208e-5,9.802960494069208e-5,9.802960494069208e-5,9.802960494069208e-5,0.0,0.0,0.0,0.0,0.0,0.0,0.0,0.0,0.0,0.0,0.0,0.0,0.0,0.0,0.0,0.0,0.0,0.0,0.0,0.0,0.0,0.0,0.0,0.0,0.0,0.0,0.0,0.0,0.0,0.0,0.0,0.0,0.0,0.0,0.0,0.0,0.0,0.0,0.0,0.0,0.0,0.0,0.0,0.0,0.0,0.0,0.0,0.0,0.0,0.0,0.0,0.0,0.0,0.0,0.0,0.0,0.0,0.0,0.0,0.0,0.0,0.0,0.0,0.0,0.0,0.0,0.0,0.0,0.0,0.0,0.0,0.0,0.0,0.0,0.0,0.0,0.0,0.0,0.0,0.0,0.0,0.0,0.0,0.0,0.0,0.0,0.0,0.0,0.0,0.0,0.0,0.0,0.0,0.00021233525792162364,0.0002137023787742378,0.00021742354139025585,0.001955697841549653
9.802960494069208e-5,9.802960494069208e-5,9.802960494069208e-5,9.802960494069208e-5,0.0,0.0,0.0,0.0,0.0,0.0,0.0,0.0,0.0,0.0,0.0,0.0,0.0,0.0,0.0,0.0,0.0,0.0,0.0,0.0,0.0,0.0,0.0,0.0,0.0,0.0,0.0,0.0,0.0,0.0,0.0,0.0,0.0,0.0,0.0,0.0,0.0,0.0,0.0,0.0,0.0,0.0,0.0,0.0,0.0,0.0,0.0,0.0,0.0,0.0,0.0,0.0,0.0,0.0,0.0,0.0,0.0,0.0,0.0,0.0,0.0,0.0,0.0,0.0,0.0,0.0,0.0,0.0,0.0,0.0,0.0,0.0,0.0,0.0,0.0,0.0,0.0,0.0,0.0,0.0,0.0,0.0,0.0,0.0,0.0,0.0,0.0,0.0,0.0,0.0,0.0,0.0,0.0,0.00019267083747818837,0.00021381110112959513,0.00022953779459102048,0.001834239584354476
9.802960494069208e-5,9.802960494069208e-5,9.802960494069208e-5,9.802960494069208e-5,0.0,0.0,0.0,0.0,0.0,0.0,0.0,0.0,0.0,0.0,0.0,0.0,0.0,0.0,0.0,0.0,0.0,0.0,0.0,0.0,0.0,0.0,0.0,0.0,0.0,0.0,0.0,0.0,0.0,0.0,0.0,0.0,0.0,0.0,0.0,0.0,0.0,0.0,0.0,0.0,0.0,0.0,0.0,0.0,0.0,0.0,0.0,0.0,0.0,0.0,0.0,0.0,0.0,0.0,0.0,0.0,0.0,0.0,0.0,0.0,0.0,0.0,0.0,0.0,0.0,0.0,0.0,0.0,0.0,0.0,0.0,0.0,0.0,0.0,0.0,0.0,0.0,0.0,0.0,0.0,0.0,0.0,0.0,0.0,0.0,0.0,0.0,0.0,0.0,0.0,0.0,0.0,0.0,0.00023495278892289085,0.00020793475241011957,0.0002245229811303783,0.002141299586836018
9.802960494069208e-5,9.802960494069208e-5,9.802960494069208e-5,9.802960494069208e-5,0.0,0.0,0.0,0.0,0.0,0.0,0.0,0.0,0.0,0.0,0.0,0.0,0.0,0.0,0.0,0.0,0.0,0.0,0.0,0.0,0.0,0.0,0.0,0.0,0.0,0.0,0.0,0.0,0.0,0.0,0.0,0.0,0.0,0.0,0.0,0.0,0.0,0.0,0.0,0.0,0.0,0.0,0.0,0.0,0.0,0.0,0.0,0.0,0.0,0.0,0.0,0.0,0.0,0.0,0.0,0.0,0.0,0.0,0.0,0.0,0.0,0.0,0.0,0.0,0.0,0.0,0.0,0.0,0.0,0.0,0.0,0.0,0.0,0.0,0.0,0.0,0.0,0.0,0.0,0.0,0.0,0.0,0.0,0.0,0.0,0.0,0.0,0.0,0.0,0.0,0.0,0.0,0.0,0.0002731714707865479,0.00026988727925000155,0.0002976651564109326,0.002811956040053176
9.802960494069208e-5,9.802960494069208e-5,9.802960494069208e-5,9.802960494069208e-5,0.0,0.0,0.0,0.0,0.0,0.0,0.0,0.0,0.0,0.0,0.0,0.0,0.0,0.0,0.0,0.0,0.0,0.0,0.0,0.0,0.0,0.0,0.0,0.0,0.0,0.0,0.0,0.0,0.0,0.0,0.0,0.0,0.0,0.0,0.0,0.0,0.0,0.0,0.0,0.0,0.0,0.0,0.0,0.0,0.0,0.0,0.0,0.0,0.0,0.0,0.0,0.0,0.0,0.0,0.0,0.0,0.0,0.0,0.0,0.0,0.0,0.0,0.0,0.0,0.0,0.0,0.0,0.0,0.0,0.0,0.0,0.0,0.0,0.0,0.0,0.0,0.0,0.0,0.0,0.0,0.0,0.0,0.0,0.0,0.0,0.0,0.0,0.0,0.0,0.0,0.0,0.0,0.0,0.0002863590478658966,0.00026526294857566777,0.0003146009351385704,0.0045879238268401925
9.802960494069208e-5,9.802960494069208e-5,9.802960494069208e-5,9.802960494069208e-5,0.0,0.0,0.0,0.0,0.0,0.0,0.0,0.0,0.0,0.0,0.0,0.0,0.0,0.0,0.0,0.0,0.0,0.0,0.0,0.0,0.0,0.0,0.0,0.0,0.0,0.0,0.0,0.0,0.0,0.0,0.0,0.0,0.0,0.0,0.0,0.0,0.0,0.0,0.0,0.0,0.0,0.0,0.0,0.0,0.0,0.0,0.0,0.0,0.0,0.0,0.0,0.0,0.0,0.0,0.0,0.0,0.0,0.0,0.0,0.0,0.0,0.0,0.0,0.0,0.0,0.0,0.0,0.0,0.0,0.0,0.0,0.0,0.0,0.0,0.0,0.0,0.0,0.0,0.0,0.0,0.0,0.0,0.0,0.0,0.0,0.0,0.0,0.0,0.0,0.0,0.0,0.0,0.0,0.0002342617098779893,0.0003007520261900214,0.00040741508360928546,0.006225690325978195
9.802960494069208e-5,9.802960494069208e-5,9.802960494069208e-5,9.802960494069208e-5,0.0,0.0,0.0,0.0,0.0,0.0,0.0,0.0,0.0,0.0,0.0,0.0,0.0,0.0,0.0,0.0,0.0,0.0,0.0,0.0,0.0,0.0,0.0,0.0,0.0,0.0,0.0,0.0,0.0,0.0,0.0,0.0,0.0,0.0,0.0,0.0,0.0,0.0,0.0,0.0,0.0,0.0,0.0,0.0,0.0,0.0,0.0,0.0,0.0,0.0,0.0,0.0,0.0,0.0,0.0,0.0,0.0,0.0,0.0,0.0,0.0,0.0,0.0,0.0,0.0,0.0,0.0,0.0,0.0,0.0,0.0,0.0,0.0,0.0,0.0,0.0,0.0,0.0,0.0,0.0,0.0,0.0,0.0,0.0,0.0,0.0,0.0,0.0,0.0,0.0,0.0,0.0,0.0,0.00023830315574853946,0.00026001489789365627,0.00031674823024280935,0.006236053822260717
9.802960494069208e-5,9.802960494069208e-5,9.802960494069208e-5,9.802960494069208e-5,0.0,0.0,0.0,0.0,0.0,0.0,0.0,0.0,0.0,0.0,0.0,0.0,0.0,0.0,0.0,0.0,0.0,0.0,0.0,0.0,0.0,0.0,0.0,0.0,0.0,0.0,0.0,0.0,0.0,0.0,0.0,0.0,0.0,0.0,0.0,0.0,0.0,0.0,0.0,0.0,0.0,0.0,0.0,0.0,0.0,0.0,0.0,0.0,0.0,0.0,0.0,0.0,0.0,0.0,0.0,0.0,0.0,0.0,0.0,0.0,0.0,0.0,0.0,0.0,0.0,0.0,0.0,0.0,0.0,0.0,0.0,0.0,0.0,0.0,0.0,0.0,0.0,0.0,0.0,0.0,0.0,0.0,0.0,0.0,0.0,0.0,0.0,0.0,0.0,0.0,0.0,0.0,0.0,0.00024225206911975938,0.000258143362102835,0.0003911181111084139,0.007935170895129972
9.802960494069208e-5,9.802960494069208e-5,9.802960494069208e-5,9.802960494069208e-5,0.0,0.0,0.0,0.0,0.0,0.0,0.0,0.0,0.0,0.0,0.0,0.0,0.0,0.0,0.0,0.0,0.0,0.0,0.0,0.0,0.0,0.0,0.0,0.0,0.0,0.0,0.0,0.0,0.0,0.0,0.0,0.0,0.0,0.0,0.0,0.0,0.0,0.0,0.0,0.0,0.0,0.0,0.0,0.0,0.0,0.0,0.0,0.0,0.0,0.0,0.0,0.0,0.0,0.0,0.0,0.0,0.0,0.0,0.0,0.0,0.0,0.0,0.0,0.0,0.0,0.0,0.0,0.0,0.0,0.0,0.0,0.0,0.0,0.0,0.0,0.0,0.0,0.0,0.0,0.0,0.0,0.0,0.0,0.0,0.0,0.0,0.0,0.0,0.0,0.0,0.0,0.0,0.0,0.0003317681077625875,0.0004293292470622851,0.0005453037349793552,0.008838182370366087
9.802960494069208e-5,9.802960494069208e-5,9.802960494069208e-5,9.802960494069208e-5,0.0,0.0,0.0,0.0,0.0,0.0,0.0,0.0,0.0,0.0,0.0,0.0,0.0,0.0,0.0,0.0,0.0,0.0,0.0,0.0,0.0,0.0,0.0,0.0,0.0,0.0,0.0,0.0,0.0,0.0,0.0,0.0,0.0,0.0,0.0,0.0,0.0,0.0,0.0,0.0,0.0,0.0,0.0,0.0,0.0,0.0,0.0,0.0,0.0,0.0,0.0,0.0,0.0,0.0,0.0,0.0,0.0,0.0,0.0,0.0,0.0,0.0,0.0,0.0,0.0,0.0,0.0,0.0,0.0,0.0,0.0,0.0,0.0,0.0,0.0,0.0,0.0,0.0,0.0,0.0,0.0,0.0,0.0,0.0,0.0,0.0,0.0,0.0,0.0,0.0,0.0,0.0,0.0,0.00039926282229899794,0.00043201992993903746,0.0005337758749270199,0.013638565696224469
9.802960494069208e-5,9.802960494069208e-5,9.802960494069208e-5,9.802960494069208e-5,0.0,0.0,0.0,0.0,0.0,0.0,0.0,0.0,0.0,0.0,0.0,0.0,0.0,0.0,0.0,0.0,0.0,0.0,0.0,0.0,0.0,0.0,0.0,0.0,0.0,0.0,0.0,0.0,0.0,0.0,0.0,0.0,0.0,0.0,0.0,0.0,0.0,0.0,0.0,0.0,0.0,0.0,0.0,0.0,0.0,0.0,0.0,0.0,0.0,0.0,0.0,0.0,0.0,0.0,0.0,0.0,0.0,0.0,0.0,0.0,0.0,0.0,0.0,0.0,0.0,0.0,0.0,0.0,0.0,0.0,0.0,0.0,0.0,0.0,0.0,0.0,0.0,0.0,0.0,0.0,0.0,0.0,0.0,0.0,0.0,0.0,0.0,0.0,0.0,0.0,0.0,0.0,0.0,0.00023849553315536927,0.00034272947095614014,0.000460526405096051,0.010088959372156219
9.802960494069208e-5,9.802960494069208e-5,9.802960494069208e-5,9.802960494069208e-5,0.0,0.0,0.0,0.0,0.0,0.0,0.0,0.0,0.0,0.0,0.0,0.0,0.0,0.0,0.0,0.0,0.0,0.0,0.0,0.0,0.0,0.0,0.0,0.0,0.0,0.0,0.0,0.0,0.0,0.0,0.0,0.0,0.0,0.0,0.0,0.0,0.0,0.0,0.0,0.0,0.0,0.0,0.0,0.0,0.0,0.0,0.0,0.0,0.0,0.0,0.0,0.0,0.0,0.0,0.0,0.0,0.0,0.0,0.0,0.0,0.0,0.0,0.0,0.0,0.0,0.0,0.0,0.0,0.0,0.0,0.0,0.0,0.0,0.0,0.0,0.0,0.0,0.0,0.0,0.0,0.0,0.0,0.0,0.0,0.0,0.0,0.0,0.0,0.0,0.0,0.0,0.0,0.0,0.0002575709010766396,0.0002927599190017304,0.0004009363795770594,0.008340786357177978
9.802960494069208e-5,9.802960494069208e-5,9.802960494069208e-5,9.802960494069208e-5,0.0,0.0,0.0,0.0,0.0,0.0,0.0,0.0,0.0,0.0,0.0,0.0,0.0,0.0,0.0,0.0,0.0,0.0,0.0,0.0,0.0,0.0,0.0,0.0,0.0,0.0,0.0,0.0,0.0,0.0,0.0,0.0,0.0,0.0,0.0,0.0,0.0,0.0,0.0,0.0,0.0,0.0,0.0,0.0,0.0,0.0,0.0,0.0,0.0,0.0,0.0,0.0,0.0,0.0,0.0,0.0,0.0,0.0,0.0,0.0,0.0,0.0,0.0,0.0,0.0,0.0,0.0,0.0,0.0,0.0,0.0,0.0,0.0,0.0,0.0,0.0,0.0,0.0,0.0,0.0,0.0,0.0,0.0,0.0,0.0,0.0,0.0,0.0,0.0,0.0,0.0,0.0,0.0,0.00036785869029671046,0.00033694829670501234,0.0004073117848275514,0.007445638736080122
9.802960494069208e-5,9.802960494069208e-5,9.802960494069208e-5,9.802960494069208e-5,0.0,0.0,0.0,0.0,0.0,0.0,0.0,0.0,0.0,0.0,0.0,0.0,0.0,0.0,0.0,0.0,0.0,0.0,0.0,0.0,0.0,0.0,0.0,0.0,0.0,0.0,0.0,0.0,0.0,0.0,0.0,0.0,0.0,0.0,0.0,0.0,0.0,0.0,0.0,0.0,0.0,0.0,0.0,0.0,0.0,0.0,0.0,0.0,0.0,0.0,0.0,0.0,0.0,0.0,0.0,0.0,0.0,0.0,0.0,0.0,0.0,0.0,0.0,0.0,0.0,0.0,0.0,0.0,0.0,0.0,0.0,0.0,0.0,0.0,0.0,0.0,0.0,0.0,0.0,0.0,0.0,0.0,0.0,0.0,0.0,0.0,0.0,0.0,0.0,0.0,0.0,0.0,0.0,0.00044535916817503324,0.00046398663580125886,0.00047382851547423684,0.006744683534032429
9.802960494069208e-5,9.802960494069208e-5,9.802960494069208e-5,9.802960494069208e-5,0.0,0.0,0.0,0.0,0.0,0.0,0.0,0.0,0.0,0.0,0.0,0.0,0.0,0.0,0.0,0.0,0.0,0.0,0.0,0.0,0.0,0.0,0.0,0.0,0.0,0.0,0.0,0.0,0.0,0.0,0.0,0.0,0.0,0.0,0.0,0.0,0.0,0.0,0.0,0.0,0.0,0.0,0.0,0.0,0.0,0.0,0.0,0.0,0.0,0.0,0.0,0.0,0.0,0.0,0.0,0.0,0.0,0.0,0.0,0.0,0.0,0.0,0.0,0.0,0.0,0.0,0.0,0.0,0.0,0.0,0.0,0.0,0.0,0.0,0.0,0.0,0.0,0.0,0.0,0.0,0.0,0.0,0.0,0.0,0.0,0.0,0.0,0.0,0.0,0.0,0.0,0.0,0.0,0.0003835650915845612,0.0005192731794988172,0.00045341111873005267,0.006320128040093072
9.802960494069208e-5,9.802960494069208e-5,9.802960494069208e-5,9.802960494069208e-5,0.0,0.0,0.0,0.0,0.0,0.0,0.0,0.0,0.0,0.0,0.0,0.0,0.0,0.0,0.0,0.0,0.0,0.0,0.0,0.0,0.0,0.0,0.0,0.0,0.0,0.0,0.0,0.0,0.0,0.0,0.0,0.0,0.0,0.0,0.0,0.0,0.0,0.0,0.0,0.0,0.0,0.0,0.0,0.0,0.0,0.0,0.0,0.0,0.0,0.0,0.0,0.0,0.0,0.0,0.0,0.0,0.0,0.0,0.0,0.0,0.0,0.0,0.0,0.0,0.0,0.0,0.0,0.0,0.0,0.0,0.0,0.0,0.0,0.0,0.0,0.0,0.0,0.0,0.0,0.0,0.0,0.0,0.0,0.0,0.0,0.0,0.0,0.0,0.0,0.0,0.0,0.0,0.0,0.00033377269814837784,0.0003557791886287136,0.00040999826908627444,0.005545491086844879
9.802960494069208e-5,9.802960494069208e-5,9.802960494069208e-5,9.802960494069208e-5,0.0,0.0,0.0,0.0,0.0,0.0,0.0,0.0,0.0,0.0,0.0,0.0,0.0,0.0,0.0,0.0,0.0,0.0,0.0,0.0,0.0,0.0,0.0,0.0,0.0,0.0,0.0,0.0,0.0,0.0,0.0,0.0,0.0,0.0,0.0,0.0,0.0,0.0,0.0,0.0,0.0,0.0,0.0,0.0,0.0,0.0,0.0,0.0,0.0,0.0,0.0,0.0,0.0,0.0,0.0,0.0,0.0,0.0,0.0,0.0,0.0,0.0,0.0,0.0,0.0,0.0,0.0,0.0,0.0,0.0,0.0,0.0,0.0,0.0,0.0,0.0,0.0,0.0,0.0,0.0,0.0,0.0,0.0,0.0,0.0,0.0,0.0,0.0,0.0,0.0,0.0,0.0,0.0,0.00030348083370840685,0.0003755529771320824,0.00042640904736534254,0.005795040247598791
9.802960494069208e-5,9.802960494069208e-5,9.802960494069208e-5,9.802960494069208e-5,0.0,0.0,0.0,0.0,0.0,0.0,0.0,0.0,0.0,0.0,0.0,0.0,0.0,0.0,0.0,0.0,0.0,0.0,0.0,0.0,0.0,0.0,0.0,0.0,0.0,0.0,0.0,0.0,0.0,0.0,0.0,0.0,0.0,0.0,0.0,0.0,0.0,0.0,0.0,0.0,0.0,0.0,0.0,0.0,0.0,0.0,0.0,0.0,0.0,0.0,0.0,0.0,0.0,0.0,0.0,0.0,0.0,0.0,0.0,0.0,0.0,0.0,0.0,0.0,0.0,0.0,0.0,0.0,0.0,0.0,0.0,0.0,0.0,0.0,0.0,0.0,0.0,0.0,0.0,0.0,0.0,0.0,0.0,0.0,0.0,0.0,0.0,0.0,0.0,0.0,0.0,0.0,0.0,0.0003603269797079522,0.00041664299934848694,0.0004421462555482196,0.005415625043302317
9.802960494069208e-5,9.802960494069208e-5,9.802960494069208e-5,9.802960494069208e-5,0.0,0.0,0.0,0.0,0.0,0.0,0.0,0.0,0.0,0.0,0.0,0.0,0.0,0.0,0.0,0.0,0.0,0.0,0.0,0.0,0.0,0.0,0.0,0.0,0.0,0.0,0.0,0.0,0.0,0.0,0.0,0.0,0.0,0.0,0.0,0.0,0.0,0.0,0.0,0.0,0.0,0.0,0.0,0.0,0.0,0.0,0.0,0.0,0.0,0.0,0.0,0.0,0.0,0.0,0.0,0.0,0.0,0.0,0.0,0.0,0.0,0.0,0.0,0.0,0.0,0.0,0.0,0.0,0.0,0.0,0.0,0.0,0.0,0.0,0.0,0.0,0.0,0.0,0.0,0.0,0.0,0.0,0.0,0.0,0.0,0.0,0.0,0.0,0.0,0.0,0.0,0.0,0.0,0.0003641640874377941,0.00042990552738850695,0.00047076467020534313,0.006531212576369694
9.802960494069208e-5,9.802960494069208e-5,9.802960494069208e-5,9.802960494069208e-5,0.0,0.0,0.0,0.0,0.0,0.0,0.0,0.0,0.0,0.0,0.0,0.0,0.0,0.0,0.0,0.0,0.0,0.0,0.0,0.0,0.0,0.0,0.0,0.0,0.0,0.0,0.0,0.0,0.0,0.0,0.0,0.0,0.0,0.0,0.0,0.0,0.0,0.0,0.0,0.0,0.0,0.0,0.0,0.0,0.0,0.0,0.0,0.0,0.0,0.0,0.0,0.0,0.0,0.0,0.0,0.0,0.0,0.0,0.0,0.0,0.0,0.0,0.0,0.0,0.0,0.0,0.0,0.0,0.0,0.0,0.0,0.0,0.0,0.0,0.0,0.0,0.0,0.0,0.0,0.0,0.0,0.0,0.0,0.0,0.0,0.0,0.0,0.0,0.0,0.0,0.0,0.0,0.0,0.0003671386432702676,0.00037468134147538776,0.00040770052528485987,0.007107581853424408
9.802960494069208e-5,9.802960494069208e-5,9.802960494069208e-5,9.802960494069208e-5,9.802960494069208e-5,9.802960494069208e-5,9.802960494069208e-5,9.802960494069208e-5,9.802960494069208e-5,9.802960494069208e-5,9.802960494069208e-5,9.802960494069208e-5,9.802960494069208e-5,9.802960494069208e-5,9.802960494069208e-5,9.802960494069208e-5,9.802960494069208e-5,9.802960494069208e-5,9.802960494069208e-5,9.802960494069208e-5,9.802960494069208e-5,9.802960494069208e-5,9.802960494069208e-5,9.802960494069208e-5,9.802960494069208e-5,9.802960494069208e-5,9.802960494069208e-5,9.802960494069208e-5,9.802960494069208e-5,9.802960494069208e-5,9.802960494069208e-5,9.802960494069208e-5,9.802960494069208e-5,9.802960494069208e-5,9.802960494069208e-5,9.802960494069208e-5,9.802960494069208e-5,9.802960494069208e-5,9.802960494069208e-5,9.802960494069208e-5,9.802960494069208e-5,9.802960494069208e-5,9.802960494069208e-5,9.802960494069208e-5,9.802960494069208e-5,9.802960494069208e-5,9.802960494069208e-5,9.802960494069208e-5,9.802960494069208e-5,9.802960494069208e-5,9.802960494069208e-5,9.802960494069208e-5,9.802960494069208e-5,9.802960494069208e-5,9.802960494069208e-5,9.802960494069208e-5,9.802960494069208e-5,9.802960494069208e-5,9.802960494069208e-5,9.802960494069208e-5,9.802960494069208e-5,9.802960494069208e-5,9.802960494069208e-5,9.802960494069208e-5,9.802960494069208e-5,9.999019703950592e-5,9.9009900990099e-5,0.00010685226938535437,0.00011763552592883051,0.00011959611802764435,0.0001225370061758651,0.00010881286148416821,0.0001039113812371336,0.00010097049308891284,0.00010587197333594745,0.00010685226938535437,0.00011665522987942358,0.00014018233506518969,0.00014214292716400353,0.0001499852955592589,0.00017269875502401726,0.0001695912165473973,0.00015897461033232037,0.0001411081266542496,0.00014117125771983136,0.0001484623076169003,0.00016347024801490048,0.00018446583668267817,0.0001819335359278502,0.0001707475737672777,0.00015705401431232227,0.0001704621115576904,0.0001756984609352024,0.00019837153220272522,0.00019383472208607002,0.00017279325556318004,0.0001605579845113224,0.00016622543885893532,0.0001993864029503031,0.0003069866898002335,0.005641641831059383
9.802960494069208e-5,9.802960494069208e-5,9.802960494069208e-5,9.802960494069208e-5,9.802960494069208e-5,9.802960494069208e-5,9.802960494069208e-5,9.802960494069208e-5,9.802960494069208e-5,9.802960494069208e-5,9.802960494069208e-5,9.802960494069208e-5,9.802960494069208e-5,9.802960494069208e-5,9.802960494069208e-5,9.802960494069208e-5,9.802960494069208e-5,9.802960494069208e-5,9.802960494069208e-5,9.802960494069208e-5,9.802960494069208e-5,9.802960494069208e-5,9.802960494069208e-5,9.802960494069208e-5,9.802960494069208e-5,9.802960494069208e-5,9.802960494069208e-5,9.802960494069208e-5,9.802960494069208e-5,9.802960494069208e-5,9.802960494069208e-5,9.802960494069208e-5,9.802960494069208e-5,9.802960494069208e-5,9.802960494069208e-5,9.802960494069208e-5,9.802960494069208e-5,9.802960494069208e-5,9.802960494069208e-5,9.802960494069208e-5,9.802960494069208e-5,9.802960494069208e-5,9.802960494069208e-5,9.802960494069208e-5,9.802960494069208e-5,9.802960494069208e-5,9.802960494069208e-5,9.802960494069208e-5,9.802960494069208e-5,9.802960494069208e-5,9.802960494069208e-5,9.802960494069208e-5,9.802960494069208e-5,9.802960494069208e-5,9.802960494069208e-5,9.802960494069208e-5,9.802960494069208e-5,9.802960494069208e-5,9.802960494069208e-5,9.802960494069208e-5,9.802960494069208e-5,9.802960494069208e-5,9.802960494069208e-5,9.802960494069208e-5,9.802960494069208e-5,9.802960494069208e-5,9.802960494069208e-5,9.802960494069208e-5,9.802960494069208e-5,9.802960494069208e-5,9.802960494069208e-5,9.802960494069208e-5,0.00010097049308891284,0.00010293108518772669,0.00010489167728654053,0.00011469463778060973,0.00012351730222527203,0.00012841878247230664,0.00013430055876874816,0.0001264581903734928,0.00015194588765807273,0.0001450838153122243,0.0001412606607195373,0.00014224095676894423,0.00013420252916380746,0.00012939907852171356,0.00013214390746005291,0.00014792667385550438,0.00013831977257131652,0.00013057543378100186,0.00011332222331144004,0.00010587197333594745,0.00010953828056072933,0.00010140182335065189,0.00010998921674345652,0.00011870404862268405,0.00013869228507009117,0.0001614568363787864,0.000186156172953632,0.00022055930799351014,0.004953182801028737
9.802960494069208e-5,9.802960494069208e-5,9.802960494069208e-5,9.802960494069208e-5,9.802960494069208e-5,9.802960494069208e-5,9.802960494069208e-5,9.802960494069208e-5,9.802960494069208e-5,9.802960494069208e-5,9.802960494069208e-5,9.802960494069208e-5,9.802960494069208e-5,9.802960494069208e-5,9.802960494069208e-5,9.802960494069208e-5,9.802960494069208e-5,9.802960494069208e-5,9.802960494069208e-5,9.802960494069208e-5,9.802960494069208e-5,9.802960494069208e-5,9.802960494069208e-5,9.802960494069208e-5,9.802960494069208e-5,9.802960494069208e-5,9.802960494069208e-5,9.802960494069208e-5,9.802960494069208e-5,9.802960494069208e-5,9.802960494069208e-5,9.802960494069208e-5,9.802960494069208e-5,9.802960494069208e-5,9.802960494069208e-5,9.802960494069208e-5,9.802960494069208e-5,9.802960494069208e-5,9.802960494069208e-5,9.802960494069208e-5,9.802960494069208e-5,9.802960494069208e-5,9.802960494069208e-5,9.802960494069208e-5,9.802960494069208e-5,9.802960494069208e-5,9.802960494069208e-5,9.802960494069208e-5,9.802960494069208e-5,9.802960494069208e-5,9.802960494069208e-5,9.802960494069208e-5,9.802960494069208e-5,9.802960494069208e-5,9.802960494069208e-5,9.802960494069208e-5,9.802960494069208e-5,9.802960494069208e-5,9.802960494069208e-5,9.802960494069208e-5,9.802960494069208e-5,9.802960494069208e-5,9.802960494069208e-5,9.802960494069208e-5,9.802960494069208e-5,9.802960494069208e-5,9.802960494069208e-5,9.802960494069208e-5,9.802960494069208e-5,9.802960494069208e-5,9.802960494069208e-5,9.9009900990099e-5,9.9009900990099e-5,0.00010195078913831977,9.999019703950592e-5,0.00010685226938535437,0.00011665522987942358,0.00011959611802764434,0.00012351730222527203,0.00012351730222527203,0.0001225370061758651,0.00012743848642289972,0.00012351730222527203,0.00012547789432408585,0.00011959611802764435,0.00012449759827467895,0.00011175374963238897,0.00010685226938535437,0.00010293108518772669,0.00010195078913831977,9.802960494069208e-5,9.802960494069208e-5,9.802960494069208e-5,9.802960494069208e-5,9.802960494069208e-5,9.9009900990099e-5,0.00010078607489461817,0.00010271223409469659,0.00015797936770658207,0.00019258959655588936,0.004990172515249793
9.802960494069208e-5,9.802960494069208e-5,9.802960494069208e-5,9.802960494069208e-5,9.802960494069208e-5,9.802960494069208e-5,9.802960494069208e-5,9.802960494069208e-5,9.802960494069208e-5,9.802960494069208e-5,9.802960494069208e-5,9.802960494069208e-5,9.802960494069208e-5,9.802960494069208e-5,9.802960494069208e-5,9.802960494069208e-5,9.802960494069208e-5,9.802960494069208e-5,9.802960494069208e-5,9.802960494069208e-5,9.802960494069208e-5,9.802960494069208e-5,9.802960494069208e-5,9.802960494069208e-5,9.802960494069208e-5,9.802960494069208e-5,9.802960494069208e-5,9.802960494069208e-5,9.802960494069208e-5,9.802960494069208e-5,9.802960494069208e-5,9.802960494069208e-5,9.802960494069208e-5,9.802960494069208e-5,9.802960494069208e-5,9.802960494069208e-5,9.802960494069208e-5,9.802960494069208e-5,9.802960494069208e-5,9.802960494069208e-5,9.802960494069208e-5,9.802960494069208e-5,9.802960494069208e-5,9.802960494069208e-5,9.802960494069208e-5,9.802960494069208e-5,9.802960494069208e-5,9.802960494069208e-5,9.802960494069208e-5,9.802960494069208e-5,9.802960494069208e-5,9.802960494069208e-5,9.802960494069208e-5,9.802960494069208e-5,9.802960494069208e-5,9.802960494069208e-5,9.802960494069208e-5,9.802960494069208e-5,9.802960494069208e-5,9.802960494069208e-5,9.802960494069208e-5,9.802960494069208e-5,9.802960494069208e-5,9.802960494069208e-5,9.802960494069208e-5,9.802960494069208e-5,9.802960494069208e-5,9.802960494069208e-5,9.802960494069208e-5,9.802960494069208e-5,9.802960494069208e-5,9.802960494069208e-5,9.802960494069208e-5,9.802960494069208e-5,9.802960494069208e-5,9.802960494069208e-5,9.802960494069208e-5,9.802960494069208e-5,9.802960494069208e-5,9.802960494069208e-5,9.802960494069208e-5,9.802960494069208e-5,9.802960494069208e-5,9.802960494069208e-5,9.802960494069208e-5,9.802960494069208e-5,9.802960494069208e-5,9.802960494069208e-5,9.802960494069208e-5,9.802960494069208e-5,9.802960494069208e-5,9.802960494069208e-5,9.802960494069208e-5,9.802960494069208e-5,9.802960494069208e-5,9.802960494069208e-5,9.980374473090873e-5,0.00010838596875227919,0.00011692552369787273,0.0001625072656507597,0.004999074147568772
9.802960494069208e-5,9.802960494069208e-5,9.802960494069208e-5,9.802960494069208e-5,9.802960494069208e-5,9.802960494069208e-5,9.802960494069208e-5,9.802960494069208e-5,9.802960494069208e-5,9.802960494069208e-5,9.802960494069208e-5,9.802960494069208e-5,9.802960494069208e-5,9.802960494069208e-5,9.802960494069208e-5,9.802960494069208e-5,9.802960494069208e-5,9.802960494069208e-5,9.802960494069208e-5,9.802960494069208e-5,9.802960494069208e-5,9.802960494069208e-5,9.802960494069208e-5,9.802960494069208e-5,9.802960494069208e-5,9.802960494069208e-5,9.802960494069208e-5,9.802960494069208e-5,9.802960494069208e-5,9.802960494069208e-5,9.802960494069208e-5,9.802960494069208e-5,9.802960494069208e-5,9.802960494069208e-5,9.802960494069208e-5,9.802960494069208e-5,9.802960494069208e-5,9.802960494069208e-5,9.802960494069208e-5,9.802960494069208e-5,9.802960494069208e-5,9.802960494069208e-5,9.802960494069208e-5,9.802960494069208e-5,9.802960494069208e-5,9.802960494069208e-5,9.802960494069208e-5,9.802960494069208e-5,9.802960494069208e-5,9.802960494069208e-5,9.802960494069208e-5,9.802960494069208e-5,9.802960494069208e-5,9.802960494069208e-5,9.802960494069208e-5,9.802960494069208e-5,9.802960494069208e-5,9.802960494069208e-5,9.802960494069208e-5,9.802960494069208e-5,9.802960494069208e-5,9.802960494069208e-5,9.802960494069208e-5,9.802960494069208e-5,9.802960494069208e-5,9.802960494069208e-5,9.802960494069208e-5,9.802960494069208e-5,9.802960494069208e-5,9.802960494069208e-5,9.802960494069208e-5,9.802960494069208e-5,9.802960494069208e-5,9.802960494069208e-5,9.802960494069208e-5,9.802960494069208e-5,9.802960494069208e-5,9.802960494069208e-5,9.802960494069208e-5,9.802960494069208e-5,9.802960494069208e-5,9.802960494069208e-5,9.802960494069208e-5,9.802960494069208e-5,9.802960494069208e-5,9.802960494069208e-5,9.802960494069208e-5,9.802960494069208e-5,9.802960494069208e-5,9.802960494069208e-5,9.802960494069208e-5,9.802960494069208e-5,9.802960494069208e-5,9.802960494069208e-5,9.802960494069208e-5,9.802960494069208e-5,0.0001022860994020194,0.00010087661027173805,0.0001275586072702676,0.00015169678309910793,0.004273895470727331
9.802960494069208e-5,9.802960494069208e-5,9.802960494069208e-5,9.802960494069208e-5,9.802960494069208e-5,9.802960494069208e-5,9.802960494069208e-5,9.802960494069208e-5,9.802960494069208e-5,9.802960494069208e-5,9.802960494069208e-5,9.802960494069208e-5,9.802960494069208e-5,9.802960494069208e-5,9.802960494069208e-5,9.802960494069208e-5,9.802960494069208e-5,9.802960494069208e-5,9.802960494069208e-5,9.802960494069208e-5,9.802960494069208e-5,9.802960494069208e-5,9.802960494069208e-5,9.802960494069208e-5,9.802960494069208e-5,9.802960494069208e-5,9.802960494069208e-5,9.802960494069208e-5,9.802960494069208e-5,9.802960494069208e-5,9.802960494069208e-5,9.802960494069208e-5,9.802960494069208e-5,9.802960494069208e-5,9.802960494069208e-5,9.802960494069208e-5,9.802960494069208e-5,9.802960494069208e-5,9.802960494069208e-5,9.802960494069208e-5,9.802960494069208e-5,9.802960494069208e-5,9.802960494069208e-5,9.802960494069208e-5,9.802960494069208e-5,9.802960494069208e-5,9.802960494069208e-5,9.802960494069208e-5,9.802960494069208e-5,9.802960494069208e-5,9.802960494069208e-5,9.802960494069208e-5,9.802960494069208e-5,9.802960494069208e-5,9.802960494069208e-5,9.802960494069208e-5,9.802960494069208e-5,9.802960494069208e-5,9.802960494069208e-5,9.802960494069208e-5,9.802960494069208e-5,9.802960494069208e-5,9.802960494069208e-5,9.802960494069208e-5,9.802960494069208e-5,9.802960494069208e-5,9.802960494069208e-5,9.802960494069208e-5,9.802960494069208e-5,9.802960494069208e-5,9.802960494069208e-5,9.802960494069208e-5,9.802960494069208e-5,9.802960494069208e-5,9.802960494069208e-5,9.802960494069208e-5,9.802960494069208e-5,9.802960494069208e-5,9.802960494069208e-5,9.802960494069208e-5,9.802960494069208e-5,9.802960494069208e-5,9.802960494069208e-5,9.802960494069208e-5,9.802960494069208e-5,9.802960494069208e-5,9.802960494069208e-5,9.802960494069208e-5,9.802960494069208e-5,9.802960494069208e-5,9.802960494069208e-5,9.802960494069208e-5,9.802960494069208e-5,9.802960494069208e-5,9.802960494069208e-5,9.802960494069208e-5,9.999274580923439e-5,0.00010176348234486814,0.00011182881141201841,0.00013904734063601606,0.0038026686272873266
9.802960494069208e-5,9.802960494069208e-5,9.802960494069208e-5,9.802960494069208e-5,9.802960494069208e-5,9.802960494069208e-5,9.802960494069208e-5,9.802960494069208e-5,9.802960494069208e-5,9.802960494069208e-5,9.802960494069208e-5,9.802960494069208e-5,9.802960494069208e-5,9.802960494069208e-5,9.802960494069208e-5,9.802960494069208e-5,9.802960494069208e-5,9.802960494069208e-5,9.802960494069208e-5,9.802960494069208e-5,9.802960494069208e-5,9.802960494069208e-5,9.802960494069208e-5,9.802960494069208e-5,9.802960494069208e-5,9.802960494069208e-5,9.802960494069208e-5,9.802960494069208e-5,9.802960494069208e-5,9.802960494069208e-5,9.802960494069208e-5,9.802960494069208e-5,9.802960494069208e-5,9.802960494069208e-5,9.802960494069208e-5,9.802960494069208e-5,9.802960494069208e-5,9.802960494069208e-5,9.802960494069208e-5,9.802960494069208e-5,9.802960494069208e-5,9.802960494069208e-5,9.802960494069208e-5,9.802960494069208e-5,9.802960494069208e-5,9.802960494069208e-5,9.802960494069208e-5,9.802960494069208e-5,9.802960494069208e-5,9.802960494069208e-5,9.802960494069208e-5,9.802960494069208e-5,9.802960494069208e-5,9.802960494069208e-5,9.802960494069208e-5,9.802960494069208e-5,9.802960494069208e-5,9.802960494069208e-5,9.802960494069208e-5,9.802960494069208e-5,9.802960494069208e-5,9.802960494069208e-5,9.802960494069208e-5,9.802960494069208e-5,9.802960494069208e-5,9.802960494069208e-5,9.802960494069208e-5,9.802960494069208e-5,9.802960494069208e-5,9.802960494069208e-5,9.802960494069208e-5,9.802960494069208e-5,9.802960494069208e-5,9.802960494069208e-5,9.802960494069208e-5,9.802960494069208e-5,9.802960494069208e-5,9.802960494069208e-5,9.802960494069208e-5,9.802960494069208e-5,9.802960494069208e-5,9.802960494069208e-5,9.802960494069208e-5,9.802960494069208e-5,9.802960494069208e-5,9.802960494069208e-5,9.802960494069208e-5,9.802960494069208e-5,9.802960494069208e-5,9.802960494069208e-5,9.802960494069208e-5,9.802960494069208e-5,9.802960494069208e-5,9.802960494069208e-5,9.802960494069208e-5,9.802960494069208e-5,9.802960494069208e-5,9.802960494069208e-5,0.000100250094539751,0.00013032670867562003,0.0028533632637486542
9.802960494069208e-5,9.802960494069208e-5,9.802960494069208e-5,9.802960494069208e-5,9.802960494069208e-5,9.802960494069208e-5,9.802960494069208e-5,9.802960494069208e-5,9.802960494069208e-5,9.802960494069208e-5,9.802960494069208e-5,9.802960494069208e-5,9.802960494069208e-5,9.802960494069208e-5,9.802960494069208e-5,9.802960494069208e-5,9.802960494069208e-5,9.802960494069208e-5,9.802960494069208e-5,9.802960494069208e-5,9.802960494069208e-5,9.802960494069208e-5,9.802960494069208e-5,9.802960494069208e-5,9.802960494069208e-5,9.802960494069208e-5,9.802960494069208e-5,9.802960494069208e-5,9.802960494069208e-5,9.802960494069208e-5,9.802960494069208e-5,9.802960494069208e-5,9.802960494069208e-5,9.802960494069208e-5,9.802960494069208e-5,9.802960494069208e-5,9.802960494069208e-5,9.802960494069208e-5,9.802960494069208e-5,9.802960494069208e-5,9.802960494069208e-5,9.802960494069208e-5,9.802960494069208e-5,9.802960494069208e-5,9.802960494069208e-5,9.802960494069208e-5,9.802960494069208e-5,9.802960494069208e-5,9.802960494069208e-5,9.802960494069208e-5,9.802960494069208e-5,9.802960494069208e-5,9.802960494069208e-5,9.802960494069208e-5,9.802960494069208e-5,9.802960494069208e-5,9.802960494069208e-5,9.802960494069208e-5,9.802960494069208e-5,9.802960494069208e-5,9.802960494069208e-5,9.802960494069208e-5,9.802960494069208e-5,9.802960494069208e-5,9.802960494069208e-5,9.802960494069208e-5,9.802960494069208e-5,9.802960494069208e-5,9.802960494069208e-5,9.802960494069208e-5,9.802960494069208e-5,9.802960494069208e-5,9.802960494069208e-5,9.802960494069208e-5,9.802960494069208e-5,9.802960494069208e-5,9.802960494069208e-5,9.802960494069208e-5,9.802960494069208e-5,9.802960494069208e-5,9.802960494069208e-5,9.802960494069208e-5,9.802960494069208e-5,9.802960494069208e-5,9.802960494069208e-5,9.802960494069208e-5,9.802960494069208e-5,9.802960494069208e-5,9.802960494069208e-5,9.802960494069208e-5,9.802960494069208e-5,9.802960494069208e-5,9.802960494069208e-5,9.802960494069208e-5,9.802960494069208e-5,9.802960494069208e-5,9.802960494069208e-5,9.802960494069208e-5,9.802960494069208e-5,9.802960494069208e-5,0.0021430327900597993
