0.0017886725611988318,0.00010913627885558376,0.00010011160454778942,0.00010011160454778942,0.00010011160454778942,9.802960494069208e-5,9.802960494069208e-5,9.802960494069208e-5,9.802960494069208e-5,9.802960494069208e-5,9.802960494069208e-5,9.802960494069208e-5,9.802960494069208e-5,9.802960494069208e-5,9.802960494069208e-5,9.802960494069208e-5,9.802960494069208e-5,9.802960494069208e-5,9.802960494069208e-5,9.802960494069208e-5,9.802960494069208e-5,9.802960494069208e-5,9.802960494069208e-5,9.802960494069208e-5,9.802960494069208e-5,9.802960494069208e-5,9.802960494069208e-5,9.802960494069208e-5,9.802960494069208e-5,9.802960494069208e-5,9.802960494069208e-5,9.802960494069208e-5,9.802960494069208e-5,9.802960494069208e-5,9.802960494069208e-5,9.802960494069208e-5,9.802960494069208e-5,9.802960494069208e-5,9.802960494069208e-5,9.802960494069208e-5,9.802960494069208e-5,9.802960494069208e-5,9.802960494069208e-5,9.802960494069208e-5,9.802960494069208e-5,9.802960494069208e-5,9.802960494069208e-5,9.802960494069208e-5,9.802960494069208e-5,9.802960494069208e-5,9.802960494069208e-5,9.802960494069208e-5,9.802960494069208e-5,9.802960494069208e-5,9.802960494069208e-5,9.802960494069208e-5,9.802960494069208e-5,9.802960494069208e-5,9.802960494069208e-5,9.802960494069208e-5,9.802960494069208e-5,9.802960494069208e-5,9.802960494069208e-5,9.802960494069208e-5,9.802960494069208e-5,9.802960494069208e-5,9.802960494069208e-5,9.802960494069208e-5,9.802960494069208e-5,9.802960494069208e-5,9.802960494069208e-5,9.802960494069208e-5,9.802960494069208e-5,9.802960494069208e-5,9.802960494069208e-5,9.802960494069208e-5,9.802960494069208e-5,9.802960494069208e-5,9.802960494069208e-5,9.802960494069208e-5,9.802960494069208e-5,9.802960494069208e-5,9.802960494069208e-5,9.802960494069208e-5,9.802960494069208e-5,9.802960494069208e-5,9.802960494069208e-5,9.802960494069208e-5,9.802960494069208e-5,9.802960494069208e-5,9.802960494069208e-5,9.802960494069208e-5,9.802960494069208e-5,9.802960494069208e-5,9.802960494069208e-5,9.802960494069208e-5,9.802960494069208e-5,9.802960494069208e-5,9.802960494069208e-5,9.802960494069208e-5,9.802960494069208e-5
0.002616587637986244,0.00010576444018061955,0.0001013424664248603,0.00010194022910903342,9.802960494069208e-5,9.802960494069208e-5,9.802960494069208e-5,9.802960494069208e-5,9.802960494069208e-5,9.802960494069208e-5,9.802960494069208e-5,9.802960494069208e-5,9.802960494069208e-5,9.802960494069208e-5,9.802960494069208e-5,9.802960494069208e-5,9.802960494069208e-5,9.802960494069208e-5,9.802960494069208e-5,9.802960494069208e-5,9.802960494069208e-5,9.802960494069208e-5,9.802960494069208e-5,9.802960494069208e-5,9.802960494069208e-5,9.802960494069208e-5,9.802960494069208e-5,9.802960494069208e-5,9.802960494069208e-5,9.802960494069208e-5,9.802960494069208e-5,9.802960494069208e-5,9.802960494069208e-5,9.802960494069208e-5,9.802960494069208e-5,9.802960494069208e-5,9.802960494069208e-5,9.802960494069208e-5,9.802960494069208e-5,9.802960494069208e-5,9.802960494069208e-5,9.802960494069208e-5,9.802960494069208e-5,9.802960494069208e-5,9.802960494069208e-5,9.802960494069208e-5,9.802960494069208e-5,9.802960494069208e-5,9.802960494069208e-5,9.802960494069208e-5,9.802960494069208e-5,9.802960494069208e-5,9.802960494069208e-5,9.802960494069208e-5,9.802960494069208e-5,9.802960494069208e-5,9.802960494069208e-5,9.802960494069208e-5,9.802960494069208e-5,9.802960494069208e-5,9.802960494069208e-5,9.802960494069208e-5,9.802960494069208e-5,9.802960494069208e-5,9.802960494069208e-5,9.802960494069208e-5,9.802960494069208e-5,9.802960494069208e-5,9.802960494069208e-5,9.802960494069208e-5,9.802960494069208e-5,9.802960494069208e-5,9.802960494069208e-5,9.802960494069208e-5,9.802960494069208e-5,9.802960494069208e-5,9.802960494069208e-5,9.802960494069208e-5,9.802960494069208e-5,9.802960494069208e-5,9.802960494069208e-5,9.802960494069208e-5,9.802960494069208e-5,9.802960494069208e-5,9.802960494069208e-5,9.802960494069208e-5,9.802960494069208e-5,9.802960494069208e-5,9.802960494069208e-5,9.802960494069208e-5,9.802960494069208e-5,9.802960494069208e-5,9.802960494069208e-5,9.802960494069208e-5,9.802960494069208e-5,9.802960494069208e-5,9.802960494069208e-5,9.802960494069208e-5,9.802960494069208e-5,9.802960494069208e-5,9.802960494069208e-5
0.003580054931977934,0.00013501087828786786,0.0001205177544190844,0.00010791955541898636,9.802960494069208e-5,9.802960494069208e-5,9.802960494069208e-5,9.802960494069208e-5,9.802960494069208e-5,9.802960494069208e-5,9.802960494069208e-5,9.802960494069208e-5,9.802960494069208e-5,9.802960494069208e-5,9.802960494069208e-5,9.802960494069208e-5,9.802960494069208e-5,9.802960494069208e-5,9.802960494069208e-5,9.802960494069208e-5,9.802960494069208e-5,9.802960494069208e-5,9.802960494069208e-5,9.802960494069208e-5,9.802960494069208e-5,9.802960494069208e-5,9.802960494069208e-5,9.802960494069208e-5,9.802960494069208e-5,9.802960494069208e-5,9.802960494069208e-5,9.802960494069208e-5,9.802960494069208e-5,9.802960494069208e-5,9.802960494069208e-5,9.802960494069208e-5,9.802960494069208e-5,9.802960494069208e-5,9.802960494069208e-5,9.802960494069208e-5,9.802960494069208e-5,9.802960494069208e-5,9.802960494069208e-5,9.802960494069208e-5,9.802960494069208e-5,9.802960494069208e-5,9.802960494069208e-5,9.802960494069208e-5,9.802960494069208e-5,9.802960494069208e-5,9.802960494069208e-5,9.802960494069208e-5,9.802960494069208e-5,9.802960494069208e-5,9.802960494069208e-5,9.802960494069208e-5,9.802960494069208e-5,9.802960494069208e-5,9.802960494069208e-5,9.802960494069208e-5,9.802960494069208e-5,9.802960494069208e-5,9.802960494069208e-5,9.802960494069208e-5,9.802960494069208e-5,9.802960494069208e-5,9.802960494069208e-5,9.802960494069208e-5,9.802960494069208e-5,9.802960494069208e-5,9.802960494069208e-5,9.802960494069208e-5,9.802960494069208e-5,9.802960494069208e-5,9.802960494069208e-5,9.802960494069208e-5,9.802960494069208e-5,9.802960494069208e-5,9.802960494069208e-5,9.802960494069208e-5,9.802960494069208e-5,9.802960494069208e-5,9.802960494069208e-5,9.802960494069208e-5,9.802960494069208e-5,9.802960494069208e-5,9.802960494069208e-5,9.802960494069208e-5,9.802960494069208e-5,9.802960494069208e-5,9.802960494069208e-5,9.802960494069208e-5,9.802960494069208e-5,9.802960494069208e-5,9.802960494069208e-5,9.802960494069208e-5,9.802960494069208e-5,9.802960494069208e-5,9.802960494069208e-5,9.802960494069208e-5,9.802960494069208e-5
0.004155607476443915,0.00018238812930940993,0.00013631919266777765,0.0001082222192857563,0.00010266184106146456,9.802960494069208e-5,9.802960494069208e-5,9.802960494069208e-5,9.802960494069208e-5,9.802960494069208e-5,9.802960494069208e-5,9.802960494069208e-5,9.802960494069208e-5,9.802960494069208e-5,9.802960494069208e-5,9.802960494069208e-5,9.802960494069208e-5,9.802960494069208e-5,9.802960494069208e-5,9.802960494069208e-5,9.802960494069208e-5,9.802960494069208e-5,9.802960494069208e-5,9.802960494069208e-5,9.802960494069208e-5,9.802960494069208e-5,9.802960494069208e-5,9.802960494069208e-5,9.802960494069208e-5,9.802960494069208e-5,9.802960494069208e-5,9.802960494069208e-5,9.802960494069208e-5,9.802960494069208e-5,9.802960494069208e-5,9.802960494069208e-5,9.802960494069208e-5,9.802960494069208e-5,9.802960494069208e-5,9.802960494069208e-5,9.802960494069208e-5,9.802960494069208e-5,9.802960494069208e-5,9.802960494069208e-5,9.802960494069208e-5,9.802960494069208e-5,9.802960494069208e-5,9.802960494069208e-5,9.802960494069208e-5,9.802960494069208e-5,9.802960494069208e-5,9.802960494069208e-5,9.802960494069208e-5,9.802960494069208e-5,9.802960494069208e-5,9.802960494069208e-5,9.802960494069208e-5,9.802960494069208e-5,9.802960494069208e-5,9.802960494069208e-5,9.802960494069208e-5,9.802960494069208e-5,9.802960494069208e-5,9.802960494069208e-5,9.802960494069208e-5,9.802960494069208e-5,9.802960494069208e-5,9.802960494069208e-5,9.802960494069208e-5,9.802960494069208e-5,9.802960494069208e-5,9.802960494069208e-5,9.802960494069208e-5,9.802960494069208e-5,9.802960494069208e-5,9.802960494069208e-5,9.802960494069208e-5,9.802960494069208e-5,9.802960494069208e-5,9.802960494069208e-5,9.802960494069208e-5,9.802960494069208e-5,9.802960494069208e-5,9.802960494069208e-5,9.802960494069208e-5,9.802960494069208e-5,9.802960494069208e-5,9.802960494069208e-5,9.802960494069208e-5,9.802960494069208e-5,9.802960494069208e-5,9.802960494069208e-5,9.802960494069208e-5,9.802960494069208e-5,9.802960494069208e-5,9.802960494069208e-5,9.802960494069208e-5,9.802960494069208e-5,9.802960494069208e-5,9.802960494069208e-5,9.802960494069208e-5
0.004692641289100095,0.00015893486431944848,0.00010715413618900107,0.00010438170028075678,0.00010135829820605822,9.802960494069208e-5,9.802960494069208e-5,9.802960494069208e-5,9.802960494069208e-5,9.802960494069208e-5,9.802960494069208e-5,9.802960494069208e-5,9.802960494069208e-5,9.802960494069208e-5,9.802960494069208e-5,9.802960494069208e-5,9.802960494069208e-5,9.802960494069208e-5,9.802960494069208e-5,9.802960494069208e-5,9.802960494069208e-5,9.802960494069208e-5,9.802960494069208e-5,9.802960494069208e-5,9.802960494069208e-5,9.802960494069208e-5,9.802960494069208e-5,9.802960494069208e-5,9.802960494069208e-5,9.802960494069208e-5,9.802960494069208e-5,9.802960494069208e-5,9.802960494069208e-5,9.802960494069208e-5,9.802960494069208e-5,9.802960494069208e-5,9.802960494069208e-5,9.802960494069208e-5,9.802960494069208e-5,9.802960494069208e-5,9.802960494069208e-5,9.802960494069208e-5,9.802960494069208e-5,9.802960494069208e-5,9.802960494069208e-5,9.802960494069208e-5,9.802960494069208e-5,9.802960494069208e-5,9.802960494069208e-5,9.802960494069208e-5,9.802960494069208e-5,9.802960494069208e-5,9.802960494069208e-5,9.802960494069208e-5,9.802960494069208e-5,9.802960494069208e-5,9.802960494069208e-5,9.802960494069208e-5,9.802960494069208e-5,9.802960494069208e-5,9.802960494069208e-5,9.802960494069208e-5,9.802960494069208e-5,9.802960494069208e-5,9.802960494069208e-5,9.802960494069208e-5,9.802960494069208e-5,9.802960494069208e-5,9.802960494069208e-5,9.802960494069208e-5,9.802960494069208e-5,9.802960494069208e-5,9.802960494069208e-5,9.802960494069208e-5,9.802960494069208e-5,9.802960494069208e-5,9.802960494069208e-5,9.802960494069208e-5,9.802960494069208e-5,9.802960494069208e-5,9.802960494069208e-5,9.802960494069208e-5,9.802960494069208e-5,9.802960494069208e-5,9.802960494069208e-5,9.802960494069208e-5,9.802960494069208e-5,9.802960494069208e-5,9.802960494069208e-5,9.802960494069208e-5,9.802960494069208e-5,9.802960494069208e-5,9.802960494069208e-5,9.802960494069208e-5,9.802960494069208e-5,9.802960494069208e-5,9.802960494069208e-5,9.802960494069208e-5,9.802960494069208e-5,9.802960494069208e-5,9.802960494069208e-5
0.005654919114974576,0.00022751712506529373,0.00014739150316390645,0.00011732932026271934,0.00010066769050093127,0.00010042818362905597,9.802960494069208e-5,9.802960494069208e-5,9.802960494069208e-5,9.914714243701598e-5,0.00010026467993333986,0.00010026467993333986,0.00010138221742966375,0.00011255759239290265,0.00012038035486716988,0.00012149789236349377,0.00012038035486716988,0.00010808744240760709,0.0001069699049112832,9.802960494069208e-5,0.00010036270953828056,0.00010532300754827957,0.00010896970885207332,0.00012112537986471914,0.00011990981276345455,0.00012598764826977747,0.0001162631114596608,0.000104107440447015,0.00010046073914322125,9.924517204195667e-5,9.924517204195667e-5,9.802960494069208e-5,9.802960494069208e-5,9.802960494069208e-5,9.802960494069208e-5,9.802960494069208e-5,9.802960494069208e-5,9.802960494069208e-5,9.802960494069208e-5,9.802960494069208e-5,9.802960494069208e-5,9.802960494069208e-5,9.802960494069208e-5,9.802960494069208e-5,9.802960494069208e-5,9.802960494069208e-5,9.802960494069208e-5,9.802960494069208e-5,9.802960494069208e-5,9.802960494069208e-5,9.802960494069208e-5,9.802960494069208e-5,9.802960494069208e-5,9.802960494069208e-5,9.802960494069208e-5,9.802960494069208e-5,9.802960494069208e-5,9.802960494069208e-5,9.802960494069208e-5,9.802960494069208e-5,9.802960494069208e-5,9.802960494069208e-5,9.802960494069208e-5,9.802960494069208e-5,9.802960494069208e-5,9.802960494069208e-5,9.802960494069208e-5,9.802960494069208e-5,9.802960494069208e-5,9.802960494069208e-5,9.802960494069208e-5,9.802960494069208e-5,9.802960494069208e-5,9.802960494069208e-5,9.802960494069208e-5,9.802960494069208e-5,9.802960494069208e-5,9.802960494069208e-5,9.802960494069208e-5,9.802960494069208e-5,9.802960494069208e-5,9.802960494069208e-5,9.802960494069208e-5,9.802960494069208e-5,9.802960494069208e-5,9.802960494069208e-5,9.802960494069208e-5,9.802960494069208e-5,9.802960494069208e-5,9.802960494069208e-5,9.802960494069208e-5,9.802960494069208e-5,9.802960494069208e-5,9.802960494069208e-5,9.802960494069208e-5,9.802960494069208e-5,9.802960494069208e-5,9.802960494069208e-5,9.802960494069208e-5,9.802960494069208e-5,9.802960494069208e-5
0.0060940272399750235,0.0002491495331637828,0.00019553932339517715,0.0001559685324071991,0.0001504398578806968,0.00015568823527105184,0.00015666930614645624,0.0001647623731006764,0.0001389892277227723,0.00013074721772375256,0.00011115629212822271,0.0001234070675423978,0.0001239631628271738,0.00012274517400254876,0.00012511176237623762,0.00012626036192530144,0.00011622874306440544,0.0001289760713655524,0.00012747271365552395,0.0001417890857759043,0.00017421113616312127,0.00015254180021566512,0.0001444212457602196,0.00013259037898245268,0.00011715017115969022,0.00010441743201646897,0.00010097049308891284,0.0001084581033232036,0.0001176355259288305,0.00011959611802764435,0.00011665522987942358,0.00011077345358298205,0.00010783256543476129,9.9009900990099e-5,9.999019703950592e-5,9.802960494069208e-5,9.802960494069208e-5,9.802960494069208e-5,9.802960494069208e-5,9.802960494069208e-5,9.802960494069208e-5,9.802960494069208e-5,9.802960494069208e-5,9.802960494069208e-5,9.802960494069208e-5,9.802960494069208e-5,9.802960494069208e-5,9.802960494069208e-5,9.802960494069208e-5,9.802960494069208e-5,9.802960494069208e-5,9.802960494069208e-5,9.802960494069208e-5,9.802960494069208e-5,9.802960494069208e-5,9.802960494069208e-5,9.802960494069208e-5,9.802960494069208e-5,9.802960494069208e-5,9.802960494069208e-5,9.802960494069208e-5,9.802960494069208e-5,9.802960494069208e-5,9.802960494069208e-5,9.802960494069208e-5,9.802960494069208e-5,9.802960494069208e-5,9.802960494069208e-5,9.802960494069208e-5,9.802960494069208e-5,9.802960494069208e-5,9.802960494069208e-5,9.802960494069208e-5,9.802960494069208e-5,9.802960494069208e-5,9.802960494069208e-5,9.802960494069208e-5,9.802960494069208e-5,9.802960494069208e-5,9.802960494069208e-5,9.802960494069208e-5,9.802960494069208e-5,9.802960494069208e-5,9.802960494069208e-5,9.802960494069208e-5,9.802960494069208e-5,9.802960494069208e-5,9.802960494069208e-5,9.802960494069208e-5,9.802960494069208e-5,9.802960494069208e-5,9.802960494069208e-5,9.802960494069208e-5,9.802960494069208e-5,9.802960494069208e-5,9.802960494069208e-5,9.802960494069208e-5,9.802960494069208e-5,9.802960494069208e-5,9.802960494069208e-5,9.802960494069208e-5
0.006101468401154025,0.00029050856571903035,0.00017088016525667774,0.00013767817102352186,0.00011642426180512266,0.00013590041995882756,0.00012631014410351924,0.00013320465601411626,0.0001746587142437016,0.00019074068189393195,0.00021006580923438878,0.00020931603254582885,0.00021898978453092834,0.0001805141652779139,0.00013380500872463484,0.00012486338476619938,0.00011981052367414958,0.00013357456288599155,0.00018575603293794727,0.000189446368983433,0.000224235503970199,0.00022515519596118027,0.00020320982942848738,0.00019735160631310656,0.00018307812273306537,0.00015537188197235565,0.00014847496147436527,0.00017040680560729342,0.00012832314949514753,0.00012393572551710615,0.00011712146965983726,0.00012006235780805802,0.00011959611802764435,0.00011273404568179589,0.00010587197333594745,0.00010097049308891284,9.802960494069208e-5,9.802960494069208e-5,9.802960494069208e-5,9.802960494069208e-5,9.802960494069208e-5,9.802960494069208e-5,9.802960494069208e-5,9.802960494069208e-5,9.802960494069208e-5,9.802960494069208e-5,9.802960494069208e-5,9.802960494069208e-5,9.802960494069208e-5,9.802960494069208e-5,9.802960494069208e-5,9.802960494069208e-5,9.802960494069208e-5,9.802960494069208e-5,9.802960494069208e-5,9.802960494069208e-5,9.802960494069208e-5,9.802960494069208e-5,9.802960494069208e-5,9.802960494069208e-5,9.802960494069208e-5,9.802960494069208e-5,9.802960494069208e-5,9.802960494069208e-5,9.802960494069208e-5,9.802960494069208e-5,9.802960494069208e-5,9.802960494069208e-5,9.802960494069208e-5,9.802960494069208e-5,9.802960494069208e-5,9.802960494069208e-5,9.802960494069208e-5,9.802960494069208e-5,9.802960494069208e-5,9.802960494069208e-5,9.802960494069208e-5,9.802960494069208e-5,9.802960494069208e-5,9.802960494069208e-5,9.802960494069208e-5,9.802960494069208e-5,9.802960494069208e-5,9.802960494069208e-5,9.802960494069208e-5,9.802960494069208e-5,9.802960494069208e-5,9.802960494069208e-5,9.802960494069208e-5,9.802960494069208e-5,9.802960494069208e-5,9.802960494069208e-5,9.802960494069208e-5,9.802960494069208e-5,9.802960494069208e-5,9.802960494069208e-5,9.802960494069208e-5,9.802960494069208e-5,9.802960494069208e-5,9.802960494069208e-5,9.802960494069208e-5
0.007500187628490704,0.0005550128947073057,0.00040442015201269904,0.00035039572400991336,0.0,0.0,0.0,0.0,0.0,0.0,0.0,0.0,0.0,0.0,0.0,0.0,0.0,0.0,0.0,0.0,0.0,0.0,0.0,0.0,0.0,0.0,0.0,0.0,0.0,0.0,0.0,0.0,0.0,0.0,0.0,0.0,0.0,0.0,0.0,0.0,0.0,0.0,0.0,0.0,0.0,0.0,0.0,0.0,0.0,0.0,0.0,0.0,0.0,0.0,0.0,0.0,0.0,0.0,0.0,0.0,0.0,0.0,0.0,0.0,0.0,0.0,0.0,0.0,0.0,0.0,0.0,0.0,0.0,0.0,0.0,0.0,0.0,0.0,0.0,0.0,0.0,0.0,0.0,0.0,0.0,0.0,0.0,0.0,0.0,0.0,0.0,0.0,0.0,0.0,0.0,0.0,0.0,9.802960494069208e-5,9.802960494069208e-5,9.802960494069208e-5,9.802960494069208e-5
0.008828536474562325,0.0005646015645271019,0.0004536995314890762,0.00044053328524223603,0.0,0.0,0.0,0.0,0.0,0.0,0.0,0.0,0.0,0.0,0.0,0.0,0.0,0.0,0.0,0.0,0.0,0.0,0.0,0.0,0.0,0.0,0.0,0.0,0.0,0.0,0.0,0.0,0.0,0.0,0.0,0.0,0.0,0.0,0.0,0.0,0.0,0.0,0.0,0.0,0.0,0.0,0.0,0.0,0.0,0.0,0.0,0.0,0.0,0.0,0.0,0.0,0.0,0.0,0.0,0.0,0.0,0.0,0.0,0.0,0.0,0.0,0.0,0.0,0.0,0.0,0.0,0.0,0.0,0.0,0.0,0.0,0.0,0.0,0.0,0.0,0.0,0.0,0.0,0.0,0.0,0.0,0.0,0.0,0.0,0.0,0.0,0.0,0.0,0.0,0.0,0.0,0.0,9.802960494069208e-5,9.802960494069208e-5,9.802960494069208e-5,9.802960494069208e-5
0.009100993948416654,0.00044408906609709047,0.00042314552749564844,0.00039985851694244117,0.0,0.0,0.0,0.0,0.0,0.0,0.0,0.0,0.0,0.0,0.0,0.0,0.0,0.0,0.0,0.0,0.0,0.0,0.0,0.0,0.0,0.0,0.0,0.0,0.0,0.0,0.0,0.0,0.0,0.0,0.0,0.0,0.0,0.0,0.0,0.0,0.0,0.0,0.0,0.0,0.0,0.0,0.0,0.0,0.0,0.0,0.0,0.0,0.0,0.0,0.0,0.0,0.0,0.0,0.0,0.0,0.0,0.0,0.0,0.0,0.0,0.0,0.0,0.0,0.0,0.0,0.0,0.0,0.0,0.0,0.0,0.0,0.0,0.0,0.0,0.0,0.0,0.0,0.0,0.0,0.0,0.0,0.0,0.0,0.0,0.0,0.0,0.0,0.0,0.0,0.0,0.0,0.0,9.802960494069208e-5,9.802960494069208e-5,9.802960494069208e-5,9.802960494069208e-5
0.007682249412014313,0.0005360775610514685,0.0004417221174524154,0.0003312263902189445,0.0,0.0,0.0,0.0,0.0,0.0,0.0,0.0,0.0,0.0,0.0,0.0,0.0,0.0,0.0,0.0,0.0,0.0,0.0,0.0,0.0,0.0,0.0,0.0,0.0,0.0,0.0,0.0,0.0,0.0,0.0,0.0,0.0,0.0,0.0,0.0,0.0,0.0,0.0,0.0,0.0,0.0,0.0,0.0,0.0,0.0,0.0,0.0,0.0,0.0,0.0,0.0,0.0,0.0,0.0,0.0,0.0,0.0,0.0,0.0,0.0,0.0,0.0,0.0,0.0,0.0,0.0,0.0,0.0,0.0,0.0,0.0,0.0,0.0,0.0,0.0,0.0,0.0,0.0,0.0,0.0,0.0,0.0,0.0,0.0,0.0,0.0,0.0,0.0,0.0,0.0,0.0,0.0,9.802960494069208e-5,9.802960494069208e-5,9.802960494069208e-5,9.802960494069208e-5
0.0066253021242112225,0.0007077518191164053,0.0007029039706312768,0.0005080902040426535,0.0,0.0,0.0,0.0,0.0,0.0,0.0,0.0,0.0,0.0,0.0,0.0,0.0,0.0,0.0,0.0,0.0,0.0,0.0,0.0,0.0,0.0,0.0,0.0,0.0,0.0,0.0,0.0,0.0,0.0,0.0,0.0,0.0,0.0,0.0,0.0,0.0,0.0,0.0,0.0,0.0,0.0,0.0,0.0,0.0,0.0,0.0,0.0,0.0,0.0,0.0,0.0,0.0,0.0,0.0,0.0,0.0,0.0,0.0,0.0,0.0,0.0,0.0,0.0,0.0,0.0,0.0,0.0,0.0,0.0,0.0,0.0,0.0,0.0,0.0,0.0,0.0,0.0,0.0,0.0,0.0,0.0,0.0,0.0,0.0,0.0,0.0,0.0,0.0,0.0,0.0,0.0,0.0,9.802960494069208e-5,9.802960494069208e-5,9.802960494069208e-5,9.802960494069208e-5
0.006772078250389534,0.0008436081403294598,0.0007332305626773354,0.0005651131711586566,0.0,0.0,0.0,0.0,0.0,0.0,0.0,0.0,0.0,0.0,0.0,0.0,0.0,0.0,0.0,0.0,0.0,0.0,0.0,0.0,0.0,0.0,0.0,0.0,0.0,0.0,0.0,0.0,0.0,0.0,0.0,0.0,0.0,0.0,0.0,0.0,0.0,0.0,0.0,0.0,0.0,0.0,0.0,0.0,0.0,0.0,0.0,0.0,0.0,0.0,0.0,0.0,0.0,0.0,0.0,0.0,0.0,0.0,0.0,0.0,0.0,0.0,0.0,0.0,0.0,0.0,0.0,0.0,0.0,0.0,0.0,0.0,0.0,0.0,0.0,0.0,0.0,0.0,0.0,0.0,0.0,0.0,0.0,0.0,0.0,0.0,0.0,0.0,0.0,0.0,0.0,0.0,0.0,9.802960494069208e-5,9.802960494069208e-5,9.802960494069208e-5,9.802960494069208e-5
0.006368781920005663,0.0006237611966346635,0.0006815703601226152,0.0005990247574319658,0.0,0.0,0.0,0.0,0.0,0.0,0.0,0.0,0.0,0.0,0.0,0.0,0.0,0.0,0.0,0.0,0.0,0.0,0.0,0.0,0.0,0.0,0.0,0.0,0.0,0.0,0.0,0.0,0.0,0.0,0.0,0.0,0.0,0.0,0.0,0.0,0.0,0.0,0.0,0.0,0.0,0.0,0.0,0.0,0.0,0.0,0.0,0.0,0.0,0.0,0.0,0.0,0.0,0.0,0.0,0.0,0.0,0.0,0.0,0.0,0.0,0.0,0.0,0.0,0.0,0.0,0.0,0.0,0.0,0.0,0.0,0.0,0.0,0.0,0.0,0.0,0.0,0.0,0.0,0.0,0.0,0.0,0.0,0.0,0.0,0.0,0.0,0.0,0.0,0.0,0.0,0.0,0.0,9.802960494069208e-5,9.802960494069208e-5,9.802960494069208e-5,9.802960494069208e-5
0.007018493811728674,0.0009907170867371029,0.0007438849148974118,0.0007755736927564474,0.0,0.0,0.0,0.0,0.0,0.0,0.0,0.0,0.0,0.0,0.0,0.0,0.0,0.0,0.0,0.0,0.0,0.0,0.0,0.0,0.0,0.0,0.0,0.0,0.0,0.0,0.0,0.0,0.0,0.0,0.0,0.0,0.0,0.0,0.0,0.0,0.0,0.0,0.0,0.0,0.0,0.0,0.0,0.0,0.0,0.0,0.0,0.0,0.0,0.0,0.0,0.0,0.0,0.0,0.0,0.0,0.0,0.0,0.0,0.0,0.0,0.0,0.0,0.0,0.0,0.0,0.0,0.0,0.0,0.0,0.0,0.0,0.0,0.0,0.0,0.0,0.0,0.0,0.0,0.0,0.0,0.0,0.0,0.0,0.0,0.0,0.0,0.0,0.0,0.0,0.0,0.0,0.0,9.802960494069208e-5,9.802960494069208e-5,9.802960494069208e-5,9.802960494069208e-5
0.005569133330595148,0.0007625517370771597,0.0007904277320999752,0.0007268972252378895,0.0,0.0,0.0,0.0,0.0,0.0,0.0,0.0,0.0,0.0,0.0,0.0,0.0,0.0,0.0,0.0,0.0,0.0,0.0,0.0,0.0,0.0,0.0,0.0,0.0,0.0,0.0,0.0,0.0,0.0,0.0,0.0,0.0,0.0,0.0,0.0,0.0,0.0,0.0,0.0,0.0,0.0,0.0,0.0,0.0,0.0,0.0,0.0,0.0,0.0,0.0,0.0,0.0,0.0,0.0,0.0,0.0,0.0,0.0,0.0,0.0,0.0,0.0,0.0,0.0,0.0,0.0,0.0,0.0,0.0,0.0,0.0,0.0,0.0,0.0,0.0,0.0,0.0,0.0,0.0,0.0,0.0,0.0,0.0,0.0,0.0,0.0,0.0,0.0,0.0,0.0,0.0,0.0,9.802960494069208e-5,9.802960494069208e-5,9.802960494069208e-5,9.802960494069208e-5
0.005161489069129178,0.0005215881570601676,0.0005740917894760894,0.0007809286186183129,0.0,0.0,0.0,0.0,0.0,0.0,0.0,0.0,0.0,0.0,0.0,0.0,0.0,0.0,0.0,0.0,0.0,0.0,0.0,0.0,0.0,0.0,0.0,0.0,0.0,0.0,0.0,0.0,0.0,0.0,0.0,0.0,0.0,0.0,0.0,0.0,0.0,0.0,0.0,0.0,0.0,0.0,0.0,0.0,0.0,0.0,0.0,0.0,0.0,0.0,0.0,0.0,0.0,0.0,0.0,0.0,0.0,0.0,0.0,0.0,0.0,0.0,0.0,0.0,0.0,0.0,0.0,0.0,0.0,0.0,0.0,0.0,0.0,0.0,0.0,0.0,0.0,0.0,0.0,0.0,0.0,0.0,0.0,0.0,0.0,0.0,0.0,0.0,0.0,0.0,0.0,0.0,0.0,9.802960494069208e-5,9.802960494069208e-5,9.802960494069208e-5,9.802960494069208e-5
0.0059330727472607725,0.001153620593413196,0.0011624321671206358,0.0014866237663274976,0.0,0.0,0.0,0.0,0.0,0.0,0.0,0.0,0.0,0.0,0.0,0.0,0.0,0.0,0.0,0.0,0.0,0.0,0.0,0.0,0.0,0.0,0.0,0.0,0.0,0.0,0.0,0.0,0.0,0.0,0.0,0.0,0.0,0.0,0.0,0.0,0.0,0.0,0.0,0.0,0.0,0.0,0.0,0.0,0.0,0.0,0.0,0.0,0.0,0.0,0.0,0.0,0.0,0.0,0.0,0.0,0.0,0.0,0.0,0.0,0.0,0.0,0.0,0.0,0.0,0.0,0.0,0.0,0.0,0.0,0.0,0.0,0.0,0.0,0.0,0.0,0.0,0.0,0.0,0.0,0.0,0.0,0.0,0.0,0.0,0.0,0.0,0.0,0.0,0.0,0.0,0.0,0.0,9.802960494069208e-5,9.802960494069208e-5,9.802960494069208e-5,9.802960494069208e-5
0.006661716666365241,0.0007140901843726829,0.0008178509630859942,0.0008103252143535173,0.0,0.0,0.0,0.0,0.0,0.0,0.0,0.0,0.0,0.0,0.0,0.0,0.0,0.0,0.0,0.0,0.0,0.0,0.0,0.0,0.0,0.0,0.0,0.0,0.0,0.0,0.0,0.0,0.0,0.0,0.0,0.0,0.0,0.0,0.0,0.0,0.0,0.0,0.0,0.0,0.0,0.0,0.0,0.0,0.0,0.0,0.0,0.0,0.0,0.0,0.0,0.0,0.0,0.0,0.0,0.0,0.0,0.0,0.0,0.0,0.0,0.0,0.0,0.0,0.0,0.0,0.0,0.0,0.0,0.0,0.0,0.0,0.0,0.0,0.0,0.0,0.0,0.0,0.0,0.0,0.0,0.0,0.0,0.0,0.0,0.0,0.0,0.0,0.0,0.0,0.0,0.0,0.0,9.802960494069208e-5,9.802960494069208e-5,9.802960494069208e-5,9.802960494069208e-5
0.004972651689801931,0.0006328485059378091,0.0005427349776671478,0.000536889267332161,0.0,0.0,0.0,0.0,0.0,0.0,0.0,0.0,0.0,0.0,0.0,0.0,0.0,0.0,0.0,0.0,0.0,0.0,0.0,0.0,0.0,0.0,0.0,0.0,0.0,0.0,0.0,0.0,0.0,0.0,0.0,0.0,0.0,0.0,0.0,0.0,0.0,0.0,0.0,0.0,0.0,0.0,0.0,0.0,0.0,0.0,0.0,0.0,0.0,0.0,0.0,0.0,0.0,0.0,0.0,0.0,0.0,0.0,0.0,0.0,0.0,0.0,0.0,0.0,0.0,0.0,0.0,0.0,0.0,0.0,0.0,0.0,0.0,0.0,0.0,0.0,0.0,0.0,0.0,0.0,0.0,0.0,0.0,0.0,0.0,0.0,0.0,0.0,0.0,0.0,0.0,0.0,0.0,9.802960494069208e-5,9.802960494069208e-5,9.802960494069208e-5,9.802960494069208e-5
0.0045242971794145674,0.00058972340918459,0.0006231377481095959,0.000650084380658986,0.0,0.0,0.0,0.0,0.0,0.0,0.0,0.0,0.0,0.0,0.0,0.0,0.0,0.0,0.0,0.0,0.0,0.0,0.0,0.0,0.0,0.0,0.0,0.0,0.0,0.0,0.0,0.0,0.0,0.0,0.0,0.0,0.0,0.0,0.0,0.0,0.0,0.0,0.0,0.0,0.0,0.0,0.0,0.0,0.0,0.0,0.0,0.0,0.0,0.0,0.0,0.0,0.0,0.0,0.0,0.0,0.0,0.0,0.0,0.0,0.0,0.0,0.0,0.0,0.0,0.0,0.0,0.0,0.0,0.0,0.0,0.0,0.0,0.0,0.0,0.0,0.0,0.0,0.0,0.0,0.0,0.0,0.0,0.0,0.0,0.0,0.0,0.0,0.0,0.0,0.0,0.0,0.0,9.802960494069208e-5,9.802960494069208e-5,9.802960494069208e-5,9.802960494069208e-5
0.004431114242665435,0.0006016809379189334,0.0005647607819314938,0.0005431993546312589,0.0,0.0,0.0,0.0,0.0,0.0,0.0,0.0,0.0,0.0,0.0,0.0,0.0,0.0,0.0,0.0,0.0,0.0,0.0,0.0,0.0,0.0,0.0,0.0,0.0,0.0,0.0,0.0,0.0,0.0,0.0,0.0,0.0,0.0,0.0,0.0,0.0,0.0,0.0,0.0,0.0,0.0,0.0,0.0,0.0,0.0,0.0,0.0,0.0,0.0,0.0,0.0,0.0,0.0,0.0,0.0,0.0,0.0,0.0,0.0,0.0,0.0,0.0,0.0,0.0,0.0,0.0,0.0,0.0,0.0,0.0,0.0,0.0,0.0,0.0,0.0,0.0,0.0,0.0,0.0,0.0,0.0,0.0,0.0,0.0,0.0,0.0,0.0,0.0,0.0,0.0,0.0,0.0,9.802960494069208e-5,9.802960494069208e-5,9.802960494069208e-5,9.802960494069208e-5
0.0034819438435742577,0.00042236787913502356,0.0003684035217313637,0.0003871684708418173,0.0,0.0,0.0,0.0,0.0,0.0,0.0,0.0,0.0,0.0,0.0,0.0,0.0,0.0,0.0,0.0,0.0,0.0,0.0,0.0,0.0,0.0,0.0,0.0,0.0,0.0,0.0,0.0,0.0,0.0,0.0,0.0,0.0,0.0,0.0,0.0,0.0,0.0,0.0,0.0,0.0,0.0,0.0,0.0,0.0,0.0,0.0,0.0,0.0,0.0,0.0,0.0,0.0,0.0,0.0,0.0,0.0,0.0,0.0,0.0,0.0,0.0,0.0,0.0,0.0,0.0,0.0,0.0,0.0,0.0,0.0,0.0,0.0,0.0,0.0,0.0,0.0,0.0,0.0,0.0,0.0,0.0,0.0,0.0,0.0,0.0,0.0,0.0,0.0,0.0,0.0,0.0,0.0,9.802960494069208e-5,9.802960494069208e-5,9.802960494069208e-5,9.802960494069208e-5
0.0032051778748749204,0.0004652637665204007,0.0004339314901806491,0.00047954035632489584,0.0,0.0,0.0,0.0,0.0,0.0,0.0,0.0,0.0,0.0,0.0,0.0,0.0,0.0,0.0,0.0,0.0,0.0,0.0,0.0,0.0,0.0,0.0,0.0,0.0,0.0,0.0,0.0,0.0,0.0,0.0,0.0,0.0,0.0,0.0,0.0,0.0,0.0,0.0,0.0,0.0,0.0,0.0,0.0,0.0,0.0,0.0,0.0,0.0,0.0,0.0,0.0,0.0,0.0,0.0,0.0,0.0,0.0,0.0,0.0,0.0,0.0,0.0,0.0,0.0,0.0,0.0,0.0,0.0,0.0,0.0,0.0,0.0,0.0,0.0,0.0,0.0,0.0,0.0,0.0,0.0,0.0,0.0,0.0,0.0,0.0,0.0,0.0,0.0,0.0,0.0,0.0,0.0,9.802960494069208e-5,9.802960494069208e-5,9.802960494069208e-5,9.802960494069208e-5
0.002638929662881688,0.00037095894152466705,0.0003292627717475682,0.00032629975153838686,0.0,0.0,0.0,0.0,0.0,0.0,0.0,0.0,0.0,0.0,0.0,0.0,0.0,0.0,0.0,0.0,0.0,0.0,0.0,0.0,0.0,0.0,0.0,0.0,0.0,0.0,0.0,0.0,0.0,0.0,0.0,0.0,0.0,0.0,0.0,0.0,0.0,0.0,0.0,0.0,0.0,0.0,0.0,0.0,0.0,0.0,0.0,0.0,0.0,0.0,0.0,0.0,0.0,0.0,0.0,0.0,0.0,0.0,0.0,0.0,0.0,0.0,0.0,0.0,0.0,0.0,0.0,0.0,0.0,0.0,0.0,0.0,0.0,0.0,0.0,0.0,0.0,0.0,0.0,0.0,0.0,0.0,0.0,0.0,0.0,0.0,0.0,0.0,0.0,0.0,0.0,0.0,0.0,9.802960494069208e-5,9.802960494069208e-5,9.802960494069208e-5,9.802960494069208e-5
0.0020795974714892668,0.00029935998699754925,0.0002970435597098324,0.00027158664629938243,0.0,0.0,0.0,0.0,0.0,0.0,0.0,0.0,0.0,0.0,0.0,0.0,0.0,0.0,0.0,0.0,0.0,0.0,0.0,0.0,0.0,0.0,0.0,0.0,0.0,0.0,0.0,0.0,0.0,0.0,0.0,0.0,0.0,0.0,0.0,0.0,0.0,0.0,0.0,0.0,0.0,0.0,0.0,0.0,0.0,0.0,0.0,0.0,0.0,0.0,0.0,0.0,0.0,0.0,0.0,0.0,0.0,0.0,0.0,0.0,0.0,0.0,0.0,0.0,0.0,0.0,0.0,0.0,0.0,0.0,0.0,0.0,0.0,0.0,0.0,0.0,0.0,0.0,0.0,0.0,0.0,0.0,0.0,0.0,0.0,0.0,0.0,0.0,0.0,0.0,0.0,0.0,0.0,9.802960494069208e-5,9.802960494069208e-5,9.802960494069208e-5,9.802960494069208e-5
0.0019113898436982659,0.0002230999879705911,0.0002255319455443584,0.0002115047779745123,0.0,0.0,0.0,0.0,0.0,0.0,0.0,0.0,0.0,0.0,0.0,0.0,0.0,0.0,0.0,0.0,0.0,0.0,0.0,0.0,0.0,0.0,0.0,0.0,0.0,0.0,0.0,0.0,0.0,0.0,0.0,0.0,0.0,0.0,0.0,0.0,0.0,0.0,0.0,0.0,0.0,0.0,0.0,0.0,0.0,0.0,0.0,0.0,0.0,0.0,0.0,0.0,0.0,0.0,0.0,0.0,0.0,0.0,0.0,0.0,0.0,0.0,0.0,0.0,0.0,0.0,0.0,0.0,0.0,0.0,0.0,0.0,0.0,0.0,0.0,0.0,0.0,0.0,0.0,0.0,0.0,0.0,0.0,0.0,0.0,0.0,0.0,0.0,0.0,0.0,0.0,0.0,0.0,9.802960494069208e-5,9.802960494069208e-5,9.802960494069208e-5,9.802960494069208e-5
0.001860685043565926,0.00022072483974198607,0.00020763043783452603,0.0002325966244874032,0.0,0.0,0.0,0.0,0.0,0.0,0.0,0.0,0.0,0.0,0.0,0.0,0.0,0.0,0.0,0.0,0.0,0.0,0.0,0.0,0.0,0.0,0.0,0.0,0.0,0.0,0.0,0.0,0.0,0.0,0.0,0.0,0.0,0.0,0.0,0.0,0.0,0.0,0.0,0.0,0.0,0.0,0.0,0.0,0.0,0.0,0.0,0.0,0.0,0.0,0.0,0.0,0.0,0.0,0.0,0.0,0.0,0.0,0.0,0.0,0.0,0.0,0.0,0.0,0.0,0.0,0.0,0.0,0.0,0.0,0.0,0.0,0.0,0.0,0.0,0.0,0.0,0.0,0.0,0.0,0.0,0.0,0.0,0.0,0.0,0.0,0.0,0.0,0.0,0.0,0.0,0.0,0.0,9.802960494069208e-5,9.802960494069208e-5,9.802960494069208e-5,9.802960494069208e-5
0.0017026912812469375,0.00023181826973826095,0.00022506750569552004,0.00020324422844819135,0.0,0.0,0.0,0.0,0.0,0.0,0.0,0.0,0.0,0.0,0.0,0.0,0.0,0.0,0.0,0.0,0.0,0.0,0.0,0.0,0.0,0.0,0.0,0.0,0.0,0.0,0.0,0.0,0.0,0.0,0.0,0.0,0.0,0.0,0.0,0.0,0.0,0.0,0.0,0.0,0.0,0.0,0.0,0.0,0.0,0.0,0.0,0.0,0.0,0.0,0.0,0.0,0.0,0.0,0.0,0.0,0.0,0.0,0.0,0.0,0.0,0.0,0.0,0.0,0.0,0.0,0.0,0.0,0.0,0.0,0.0,0.0,0.0,0.0,0.0,0.0,0.0,0.0,0.0,0.0,0.0,0.0,0.0,0.0,0.0,0.0,0.0,0.0,0.0,0.0,0.0,0.0,0.0,9.802960494069208e-5,9.802960494069208e-5,9.802960494069208e-5,9.802960494069208e-5
0.001698686090579356,0.0002380775892363494,0.000215417904460347,0.0001921693451818449,0.0,0.0,0.0,0.0,0.0,0.0,0.0,0.0,0.0,0.0,0.0,0.0,0.0,0.0,0.0,0.0,0.0,0.0,0.0,0.0,0.0,0.0,0.0,0.0,0.0,0.0,0.0,0.0,0.0,0.0,0.0,0.0,0.0,0.0,0.0,0.0,0.0,0.0,0.0,0.0,0.0,0.0,0.0,0.0,0.0,0.0,0.0,0.0,0.0,0.0,0.0,0.0,0.0,0.0,0.0,0.0,0.0,0.0,0.0,0.0,0.0,0.0,0.0,0.0,0.0,0.0,0.0,0.0,0.0,0.0,0.0,0.0,0.0,0.0,0.0,0.0,0.0,0.0,0.0,0.0,0.0,0.0,0.0,0.0,0.0,0.0,0.0,0.0,0.0,0.0,0.0,0.0,0.0,9.802960494069208e-5,9.802960494069208e-5,9.802960494069208e-5,9.802960494069208e-5
0.001675655418096266,0.0002419900578374669,0.00029250027448289383,0.00031239154004509363,0.0,0.0,0.0,0.0,0.0,0.0,0.0,0.0,0.0,0.0,0.0,0.0,0.0,0.0,0.0,0.0,0.0,0.0,0.0,0.0,0.0,0.0,0.0,0.0,0.0,0.0,0.0,0.0,0.0,0.0,0.0,0.0,0.0,0.0,0.0,0.0,0.0,0.0,0.0,0.0,0.0,0.0,0.0,0.0,0.0,0.0,0.0,0.0,0.0,0.0,0.0,0.0,0.0,0.0,0.0,0.0,0.0,0.0,0.0,0.0,0.0,0.0,0.0,0.0,0.0,0.0,0.0,0.0,0.0,0.0,0.0,0.0,0.0,0.0,0.0,0.0,0.0,0.0,0.0,0.0,0.0,0.0,0.0,0.0,0.0,0.0,0.0,0.0,0.0,0.0,0.0,0.0,0.0,9.802960494069208e-5,9.802960494069208e-5,9.802960494069208e-5,9.802960494069208e-5
0.001641033137927655,0.00026616598764826976,0.00030053479854916183,0.00024168320360748945,0.0,0.0,0.0,0.0,0.0,0.0,0.0,0.0,0.0,0.0,0.0,0.0,0.0,0.0,0.0,0.0,0.0,0.0,0.0,0.0,0.0,0.0,0.0,0.0,0.0,0.0,0.0,0.0,0.0,0.0,0.0,0.0,0.0,0.0,0.0,0.0,0.0,0.0,0.0,0.0,0.0,0.0,0.0,0.0,0.0,0.0,0.0,0.0,0.0,0.0,0.0,0.0,0.0,0.0,0.0,0.0,0.0,0.0,0.0,0.0,0.0,0.0,0.0,0.0,0.0,0.0,0.0,0.0,0.0,0.0,0.0,0.0,0.0,0.0,0.0,0.0,0.0,0.0,0.0,0.0,0.0,0.0,0.0,0.0,0.0,0.0,0.0,0.0,0.0,0.0,0.0,0.0,0.0,9.802960494069208e-5,9.802960494069208e-5,9.802960494069208e-5,9.802960494069208e-5
0.0017072268405058336,0.00024028663856484657,0.00026818106068032544,0.0002257019900009803,0.0,0.0,0.0,0.0,0.0,0.0,0.0,0.0,0.0,0.0,0.0,0.0,0.0,0.0,0.0,0.0,0.0,0.0,0.0,0.0,0.0,0.0,0.0,0.0,0.0,0.0,0.0,0.0,0.0,0.0,0.0,0.0,0.0,0.0,0.0,0.0,0.0,0.0,0.0,0.0,0.0,0.0,0.0,0.0,0.0,0.0,0.0,0.0,0.0,0.0,0.0,0.0,0.0,0.0,0.0,0.0,0.0,0.0,0.0,0.0,0.0,0.0,0.0,0.0,0.0,0.0,0.0,0.0,0.0,0.0,0.0,0.0,0.0,0.0,0.0,0.0,0.0,0.0,0.0,0.0,0.0,0.0,0.0,0.0,0.0,0.0,0.0,0.0,0.0,0.0,0.0,0.0,0.0,9.802960494069208e-5,9.802960494069208e-5,9.802960494069208e-5,9.802960494069208e-5
0.00167215018135477,0.00030206371924321147,0.000314986766003333,0.0002740323497696304,0.0,0.0,0.0,0.0,0.0,0.0,0.0,0.0,0.0,0.0,0.0,0.0,0.0,0.0,0.0,0.0,0.0,0.0,0.0,0.0,0.0,0.0,0.0,0.0,0.0,0.0,0.0,0.0,0.0,0.0,0.0,0.0,0.0,0.0,0.0,0.0,0.0,0.0,0.0,0.0,0.0,0.0,0.0,0.0,0.0,0.0,0.0,0.0,0.0,0.0,0.0,0.0,0.0,0.0,0.0,0.0,0.0,0.0,0.0,0.0,0.0,0.0,0.0,0.0,0.0,0.0,0.0,0.0,0.0,0.0,0.0,0.0,0.0,0.0,0.0,0.0,0.0,0.0,0.0,0.0,0.0,0.0,0.0,0.0,0.0,0.0,0.0,0.0,0.0,0.0,0.0,0.0,0.0,9.802960494069208e-5,9.802960494069208e-5,9.802960494069208e-5,9.802960494069208e-5
0.001557543378100187,0.0002142927164003529,0.00022236055288697186,0.00016330751887069894,0.0,0.0,0.0,0.0,0.0,0.0,0.0,0.0,0.0,0.0,0.0,0.0,0.0,0.0,0.0,0.0,0.0,0.0,0.0,0.0,0.0,0.0,0.0,0.0,0.0,0.0,0.0,0.0,0.0,0.0,0.0,0.0,0.0,0.0,0.0,0.0,0.0,0.0,0.0,0.0,0.0,0.0,0.0,0.0,0.0,0.0,0.0,0.0,0.0,0.0,0.0,0.0,0.0,0.0,0.0,0.0,0.0,0.0,0.0,0.0,0.0,0.0,0.0,0.0,0.0,0.0,0.0,0.0,0.0,0.0,0.0,0.0,0.0,0.0,0.0,0.0,0.0,0.0,0.0,0.0,0.0,0.0,0.0,0.0,0.0,0.0,0.0,0.0,0.0,0.0,0.0,0.0,0.0,9.802960494069208e-5,9.802960494069208e-5,9.802960494069208e-5,9.802960494069208e-5
0.0011358200176453295,0.00014986766003333005,0.0001241250857759043,0.00010499950985197528,0.0,0.0,0.0,0.0,0.0,0.0,0.0,0.0,0.0,0.0,0.0,0.0,0.0,0.0,0.0,0.0,0.0,0.0,0.0,0.0,0.0,0.0,0.0,0.0,0.0,0.0,0.0,0.0,0.0,0.0,0.0,0.0,0.0,0.0,0.0,0.0,0.0,0.0,0.0,0.0,0.0,0.0,0.0,0.0,0.0,0.0,0.0,0.0,0.0,0.0,0.0,0.0,0.0,0.0,0.0,0.0,0.0,0.0,0.0,0.0,0.0,0.0,0.0,0.0,0.0,0.0,0.0,0.0,0.0,0.0,0.0,0.0,0.0,0.0,0.0,0.0,0.0,0.0,0.0,0.0,0.0,0.0,0.0,0.0,0.0,0.0,0.0,0.0,0.0,0.0,0.0,0.0,0.0,9.802960494069208e-5,9.802960494069208e-5,9.802960494069208e-5,9.802960494069208e-5
0.0009783256543476136,9.999999999999999e-5,9.9009900990099e-5,9.802960494069208e-5,0.0,0.0,0.0,0.0,0.0,0.0,0.0,0.0,0.0,0.0,0.0,0.0,0.0,0.0,0.0,0.0,0.0,0.0,0.0,0.0,0.0,0.0,0.0,0.0,0.0,0.0,0.0,0.0,0.0,0.0,0.0,0.0,0.0,0.0,0.0,0.0,0.0,0.0,0.0,0.0,0.0,0.0,0.0,0.0,0.0,2.361670886146898e-13,8.187234546331415e-13,1.1690270886427146e-11,2.2281094481028843e-12,3.3020644585305835e-12,2.8384882121754703e-12,1.7501920763401982e-12,1.1386740957655186e-12,4.737598299723301e-13,2.888354503948974e-13,0.0,0.0,0.0,0.0,0.0,0.0,0.0,0.0,0.0,0.0,0.0,0.0,0.0,0.0,0.0,0.0,0.0,0.0,0.0,0.0,0.0,0.0,0.0,0.0,0.0,0.0,0.0,0.0,0.0,0.0,0.0,0.0,0.0,0.0,0.0,0.0,0.0,0.0,9.802960494069208e-5,9.802960494069208e-5,9.802960494069208e-5,9.802960494069208e-5
0.0007705126948338402,0.00010783256543476129,0.00010097049308891284,9.9009900990099e-5,0.0,0.0,0.0,0.0,0.0,0.0,0.0,0.0,0.0,0.0,0.0,0.0,0.0,0.0,0.0,0.0,0.0,0.0,0.0,0.0,0.0,0.0,0.0,0.0,0.0,0.0,0.0,0.0,0.0,0.0,0.0,0.0,0.0,0.0,0.0,0.0,0.0,0.0,0.0,0.0,0.0,0.0,0.0,0.0,1.1625354447923583e-7,5.991627634922612e-7,1.0158067955542616e-6,2.3279469925584467e-6,2.857790117179358e-6,2.6951844403108555e-6,2.999894342173186e-6,1.8782061036265393e-6,1.5442131110019594e-6,6.008987131531908e-7,3.5908369339029977e-7,2.934179478652791e-7,1.2238934147461505e-7,2.3912156011075897e-13,1.194788097829962e-13,0.0,0.0,0.0,0.0,0.0,0.0,0.0,0.0,0.0,0.0,0.0,0.0,0.0,0.0,0.0,0.0,0.0,0.0,0.0,0.0,0.0,0.0,0.0,0.0,0.0,0.0,0.0,0.0,0.0,0.0,0.0,0.0,0.0,0.0,9.802960494069208e-5,9.802960494069208e-5,9.802960494069208e-5,9.802960494069208e-5
0.0004891677286540537,9.9009900990099e-5,9.802960494069208e-5,9.802960494069208e-5,0.0,0.0,0.0,0.0,0.0,0.0,0.0,0.0,0.0,0.0,0.0,0.0,0.0,0.0,0.0,0.0,0.0,0.0,0.0,0.0,0.0,0.0,0.0,0.0,0.0,0.0,0.0,0.0,0.0,0.0,0.0,0.0,0.0,0.0,0.0,0.0,0.0,0.0,0.0,0.0,0.0,0.0,0.0,1.0493278373449579e-5,1.6575496113023695e-5,6.329087080869653e-5,0.00012190695100676534,0.00017618482400859038,0.00024164371369209538,0.0002197682708524205,0.0001868319529827041,0.00010389588927735906,4.740066562001051e-5,1.3486607849803399e-5,6.172356422843551e-6,1.0487699425892777e-6,5.37048415757607e-6,8.214251273563692e-7,5.871245425468756e-7,2.7257085883964566e-7,5.993702726529916e-8,4.1154962946033776e-8,3.5908395603029906e-9,3.590837262202997e-9,0.0,0.0,0.0,0.0,0.0,0.0,0.0,0.0,0.0,0.0,0.0,0.0,0.0,0.0,0.0,0.0,0.0,0.0,0.0,0.0,0.0,0.0,0.0,0.0,0.0,0.0,0.0,0.0,0.0,9.802960494069208e-5,9.802960494069208e-5,9.802960494069208e-5,9.802960494069208e-5
0.0002823252622291933,0.00010685226938535437,0.00010097049308891284,9.802960494069208e-5,0.0,0.0,0.0,0.0,0.0,0.0,0.0,0.0,0.0,0.0,0.0,0.0,0.0,0.0,0.0,0.0,0.0,0.0,0.0,0.0,0.0,0.0,0.0,0.0,0.0,0.0,0.0,0.0,0.0,0.0,0.0,0.0,0.0,0.0,0.0,0.0,0.0,0.0,0.0,0.0,0.0,0.00011578559108141442,0.00015127342922142828,0.0003191211689368454,0.0005583719605736497,0.0009672655523632125,0.0014351106526867873,0.001704545407104759,0.001939938652937295,0.0018910204424697713,0.0011195442820521133,0.0007614815455614496,0.0003421549571547382,0.00022258714138667713,0.00010656699806351018,9.91109471897335e-6,6.291392041848831e-6,0.0,4.7400665859132074e-7,0.0,0.0,0.0,0.0,0.0,0.0,0.0,0.0,0.0,0.0,0.0,0.0,0.0,0.0,0.0,0.0,0.0,0.0,0.0,0.0,0.0,0.0,0.0,0.0,0.0,0.0,0.0,0.0,0.0,0.0,0.0,0.0,0.0,0.0,9.802960494069208e-5,9.802960494069208e-5,9.802960494069208e-5,9.802960494069208e-5
9.802960494069208e-5,9.802960494069208e-5,9.802960494069208e-5,9.802960494069208e-5,0.0,0.0,0.0,0.0,0.0,0.0,0.0,0.0,0.0,0.0,0.0,0.0,0.0,0.0,0.0,0.0,0.0,0.0,0.0,0.0,0.0,0.0,0.0,0.0,0.0,0.0,0.0,0.0,0.0,0.0,0.0,0.0,0.0,0.0,0.0,0.0,0.0,0.0,0.0,0.00013129784294365737,0.0002791942479413477,0.0006389585234519481,0.0014177518519765384,0.0020010380326175173,0.0020957413955496923,0.0025673953874562087,0.0027818296525287823,0.0028545470995797986,0.0028813646808543854,0.002281451874202272,0.00213208977254634,0.0011094812103823416,0.0010834325273301347,0.0006097762602881932,0.00036981869960832164,0.000188317000753827,0.00019882579793923562,9.644813530832132e-5,1.4974008651234327e-7,1.6233465708857059e-7,2.542143690715162e-7,2.867285562638704e-7,1.5500491772768822e-7,1.8582267537641813e-7,1.1240408607418595e-7,5.178846317953269e-8,4.361133741434331e-8,3.815992023755039e-8,1.9079960118775198e-8,0.0,0.0,0.0,0.0,0.0,0.0,0.0,0.0,0.0,0.0,0.0,0.0,0.0,0.0,0.0,0.0,0.0,0.0,0.0,0.0,0.0,0.0,0.0,0.0,9.802960494069208e-5,9.802960494069208e-5,9.802960494069208e-5,9.802960494069208e-5
9.802960494069208e-5,9.802960494069208e-5,9.802960494069208e-5,9.802960494069208e-5,0.0,0.0,0.0,0.0,0.0,0.0,0.0,0.0,0.0,0.0,0.0,0.0,0.0,0.0,0.0,0.0,0.0,0.0,0.0,0.0,0.0,0.0,0.0,0.0,0.0,0.0,0.0,0.0,0.0,0.0,0.0,0.0,0.0,0.0,0.0,0.0,0.0,0.0,0.00013019713210943431,0.00022421802116607032,0.0006272083287395734,0.0014801107359083364,0.002123541192837097,0.003172324368538667,0.003382744107563492,0.003197947205753464,0.002711403241901351,0.001887221277873173,0.0013682323380842314,0.0009242638514403696,0.0006134620415140799,0.0003610517609733589,0.00030141010286310936,0.00035691597944559756,0.0002509403034061384,0.0003955612894422005,0.0005036272507994395,0.0006685784562146855,0.0005735165299196904,0.0005209277634347354,0.0004725164896193522,0.00022443703703449062,0.00011776917819418338,3.790780385447545e-5,6.922326665813865e-7,2.5190704044317446e-7,2.521943076079987e-7,8.258930988696881e-10,6.348845474813679e-8,4.309007472363588e-10,5.386259340454486e-10,7.181679120605981e-11,7.181679120605981e-11,3.5908395603029904e-11,0.0,0.0,0.0,0.0,0.0,0.0,0.0,0.0,0.0,0.0,0.0,0.0,0.0,0.0,0.0,0.0,0.0,0.0,0.0,9.802960494069208e-5,9.802960494069208e-5,9.802960494069208e-5,9.802960494069208e-5
9.802960494069208e-5,9.802960494069208e-5,9.802960494069208e-5,9.802960494069208e-5,0.0,0.0,0.0,0.0,0.0,0.0,0.0,0.0,0.0,0.0,0.0,0.0,0.0,0.0,0.0,0.0,0.0,0.0,0.0,0.0,0.0,0.0,0.0,0.0,0.0,0.0,0.0,0.0,0.0,0.0,0.0,0.0,0.0,0.0,0.0,9.644813530832132e-7,0.0001373936780181526,0.00019192698628592989,0.0005015382800149669,0.0008680199734786749,0.0008982038352160061,0.001154349659246825,0.0012422389521098457,0.001297881752840299,0.0012581946175159247,0.0014224371598087805,0.0011841441341776055,0.0007596795897252396,0.0006046097317652059,0.00044056812074039084,0.0006002296080471401,0.0005599595376974061,0.0005246215571213538,0.0006366794143826484,0.00030566753480255546,0.00019345465258397063,5.184953125717827e-5,4.411933018996305e-5,1.3153937906882317e-5,1.1006041019276688e-5,9.9487769012874e-6,2.783710911235811e-5,4.572993352635215e-5,3.380038565217742e-5,3.380038565152154e-5,1.9882579799604006e-5,1.192954788428521e-5,5.96477396112116e-6,0.0,0.0,0.0,0.0,0.0,0.0,0.0,0.0,0.0,0.0,0.0,0.0,0.0,0.0,0.0,0.0,0.0,0.0,0.0,0.0,0.0,0.0,0.0,0.0,0.0,9.802960494069208e-5,9.802960494069208e-5,9.802960494069208e-5,9.802960494069208e-5
9.802960494069208e-5,9.802960494069208e-5,9.802960494069208e-5,9.802960494069208e-5,0.0,0.0,0.0,0.0,0.0,0.0,0.0,0.0,0.0,0.0,0.0,0.0,0.0,0.0,0.0,0.0,0.0,0.0,0.0,0.0,0.0,0.0,0.0,0.0,0.0,0.0,0.0,0.0,0.0,0.0,0.0,0.0,0.0,0.0,2.5296006356878467e-5,5.8873592610787045e-5,0.00019215218518783513,0.00024035806636609993,0.0005905931358174847,0.0008212099049113482,0.0009694924995062831,0.0010044378578294355,0.0009647046563470052,0.0007233361143249963,0.0006988098239311757,0.0007087300799447487,0.0008862633121730344,0.0009125217464539266,0.0008901271496264702,0.0007798902292110133,0.0009885505802120671,0.0009554676759949147,0.0008983121725632409,0.0008110279012126868,0.0008294435232077464,0.0005165989887326072,0.000510195121023317,0.0005052011586662792,0.0004331210661483359,0.00040614447760301935,0.0002699437337105035,0.00021655993652441467,0.00010370776393142879,0.00013573431879674376,6.203908965946631e-5,2.7834607854082706e-5,2.3883699574403762e-5,4.0617936239114685e-6,8.381002153820032e-8,2.494235511073421e-8,8.441965830763293e-9,5.266502684805245e-9,0.0,0.0,0.0,0.0,0.0,0.0,0.0,0.0,0.0,0.0,0.0,0.0,0.0,0.0,0.0,0.0,0.0,0.0,0.0,0.0,0.0,9.802960494069208e-5,9.802960494069208e-5,9.802960494069208e-5,9.802960494069208e-5
9.802960494069208e-5,9.802960494069208e-5,9.802960494069208e-5,9.802960494069208e-5,0.0,0.0,0.0,0.0,0.0,0.0,0.0,0.0,0.0,0.0,0.0,0.0,0.0,0.0,0.0,0.0,0.0,0.0,0.0,0.0,0.0,0.0,0.0,0.0,0.0,0.0,0.0,0.0,0.0,0.0,0.0,0.0,0.0,5.468266211820734e-5,0.00010061583234686516,0.00020143188642853378,0.00043013952261477823,0.0006325188981326908,0.0008367282493949462,0.0009537399293987744,0.0010420661345196833,0.0010693025041547271,0.0010537702077094795,0.001186497547445034,0.001102307301099374,0.0008518437601947619,0.0008348039995664609,0.0007810232803790784,0.0007921935505652067,0.0012163429455188121,0.0012656771402895454,0.0011387621572763868,0.0011133509570778659,0.0009608136535994871,0.0006018052481244239,0.00031931948030733333,0.00018493739201162177,0.00010419540678423962,9.165354168778576e-5,1.7579136720553172e-5,1.802402462966135e-5,3.434145314042568e-5,5.041535835010186e-5,5.638282919742175e-5,4.188770072888056e-5,3.305122643791795e-5,2.1207047391530908e-5,2.205024195879093e-6,1.6567391692706715e-6,1.002809380382686e-6,5.625677396116184e-7,4.557781797249273e-7,1.657230821745046e-8,7.741012391045937e-9,5.2878746614891265e-9,1.5809109812699449e-9,0.0,0.0,0.0,0.0,0.0,0.0,0.0,0.0,0.0,0.0,0.0,0.0,0.0,0.0,0.0,0.0,0.0,9.802960494069208e-5,9.802960494069208e-5,9.802960494069208e-5,9.802960494069208e-5
9.802960494069208e-5,9.802960494069208e-5,9.802960494069208e-5,9.802960494069208e-5,0.0,0.0,0.0,0.0,0.0,0.0,0.0,0.0,0.0,0.0,0.0,0.0,0.0,0.0,0.0,0.0,0.0,0.0,0.0,0.0,0.0,0.0,0.0,0.0,0.0,0.0,0.0,0.0,0.0,0.0,0.0,1.9113323040867593e-5,5.8497014824886096e-5,7.043111364411585e-5,0.0001585544320610977,0.0002526754036629644,0.0002898990981393195,0.00038298578681860237,0.00043759335980420396,0.0006354098979522599,0.0008266263554940675,0.0007743763726292648,0.0009340351635540188,0.0009814819283525849,0.0006984265672208191,0.0007487348412649499,0.0005919194670632974,0.00061015424160696,0.0006275182618656984,0.0005860897924500958,0.0007606984205519128,0.0007314959366064862,0.0007344058368277466,0.0006941132581794294,0.0005417231336913767,0.0005230680041998857,0.0005651278805414403,0.0009570589332483119,0.0009043612034904661,0.0006202640100612684,0.0005179152915203494,0.00046147153676056365,0.0001924575618482183,6.324871772242937e-5,9.420504485309097e-6,1.122704516939037e-5,2.785640341671221e-6,3.342456854297281e-6,5.845958092214978e-6,8.351306171258197e-6,3.618997622157316e-6,2.2270348004365583e-6,5.567917358330944e-7,1.6517861977393763e-11,0.0,0.0,0.0,0.0,0.0,0.0,0.0,0.0,0.0,0.0,0.0,0.0,0.0,0.0,0.0,0.0,0.0,0.0,0.0,9.802960494069208e-5,9.802960494069208e-5,9.802960494069208e-5,9.802960494069208e-5
9.802960494069208e-5,9.802960494069208e-5,9.802960494069208e-5,9.802960494069208e-5,0.0,0.0,0.0,0.0,0.0,0.0,0.0,0.0,0.0,0.0,0.0,0.0,0.0,0.0,0.0,0.0,0.0,0.0,0.0,0.0,0.0,0.0,0.0,0.0,0.0,0.0,0.0,0.0,2.682803340180494e-5,8.569293002620719e-5,0.0002209427622931535,0.00032708731903757066,0.0003705850150565475,0.0005031189976857085,0.0006159489665058215,0.000642122770819935,0.000551270846256039,0.0004918370578193542,0.0004973215357595001,0.0004932492125427323,0.0004253461272744481,0.0004582548285570827,0.0003826563076987409,0.0003626730328400468,0.0003158627581087566,0.00040600049863250443,0.0005491733949484157,0.000617812690248476,0.0006075517049821789,0.0005581244208812088,0.0004678542939066689,0.00033159447700995687,0.00036702498182795675,0.000324616017674919,0.0004341915290134165,0.00048102681999580104,0.0006495897963015491,0.0006703847705500774,0.00039584083489294667,0.0002967065324538193,0.0002006158754643832,0.0001586146865774442,0.00020655847336884146,0.00012869832469812874,0.00010571983062313383,5.5178452062299736e-5,2.3121826556355967e-5,1.7291658856438317e-5,1.1461496182974612e-5,3.125862921918559e-6,2.0839081356847927e-6,0.0,0.0,0.0,0.0,0.0,0.0,0.0,0.0,0.0,0.0,0.0,0.0,0.0,0.0,0.0,0.0,0.0,0.0,0.0,0.0,0.0,0.0,9.802960494069208e-5,9.802960494069208e-5,9.802960494069208e-5,9.802960494069208e-5
9.802960494069208e-5,9.802960494069208e-5,9.802960494069208e-5,9.802960494069208e-5,0.0,0.0,0.0,0.0,0.0,0.0,0.0,0.0,0.0,0.0,0.0,0.0,0.0,0.0,0.0,0.0,0.0,0.0,0.0,0.0,0.0,0.0,0.0,0.0,0.0,0.0,0.0,9.576614359756611e-6,3.943584397482217e-5,0.00010027855952079094,0.00017011985013255096,0.0002990453037097919,0.00040470194368790976,0.00043114017523296225,0.0004546722339197994,0.0004329777987471765,0.00043550875888533714,0.0003856567835906566,0.00035924661507523393,0.0003507844778046695,0.00030323391212292697,0.0003998370758346098,0.0003818938676335098,0.0004047572346598109,0.00044318260742381993,0.0006244355991575384,0.0007116863010529516,0.0009642295191084258,0.0009784812209580915,0.0009595551769609073,0.0007305544784795092,0.0007215808144933064,0.0005654337905303992,0.00047103140451665315,0.0004299157086772464,0.00044580445446891487,0.00046135027096563374,0.0004820792913008283,0.0004648145899737905,0.00018427037553667998,0.00015812186295410376,0.00020610933094625616,0.00010409097621619018,0.00013145773634225483,0.0001769197143109208,8.33290505588961e-5,0.00010786238789505937,0.00010778056108495312,3.9883895127817325e-5,1.7197544033691016e-5,1.7075690224960556e-5,0.0,0.0,0.0,0.0,0.0,0.0,0.0,0.0,0.0,0.0,0.0,0.0,0.0,0.0,0.0,0.0,0.0,0.0,0.0,0.0,0.0,0.0,9.802960494069208e-5,9.802960494069208e-5,9.802960494069208e-5,9.802960494069208e-5
9.802960494069208e-5,9.802960494069208e-5,9.802960494069208e-5,9.802960494069208e-5,0.0,0.0,0.0,0.0,0.0,0.0,0.0,0.0,0.0,0.0,0.0,0.0,0.0,0.0,0.0,0.0,0.0,0.0,0.0,0.0,0.0,0.0,0.0,0.0,0.0,0.0,0.0,0.0,3.599963095314196e-5,7.086062087056985e-5,0.000121262148429952,0.00019564080556875682,0.0002720187720722822,0.0003825091629630261,0.0005370737105039798,0.0005656261913927016,0.0006261217754704735,0.0005013874115783287,0.0004826550143753,0.0004967177172996823,0.0004951003277855748,0.0005671013315259179,0.0005540586771202338,0.0005311366597306006,0.00045279022845392164,0.0004732678691448645,0.00041891003401951473,0.0005135409091676757,0.0005829034159492057,0.0006334471160172061,0.0006743092389033672,0.0005383742459306171,0.00034614321579765344,0.00031594513827121716,0.00029264619562964137,0.00035924687317323974,0.00041600218900474497,0.0004949801142818502,0.00041706065749426825,0.0002743380971723325,0.0002563368402617869,0.0002719445091237756,0.00021977356157337944,0.00021281643166118754,0.00010729620971530522,9.754747615966307e-5,1.9450720123806243e-5,1.0427636009219135e-5,1.0028093803826859e-8,0.0,0.0,0.0,0.0,0.0,0.0,0.0,0.0,0.0,0.0,0.0,0.0,0.0,0.0,0.0,0.0,0.0,0.0,0.0,0.0,0.0,0.0,0.0,0.0,9.802960494069208e-5,9.802960494069208e-5,9.802960494069208e-5,9.802960494069208e-5
9.802960494069208e-5,9.802960494069208e-5,9.802960494069208e-5,9.802960494069208e-5,0.0,0.0,0.0,0.0,0.0,0.0,0.0,0.0,0.0,0.0,0.0,0.0,0.0,0.0,0.0,0.0,0.0,0.0,0.0,0.0,0.0,0.0,0.0,0.0,1.768973162028668e-5,4.742543523734014e-5,0.00014950606040929038,0.00023299563740398818,0.000336160365043804,0.0003348300438850553,0.0003420475447892328,0.0003165225146399679,0.00019467425262581633,0.00010556493086891005,9.669833098499987e-5,0.00010840720339782408,0.00011870904748868148,0.00014573840545665547,0.00018087594368249222,0.00020948281114355262,0.00027532811436510124,0.0004514115360728484,0.00036314817342524773,0.00030356796145085597,0.00027133197807117796,0.00020692071636631707,0.0001124685129814115,0.0002450358238032631,0.00030115378743858344,0.0004831147322366339,0.0004934034950321657,0.0006564752719024691,0.0007220092944354792,0.0006618820523427484,0.0004827627355399121,0.00034519229599890174,0.00031353336645902486,0.0003322033039337178,0.0003990454981827586,0.00038005423408218875,0.00044158094540324084,0.0005207664737682139,0.00036640558791271416,0.00031183812663898456,0.00015753244926108728,7.10785393734048e-5,6.416055342374216e-6,1.8427037553668e-6,0.0,0.0,0.0,0.0,0.0,0.0,0.0,0.0,0.0,0.0,0.0,0.0,0.0,0.0,0.0,0.0,0.0,0.0,0.0,0.0,0.0,0.0,0.0,0.0,0.0,9.802960494069208e-5,9.802960494069208e-5,9.802960494069208e-5,9.802960494069208e-5
9.802960494069208e-5,9.802960494069208e-5,9.802960494069208e-5,9.802960494069208e-5,0.0,0.0,0.0,0.0,0.0,0.0,0.0,0.0,0.0,0.0,0.0,0.0,0.0,0.0,0.0,0.0,0.0,0.0,0.0,0.0,0.0,0.0,1.1374549184670091e-5,1.8454679254982857e-5,3.6208352168144875e-5,5.0537066334788825e-5,9.765456498230336e-5,0.00014221923251838287,0.00017572142793046712,0.00024997628927282846,0.0003579110996109164,0.00036739011278533065,0.00030973526766364375,0.0002544033960183601,0.00028023325327012705,0.00027446598309061325,0.00036619971167889365,0.0005132581432770549,0.000494974150803898,0.0004945631322563198,0.0005776278160355773,0.0005775095500821795,0.0005109084436470772,0.000662141667549583,0.0006079395825895086,0.0006954333865532522,0.0008749735905787892,0.0009499093935594646,0.0009574694647362412,0.0011454842067085058,0.001127437819092354,0.0007938110929651444,0.000792641026847917,0.0005935777965355506,0.00047393827757470994,0.00034320151653035474,0.00026862693117002515,0.0002810706869401588,0.0002864455804545454,0.0003232345459579557,0.00025281781900991286,0.00025531970261790266,0.00011153966938577664,8.672653453205842e-5,5.566223158289322e-5,1.835003748148217e-5,0.0,0.0,0.0,0.0,0.0,0.0,0.0,0.0,0.0,0.0,0.0,0.0,0.0,0.0,0.0,0.0,0.0,0.0,0.0,0.0,0.0,0.0,0.0,0.0,0.0,0.0,0.0,9.802960494069208e-5,9.802960494069208e-5,9.802960494069208e-5,9.802960494069208e-5
9.802960494069208e-5,9.802960494069208e-5,9.802960494069208e-5,9.802960494069208e-5,0.0,0.0,0.0,0.0,0.0,0.0,0.0,0.0,0.0,0.0,0.0,0.0,0.0,0.0,0.0,0.0,0.0,0.0,0.0,0.0,4.102276284849696e-5,1.820999054546328e-5,9.060850756936745e-5,0.00011350938570018033,0.0001373774379450779,0.00018569965568166922,0.00022314351301429617,0.00019735339323637683,0.000246767364924166,0.00024130517173344534,0.00019692982887724487,0.00014827452629130605,0.00021539431517964493,0.00021594246716341033,0.0002520623888238017,0.00024168637696747513,0.00025328886653802943,0.00024401083616596927,0.00014614073681707733,0.00023754000287279616,0.00032429293022666865,0.00039230641637194466,0.0005907737700264931,0.001043621041067204,0.000868163228249322,0.001243809117784855,0.000926647375996324,0.0008166880471151835,0.0008407493761434226,0.0008129567209759125,0.0009092812733931269,0.0009619633157288934,0.0009429749235974322,0.0009689931983961256,0.0008049886177917359,0.0007295170631867667,0.00047528154572266533,0.0004529008854797065,0.00027020070148907517,0.00014466198684664222,5.568241320981519e-5,1.067258435755811e-5,0.0,0.0,0.0,0.0,0.0,0.0,0.0,0.0,0.0,0.0,0.0,0.0,0.0,0.0,0.0,0.0,0.0,0.0,0.0,0.0,0.0,0.0,0.0,0.0,0.0,0.0,0.0,0.0,0.0,0.0,0.0,9.802960494069208e-5,9.802960494069208e-5,9.802960494069208e-5,9.802960494069208e-5
9.802960494069208e-5,9.802960494069208e-5,9.802960494069208e-5,9.802960494069208e-5,0.0,0.0,0.0,0.0,0.0,0.0,0.0,0.0,0.0,0.0,0.0,0.0,0.0,0.0,0.0,0.0,0.0,0.0,0.0,0.0,0.0,8.53800478041688e-6,1.3660807672880523e-5,4.0027510744384436e-5,3.246190795587737e-5,3.5210346132210645e-5,3.408083648789804e-5,4.1054384089630005e-5,7.579918614332311e-5,0.00011312507948652324,0.00023446839564374448,0.0003447753009015827,0.00043011134915763564,0.0005760837361080427,0.0006298453402347195,0.0007553767909681976,0.0007490883919384107,0.0004682897161409236,0.00041258756627653615,0.00037494556641323685,0.00030526151315353136,0.00018129207147229257,0.00023552700260640112,0.00038900838606594466,0.0004949447985245113,0.0008845699095589829,0.0013648330136569237,0.0014503585742506927,0.0016693531043397811,0.0016127256915817582,0.0012243111829522743,0.0009771766150091239,0.000684575601587169,0.0006868940540534312,0.0007901026914886337,0.0006811076218663027,0.0005402210025789416,0.0004088750040347362,0.00024082694094683786,0.00016057048714729474,0.00011845478716575601,2.5082700693194216e-5,7.522618959492346e-6,0.0,0.0,0.0,0.0,0.0,0.0,0.0,0.0,0.0,0.0,0.0,0.0,0.0,0.0,0.0,0.0,0.0,0.0,0.0,0.0,0.0,0.0,0.0,0.0,0.0,0.0,0.0,0.0,0.0,0.0,9.802960494069208e-5,9.802960494069208e-5,9.802960494069208e-5,9.802960494069208e-5
9.802960494069208e-5,9.802960494069208e-5,9.802960494069208e-5,9.802960494069208e-5,0.0,0.0,0.0,0.0,0.0,0.0,0.0,0.0,0.0,0.0,0.0,0.0,0.0,0.0,0.0,0.0,0.0,0.0,0.0,0.0,8.743691330677454e-13,2.6231073992032363e-12,1.0725635734905661e-6,1.4520363250136137e-6,6.3564122299464145e-6,1.0846244229023675e-5,2.4501113899118027e-5,2.811676821123055e-5,9.801908856930107e-5,0.00010230888014466835,0.00018902380559298953,0.000345465482196524,0.00035155990440163994,0.0005426991356439101,0.0005311325853243871,0.0005066249715348604,0.0004938209271613915,0.0005067164676125294,0.0004445224887952933,0.00045480314955777354,0.0006290093156339473,0.0008068155106662187,0.0009341032200553581,0.0008975076256156953,0.0011175328729156801,0.0010522653309096514,0.0008963359765741574,0.001004752463831182,0.0008710549134516907,0.0006157844397902942,0.0007733627641905103,0.000808196266313135,0.0010261025683367742,0.0011445942789529396,0.0011185751150063821,0.000878699980934172,0.0005909875490289735,0.00036138226603968235,0.00015328165996379735,3.5092239183642966e-5,5.188981643335463e-6,0.0,0.0,0.0,0.0,0.0,0.0,0.0,0.0,0.0,0.0,0.0,0.0,0.0,0.0,0.0,0.0,0.0,0.0,0.0,0.0,0.0,0.0,0.0,0.0,0.0,0.0,0.0,0.0,0.0,0.0,0.0,0.0,9.802960494069208e-5,9.802960494069208e-5,9.802960494069208e-5,9.802960494069208e-5
9.802960494069208e-5,9.802960494069208e-5,9.802960494069208e-5,9.802960494069208e-5,0.0,0.0,0.0,0.0,0.0,0.0,0.0,0.0,0.0,0.0,0.0,0.0,0.0,0.0,0.0,0.0,0.0,0.0,0.0,0.0,3.4428284614542483e-12,7.53136829213288e-6,2.396703090981733e-5,6.107464339624158e-5,0.00011571624638642204,0.00017855585250892104,0.00017184825363001244,0.0001294317750991664,9.820798524741764e-5,0.00014388331640412017,0.00015657121552707773,0.00018792859116946025,0.00029961829800635183,0.0001707600956083376,0.00010926963149188075,0.00020602347305152132,0.0002727061784807622,0.0002931121948962606,0.00032838558781805307,0.0005148428033923784,0.00044825330077344865,0.0006903335508487088,0.0006603146101758293,0.0006870769919513143,0.0008769747300805852,0.001179803061525147,0.0010492272389599196,0.001399693760595482,0.0012263461744753,0.001230904791998351,0.0014180939800658798,0.0015520603462089962,0.0015504252724101181,0.0014758583275160263,0.001015918588463431,0.0007727929356234021,0.0003484075245438834,0.00019825909812430396,5.4727581238751295e-5,0.0,0.0,0.0,0.0,0.0,0.0,0.0,0.0,0.0,0.0,0.0,0.0,0.0,0.0,0.0,0.0,0.0,0.0,0.0,0.0,0.0,0.0,0.0,0.0,0.0,0.0,0.0,0.0,0.0,0.0,0.0,0.0,0.0,0.0,9.802960494069208e-5,9.802960494069208e-5,9.802960494069208e-5,9.802960494069208e-5
9.802960494069208e-5,9.802960494069208e-5,9.802960494069208e-5,9.802960494069208e-5,0.0,0.0,0.0,0.0,0.0,0.0,0.0,0.0,0.0,0.0,0.0,0.0,0.0,0.0,0.0,0.0,0.0,0.0,0.0,0.0,4.493546519517319e-10,8.987093039034638e-10,2.0141746054801153e-8,7.724531234388298e-8,6.726253397231216e-8,2.322539915067358e-6,2.3212017405971766e-5,7.596506971623448e-6,6.138984533973719e-5,8.526852771285904e-5,7.42972251385702e-5,0.00015956461887651403,0.00020714145377795742,0.0005577089694087148,0.0004930367588218555,0.0006822808381277954,0.0004552645490636266,0.0003812925346519864,0.00014790365354736343,0.00016879386085176802,0.0003519656441624101,0.0005017891295057378,0.0009082765633734229,0.0012364449698306869,0.0013772911621951986,0.0015405510809032815,0.0016799226570345595,0.001746140847900435,0.0020942604140455874,0.0022777062263713735,0.002607411944764675,0.002097105733816525,0.0021274301434526057,0.0013691586570844293,0.0011221777205290661,0.00048791017633808214,0.00017275936008814027,0.0,0.0,0.0,0.0,0.0,0.0,0.0,0.0,0.0,0.0,0.0,0.0,0.0,0.0,0.0,0.0,0.0,0.0,0.0,0.0,0.0,0.0,0.0,0.0,0.0,0.0,0.0,0.0,0.0,0.0,0.0,0.0,0.0,0.0,0.0,0.0,9.802960494069208e-5,9.802960494069208e-5,9.802960494069208e-5,9.802960494069208e-5
9.802960494069208e-5,9.802960494069208e-5,9.802960494069208e-5,9.802960494069208e-5,0.0,0.0,0.0,0.0,0.0,0.0,0.0,0.0,0.0,0.0,0.0,0.0,0.0,0.0,0.0,0.0,0.0,0.0,1.148454910235354e-13,2.6797281238824926e-13,3.828183034117846e-13,2.9046721877155807e-12,1.210675654732657e-12,4.062723095922006e-12,1.9433006162141823e-7,7.086940886650216e-7,6.591060898253755e-7,1.912746147674117e-6,2.19470610016949e-6,3.575186409202173e-5,4.293408309737714e-5,0.00011898920471715512,0.00042931383758293076,0.0007256766100828732,0.0010416514056230122,0.0010069190875481614,0.0010250121852184236,0.0008172642618695312,0.0004831229715026853,0.00022750158983810836,0.0004995396118647695,0.0011403185355004484,0.0014550190983383608,0.002466898811781849,0.002226564354967748,0.0025812612684361913,0.0027452392137564063,0.0037790924966932407,0.00417440581866316,0.004236468905758448,0.0030426275547697492,0.0022442541127976807,0.001242924880348793,0.00041804534924548656,0.00014669911932692706,0.0,0.0,0.0,0.0,0.0,0.0,0.0,0.0,0.0,0.0,0.0,0.0,0.0,0.0,0.0,0.0,0.0,0.0,0.0,0.0,0.0,0.0,0.0,0.0,0.0,0.0,0.0,0.0,0.0,0.0,0.0,0.0,0.0,0.0,0.0,0.0,0.0,0.0,9.802960494069208e-5,9.802960494069208e-5,9.802960494069208e-5,9.802960494069208e-5
9.802960494069208e-5,9.802960494069208e-5,9.802960494069208e-5,9.802960494069208e-5,0.0,0.0,0.0,0.0,0.0,0.0,0.0,0.0,0.0,0.0,0.0,0.0,0.0,0.0,0.0,0.0,0.0,0.0,0.0,0.0,0.0,0.0,0.0,5.464807081673409e-12,4.371845665338727e-11,7.10424920617543e-11,8.743691330677454e-11,1.3662017704183526e-10,1.1476094871514161e-10,6.011287789840749e-11,5.391703741045098e-6,5.3917146706592615e-6,2.7458956759978955e-5,7.950089076144324e-5,0.00010746400952665828,0.00031328591965964895,0.0006084802936544627,0.0009715624226616745,0.0015100854229423291,0.0018318998537129108,0.0015104684883561796,0.0020985637406091134,0.0013078656001816174,0.0015200111707538025,0.001950667709945909,0.0026294400673108798,0.0029474226533355713,0.0024183010597284096,0.0014358747096867705,0.0007979629477940823,0.0004909183245161547,0.00011663783739499921,0.0,1.950667709945909e-5,0.0,0.0,0.0,0.0,0.0,0.0,0.0,0.0,0.0,0.0,0.0,0.0,0.0,0.0,0.0,0.0,0.0,0.0,0.0,0.0,0.0,0.0,0.0,0.0,0.0,0.0,0.0,0.0,0.0,0.0,0.0,0.0,0.0,0.0,0.0,0.0,0.0,0.0,0.0,9.802960494069208e-5,9.802960494069208e-5,9.802960494069208e-5,9.802960494069208e-5
9.802960494069208e-5,9.802960494069208e-5,9.802960494069208e-5,9.802960494069208e-5,0.0,0.0,0.0,0.0,0.0,0.0,0.0,0.0,0.0,0.0,0.0,0.0,0.0,0.0,0.0,0.0,0.0,0.0,0.0,0.0,0.0,0.0,0.0,0.0,0.0,0.0,0.0,0.0,2.2467732597586595e-8,0.0,8.197197111805053e-8,2.459172367850799e-7,5.66542116371301e-7,1.9022991690231348e-6,8.932270281960497e-6,8.764947941395562e-6,3.0321073047421048e-5,4.342060907370159e-5,6.226513097870962e-5,0.0001113015675695373,0.00015981545260504004,0.0002695849138119008,0.00033049039858142125,0.00039663900184388866,0.0004272264279496337,0.00033351095183087613,0.00019218105181534206,0.00014819411500984893,6.525074665861857e-5,3.7551225256824105e-5,1.0785229192874067e-5,0.0,0.0,0.0,0.0,0.0,0.0,0.0,0.0,0.0,0.0,0.0,0.0,0.0,0.0,0.0,0.0,0.0,0.0,0.0,0.0,0.0,0.0,0.0,0.0,0.0,0.0,0.0,0.0,0.0,0.0,0.0,0.0,0.0,0.0,0.0,0.0,0.0,0.0,0.0,0.0,0.0,0.0,9.802960494069208e-5,9.802960494069208e-5,9.802960494069208e-5,9.802960494069208e-5
9.802960494069208e-5,9.802960494069208e-5,9.802960494069208e-5,9.802960494069208e-5,0.0,0.0,0.0,0.0,0.0,0.0,0.0,0.0,0.0,0.0,0.0,0.0,0.0,0.0,0.0,0.0,0.0,0.0,0.0,0.0,0.0,0.0,0.0,0.0,0.0,0.0,0.0,3.828183034117846e-12,3.828183034117846e-12,1.914091517058923e-11,6.747300299561587e-11,1.2681494810159785e-10,4.318695064150828e-10,5.464807081673408e-10,6.464901692791793e-10,6.110613135519828e-8,1.7596402381106634e-7,4.3230676304145236e-7,2.2467732597586598e-6,3.7036505922877347e-6,6.642351300814e-6,1.0271354702823002e-5,1.4942467410650929e-5,9.85843899667413e-6,6.798553750073029e-6,4.670655539094987e-6,2.0175547866656265e-6,5.962375994601015e-7,3.337932571275608e-7,1.0146386458692462e-8,0.0,0.0,0.0,0.0,0.0,0.0,0.0,0.0,0.0,0.0,0.0,0.0,0.0,0.0,0.0,0.0,0.0,0.0,0.0,0.0,0.0,0.0,0.0,0.0,0.0,0.0,0.0,0.0,0.0,0.0,0.0,0.0,0.0,0.0,0.0,0.0,0.0,0.0,0.0,0.0,0.0,0.0,0.0,9.802960494069208e-5,9.802960494069208e-5,0.00010097049308891284,0.0002911479266738556
9.802960494069208e-5,9.802960494069208e-5,9.802960494069208e-5,9.802960494069208e-5,0.0,0.0,0.0,0.0,0.0,0.0,0.0,0.0,0.0,0.0,0.0,0.0,0.0,0.0,0.0,0.0,0.0,0.0,0.0,0.0,0.0,0.0,0.0,0.0,0.0,0.0,0.0,0.0,0.0,0.0,0.0,0.0,0.0,0.0,0.0,3.1499886488678996e-11,6.617154641451365e-11,9.767143290319264e-11,3.828183034117846e-10,7.45749305933853e-10,1.387844051796603e-9,2.2249900957720787e-9,1.894923214330774e-9,3.3147186216409853e-9,2.112111173818961e-9,1.5749943244339496e-9,4.322027925384179e-10,1.7347125565226182e-10,1.4370608806330385e-10,0.0,0.0,0.0,0.0,0.0,0.0,0.0,0.0,0.0,0.0,0.0,0.0,0.0,0.0,0.0,0.0,0.0,0.0,0.0,0.0,0.0,0.0,0.0,0.0,0.0,0.0,0.0,0.0,0.0,0.0,0.0,0.0,0.0,0.0,0.0,0.0,0.0,0.0,0.0,0.0,0.0,0.0,0.0,0.0,9.802960494069208e-5,9.999019703950592e-5,9.999019703950592e-5,0.000486226840505833
9.802960494069208e-5,9.802960494069208e-5,9.802960494069208e-5,9.802960494069208e-5,0.0,0.0,0.0,0.0,0.0,0.0,0.0,0.0,0.0,0.0,0.0,0.0,0.0,0.0,0.0,0.0,0.0,0.0,0.0,0.0,0.0,0.0,0.0,0.0,0.0,0.0,0.0,0.0,0.0,0.0,0.0,0.0,0.0,0.0,0.0,0.0,0.0,0.0,0.0,0.0,0.0,0.0,0.0,0.0,0.0,0.0,0.0,0.0,0.0,0.0,0.0,0.0,0.0,0.0,0.0,0.0,0.0,0.0,0.0,0.0,0.0,0.0,0.0,0.0,0.0,0.0,0.0,0.0,0.0,0.0,0.0,0.0,0.0,0.0,0.0,0.0,0.0,0.0,0.0,0.0,0.0,0.0,0.0,0.0,0.0,0.0,0.0,0.0,0.0,0.0,0.0,0.0,0.0,9.802960494069208e-5,0.00010097049308891284,0.00010685226938535437,0.000772473286932654
9.802960494069208e-5,9.802960494069208e-5,9.802960494069208e-5,9.802960494069208e-5,0.0,0.0,0.0,0.0,0.0,0.0,0.0,0.0,0.0,0.0,0.0,0.0,0.0,0.0,0.0,0.0,0.0,0.0,0.0,0.0,0.0,0.0,0.0,0.0,0.0,0.0,0.0,0.0,0.0,0.0,0.0,0.0,0.0,0.0,0.0,0.0,0.0,0.0,0.0,0.0,0.0,0.0,0.0,0.0,0.0,0.0,0.0,0.0,0.0,0.0,0.0,0.0,0.0,0.0,0.0,0.0,0.0,0.0,0.0,0.0,0.0,0.0,0.0,0.0,0.0,0.0,0.0,0.0,0.0,0.0,0.0,0.0,0.0,0.0,0.0,0.0,0.0,0.0,0.0,0.0,0.0,0.0,0.0,0.0,0.0,0.0,0.0,0.0,0.0,0.0,0.0,0.0,0.0,0.00010102931085187726,0.0001020978335457308,0.0001089108910891089,0.0010672385060288214
9.802960494069208e-5,9.802960494069208e-5,9.802960494069208e-5,9.802960494069208e-5,0.0,0.0,0.0,0.0,0.0,0.0,0.0,0.0,0.0,0.0,0.0,0.0,0.0,0.0,0.0,0.0,0.0,0.0,0.0,0.0,0.0,0.0,0.0,0.0,0.0,0.0,0.0,0.0,0.0,0.0,0.0,0.0,0.0,0.0,0.0,0.0,0.0,0.0,0.0,0.0,0.0,0.0,0.0,0.0,0.0,0.0,0.0,0.0,0.0,0.0,0.0,0.0,0.0,0.0,0.0,0.0,0.0,0.0,0.0,0.0,0.0,0.0,0.0,0.0,0.0,0.0,0.0,0.0,0.0,0.0,0.0,0.0,0.0,0.0,0.0,0.0,0.0,0.0,0.0,0.0,0.0,0.0,0.0,0.0,0.0,0.0,0.0,0.0,0.0,0.0,0.0,0.0,0.0,9.802960494069208e-5,0.00010973433977061071,0.00012454661307714928,0.0011546907165964127
9.802960494069208e-5,9.802960494069208e-5,9.802960494069208e-5,9.802960494069208e-5,0.0,0.0,0.0,0.0,0.0,0.0,0.0,0.0,0.0,0.0,0.0,0.0,0.0,0.0,0.0,0.0,0.0,0.0,0.0,0.0,0.0,0.0,0.0,0.0,0.0,0.0,0.0,0.0,0.0,0.0,0.0,0.0,0.0,0.0,0.0,0.0,0.0,0.0,0.0,0.0,0.0,0.0,0.0,0.0,0.0,0.0,0.0,0.0,0.0,0.0,0.0,0.0,0.0,0.0,0.0,0.0,0.0,0.0,0.0,0.0,0.0,0.0,0.0,0.0,0.0,0.0,0.0,0.0,0.0,0.0,0.0,0.0,0.0,0.0,0.0,0.0,0.0,0.0,0.0,0.0,0.0,0.0,0.0,0.0,0.0,0.0,0.0,0.0,0.0,0.0,0.0,0.0,0.0,0.0001376923830996961,0.00018432506616998333,0.00021243995686697382,0.001513910400941085
9.802960494069208e-5,9.802960494069208e-5,9.802960494069208e-5,9.802960494069208e-5,0.0,0.0,0.0,0.0,0.0,0.0,0.0,0.0,0.0,0.0,0.0,0.0,0.0,0.0,0.0,0.0,0.0,0.0,0.0,0.0,0.0,0.0,0.0,0.0,0.0,0.0,0.0,0.0,0.0,0.0,0.0,0.0,0.0,0.0,0.0,0.0,0.0,0.0,0.0,0.0,0.0,0.0,0.0,0.0,0.0,0.0,0.0,0.0,0.0,0.0,0.0,0.0,0.0,0.0,0.0,0.0,0.0,0.0,0.0,0.0,0.0,0.0,0.0,0.0,0.0,0.0,0.0,0.0,0.0,0.0,0.0,0.0,0.0,0.0,0.0,0.0,0.0,0.0,0.0,0.0,0.0,0.0,0.0,0.0,0.0,0.0,0.0,0.0,0.0,0.0,0.0,0.0,0.0,0.00017389128516812077,0.00022757366924811294,0.00025224732869326535,0.001753575139692188
9.802960494069208e-5,9.802960494069208e-5,9.802960494069208e-5,9.802960494069208e-5,0.0,0.0,0.0,0.0,0.0,0.0,0.0,0.0,0.0,0.0,0.0,0.0,0.0,0.0,0.0,0.0,0.0,0.0,0.0,0.0,0.0,0.0,0.0,0.0,0.0,0.0,0.0,0.0,0.0,0.0,0.0,0.0,0.0,0.0,0.0,0.0,0.0,0.0,0.0,0.0,0.0,0.0,0.0,0.0,0.0,0.0,0.0,0.0,0.0,0.0,0.0,0.0,0.0,0.0,0.0,0.0,0.0,0.0,0.0,0.0,0.0,0.0,0.0,0.0,0.0,0.0,0.0,0.0,0.0,0.0,0.0,0.0,0.0,0.0,0.0,0.0,0.0,0.0,0.0,0.0,0.0,0.0,0.0,0.0,0.0,0.0,0.0,0.0,0.0,0.0,0.0,0.0,0.0,0.000255004999509852,0.00027224968140378394,0.0002620395059307911,0.0016061063621213615
9.802960494069208e-5,9.802960494069208e-5,9.802960494069208e-5,9.802960494069208e-5,0.0,0.0,0.0,0.0,0.0,0.0,0.0,0.0,0.0,0.0,0.0,0.0,0.0,0.0,0.0,0.0,0.0,0.0,0.0,0.0,0.0,0.0,0.0,0.0,0.0,0.0,0.0,0.0,0.0,0.0,0.0,0.0,0.0,0.0,0.0,0.0,0.0,0.0,0.0,0.0,0.0,0.0,0.0,0.0,0.0,0.0,0.0,0.0,0.0,0.0,0.0,0.0,0.0,0.0,0.0,0.0,0.0,0.0,0.0,0.0,0.0,0.0,0.0,0.0,0.0,0.0,0.0,0.0,0.0,0.0,0.0,0.0,0.0,0.0,0.0,0.0,0.0,0.0,0.0,0.0,0.0,0.0,0.0,0.0,0.0,0.0,0.0,0.0,0.0,0.0,0.0,0.0,0.0,0.0002816364601509656,0.0002838294667189491,0.00026618897951181253,0.0016471182668365855
9.802960494069208e-5,9.802960494069208e-5,9.802960494069208e-5,9.802960494069208e-5,0.0,0.0,0.0,0.0,0.0,0.0,0.0,0.0,0.0,0.0,0.0,0.0,0.0,0.0,0.0,0.0,0.0,0.0,0.0,0.0,0.0,0.0,0.0,0.0,0.0,0.0,0.0,0.0,0.0,0.0,0.0,0.0,0.0,0.0,0.0,0.0,0.0,0.0,0.0,0.0,0.0,0.0,0.0,0.0,0.0,0.0,0.0,0.0,0.0,0.0,0.0,0.0,0.0,0.0,0.0,0.0,0.0,0.0,0.0,0.0,0.0,0.0,0.0,0.0,0.0,0.0,0.0,0.0,0.0,0.0,0.0,0.0,0.0,0.0,0.0,0.0,0.0,0.0,0.0,0.0,0.0,0.0,0.0,0.0,0.0,0.0,0.0,0.0,0.0,0.0,0.0,0.0,0.0,0.0003061199021076365,0.00027589283311440057,0.0002811006666013136,0.0017556654847563974
9.802960494069208e-5,9.802960494069208e-5,9.802960494069208e-5,9.802960494069208e-5,0.0,0.0,0.0,0.0,0.0,0.0,0.0,0.0,0.0,0.0,0.0,0.0,0.0,0.0,0.0,0.0,0.0,0.0,0.0,0.0,0.0,0.0,0.0,0.0,0.0,0.0,0.0,0.0,0.0,0.0,0.0,0.0,0.0,0.0,0.0,0.0,0.0,0.0,0.0,0.0,0.0,0.0,0.0,0.0,0.0,0.0,0.0,0.0,0.0,0.0,0.0,0.0,0.0,0.0,0.0,0.0,0.0,0.0,0.0,0.0,0.0,0.0,0.0,0.0,0.0,0.0,0.0,0.0,0.0,0.0,0.0,0.0,0.0,0.0,0.0,0.0,0.0,0.0,0.0,0.0,0.0,0.0,0.0,0.0,0.0,0.0,0.0,0.0,0.0,0.0,0.0,0.0,0.0,0.00024555831859621603,0.000244179033486913,0.00024527733831977255,0.0016063309313204596
9.802960494069208e-5,9.802960494069208e-5,9.802960494069208e-5,9.802960494069208e-5,0.0,0.0,0.0,0.0,0.0,0.0,0.0,0.0,0.0,0.0,0.0,0.0,0.0,0.0,0.0,0.0,0.0,0.0,0.0,0.0,0.0,0.0,0.0,0.0,0.0,0.0,0.0,0.0,0.0,0.0,0.0,0.0,0.0,0.0,0.0,0.0,0.0,0.0,0.0,0.0,0.0,0.0,0.0,0.0,0.0,0.0,0.0,0.0,0.0,0.0,0.0,0.0,0.0,0.0,0.0,0.0,0.0,0.0,0.0,0.0,0.0,0.0,0.0,0.0,0.0,0.0,0.0,0.0,0.0,0.0,0.0,0.0,0.0,0.0,0.0,0.0,0.0,0.0,0.0,0.0,0.0,0.0,0.0,0.0,0.0,0.0,0.0,0.0,0.0,0.0,0.0,0.0,0.0,0.00021788306217037547,0.00019948859400058816,0.00023769334047642386,0.0017405607389569659
9.802960494069208e-5,9.802960494069208e-5,9.802960494069208e-5,9.802960494069208e-5,0.0,0.0,0.0,0.0,0.0,0.0,0.0,0.0,0.0,0.0,0.0,0.0,0.0,0.0,0.0,0.0,0.0,0.0,0.0,0.0,0.0,0.0,0.0,0.0,0.0,0.0,0.0,0.0,0.0,0.0,0.0,0.0,0.0,0.0,0.0,0.0,0.0,0.0,0.0,0.0,0.0,0.0,0.0,0.0,0.0,0.0,0.0,0.0,0.0,0.0,0.0,0.0,0.0,0.0,0.0,0.0,0.0,0.0,0.0,0.0,0.0,0.0,0.0,0.0,0.0,0.0,0.0,0.0,0.0,0.0,0.0,0.0,0.0,0.0,0.0,0.0,0.0,0.0,0.0,0.0,0.0,0.0,0.0,0.0,0.0,0.0,0.0,0.0,0.0,0.0,0.0,0.0,0.0,0.00020836056584648562,0.00021467494653465346,0.00023786369750024508,0.001799436866993433
9.802960494069208e-5,9.802960494069208e-5,9.802960494069208e-5,9.802960494069208e-5,0.0,0.0,0.0,0.0,0.0,0.0,0.0,0.0,0.0,0.0,0.0,0.0,0.0,0.0,0.0,0.0,0.0,0.0,0.0,0.0,0.0,0.0,0.0,0.0,0.0,0.0,0.0,0.0,0.0,0.0,0.0,0.0,0.0,0.0,0.0,0.0,0.0,0.0,0.0,0.0,0.0,0.0,0.0,0.0,0.0,0.0,0.0,0.0,0.0,0.0,0.0,0.0,0.0,0.0,0.0,0.0,0.0,0.0,0.0,0.0,0.0,0.0,0.0,0.0,0.0,0.0,0.0,0.0,0.0,0.0,0.0,0.0,0.0,0.0,0.0,0.0,0.0,0.0,0.0,0.0,0.0,0.0,0.0,0.0,0.0,0.0,0.0,0.0,0.0,0.0,0.0,0.0,0.0,0.00023757843048269778,0.00024773884563003627,0.00024228476110538182,0.0020023773115714154
9.802960494069208e-5,9.802960494069208e-5,9.802960494069208e-5,9.802960494069208e-5,0.0,0.0,0.0,0.0,0.0,0.0,0.0,0.0,0.0,0.0,0.0,0.0,0.0,0.0,0.0,0.0,0.0,0.0,0.0,0.0,0.0,0.0,0.0,0.0,0.0,0.0,0.0,0.0,0.0,0.0,0.0,0.0,0.0,0.0,0.0,0.0,0.0,0.0,0.0,0.0,0.0,0.0,0.0,0.0,0.0,0.0,0.0,0.0,0.0,0.0,0.0,0.0,0.0,0.0,0.0,0.0,0.0,0.0,0.0,0.0,0.0,0.0,0.0,0.0,0.0,0.0,0.0,0.0,0.0,0.0,0.0,0.0,0.0,0.0,0.0,0.0,0.0,0.0,0.0,0.0,0.0,0.0,0.0,0.0,0.0,0.0,0.0,0.0,0.0,0.0,0.0,0.0,0.0,0.00022319068801523648,0.0002163076472878149,0.00023012131554092736,0.001858710055562593
9.802960494069208e-5,9.802960494069208e-5,9.802960494069208e-5,9.802960494069208e-5,0.0,0.0,0.0,0.0,0.0,0.0,0.0,0.0,0.0,0.0,0.0,0.0,0.0,0.0,0.0,0.0,0.0,0.0,0.0,0.0,0.0,0.0,0.0,0.0,0.0,0.0,0.0,0.0,0.0,0.0,0.0,0.0,0.0,0.0,0.0,0.0,0.0,0.0,0.0,0.0,0.0,0.0,0.0,0.0,0.0,0.0,0.0,0.0,0.0,0.0,0.0,0.0,0.0,0.0,0.0,0.0,0.0,0.0,0.0,0.0,0.0,0.0,0.0,0.0,0.0,0.0,0.0,0.0,0.0,0.0,0.0,0.0,0.0,0.0,0.0,0.0,0.0,0.0,0.0,0.0,0.0,0.0,0.0,0.0,0.0,0.0,0.0,0.0,0.0,0.0,0.0,0.0,0.0,0.0002602638165472993,0.0002838612697460053,0.00029648711182266447,0.002569932229479366
9.802960494069208e-5,9.802960494069208e-5,9.802960494069208e-5,9.802960494069208e-5,0.0,0.0,0.0,0.0,0.0,0.0,0.0,0.0,0.0,0.0,0.0,0.0,0.0,0.0,0.0,0.0,0.0,0.0,0.0,0.0,0.0,0.0,0.0,0.0,0.0,0.0,0.0,0.0,0.0,0.0,0.0,0.0,0.0,0.0,0.0,0.0,0.0,0.0,0.0,0.0,0.0,0.0,0.0,0.0,0.0,0.0,0.0,0.0,0.0,0.0,0.0,0.0,0.0,0.0,0.0,0.0,0.0,0.0,0.0,0.0,0.0,0.0,0.0,0.0,0.0,0.0,0.0,0.0,0.0,0.0,0.0,0.0,0.0,0.0,0.0,0.0,0.0,0.0,0.0,0.0,0.0,0.0,0.0,0.0,0.0,0.0,0.0,0.0,0.0,0.0,0.0,0.0,0.0,0.0002021155877678402,0.00024868623511803726,0.0002702400967265429,0.0030145894276219685
9.802960494069208e-5,9.802960494069208e-5,9.802960494069208e-5,9.802960494069208e-5,0.0,0.0,0.0,0.0,0.0,0.0,0.0,0.0,0.0,0.0,0.0,0.0,0.0,0.0,0.0,0.0,0.0,0.0,0.0,0.0,0.0,0.0,0.0,0.0,0.0,0.0,0.0,0.0,0.0,0.0,0.0,0.0,0.0,0.0,0.0,0.0,0.0,0.0,0.0,0.0,0.0,0.0,0.0,0.0,0.0,0.0,0.0,0.0,0.0,0.0,0.0,0.0,0.0,0.0,0.0,0.0,0.0,0.0,0.0,0.0,0.0,0.0,0.0,0.0,0.0,0.0,0.0,0.0,0.0,0.0,0.0,0.0,0.0,0.0,0.0,0.0,0.0,0.0,0.0,0.0,0.0,0.0,0.0,0.0,0.0,0.0,0.0,0.0,0.0,0.0,0.0,0.0,0.0,0.0002726200313047977,0.0003258183810095233,0.00036690012506206804,0.003977621198330627
9.802960494069208e-5,9.802960494069208e-5,9.802960494069208e-5,9.802960494069208e-5,0.0,0.0,0.0,0.0,0.0,0.0,0.0,0.0,0.0,0.0,0.0,0.0,0.0,0.0,0.0,0.0,0.0,0.0,0.0,0.0,0.0,0.0,0.0,0.0,0.0,0.0,0.0,0.0,0.0,0.0,0.0,0.0,0.0,0.0,0.0,0.0,0.0,0.0,0.0,0.0,0.0,0.0,0.0,0.0,0.0,0.0,0.0,0.0,0.0,0.0,0.0,0.0,0.0,0.0,0.0,0.0,0.0,0.0,0.0,0.0,0.0,0.0,0.0,0.0,0.0,0.0,0.0,0.0,0.0,0.0,0.0,0.0,0.0,0.0,0.0,0.0,0.0,0.0,0.0,0.0,0.0,0.0,0.0,0.0,0.0,0.0,0.0,0.0,0.0,0.0,0.0,0.0,0.0,0.00024554498172217403,0.00032447381933826383,0.00036067405701568564,0.005768049949262148
9.802960494069208e-5,9.802960494069208e-5,9.802960494069208e-5,9.802960494069208e-5,0.0,0.0,0.0,0.0,0.0,0.0,0.0,0.0,0.0,0.0,0.0,0.0,0.0,0.0,0.0,0.0,0.0,0.0,0.0,0.0,0.0,0.0,0.0,0.0,0.0,0.0,0.0,0.0,0.0,0.0,0.0,0.0,0.0,0.0,0.0,0.0,0.0,0.0,0.0,0.0,0.0,0.0,0.0,0.0,0.0,0.0,0.0,0.0,0.0,0.0,0.0,0.0,0.0,0.0,0.0,0.0,0.0,0.0,0.0,0.0,0.0,0.0,0.0,0.0,0.0,0.0,0.0,0.0,0.0,0.0,0.0,0.0,0.0,0.0,0.0,0.0,0.0,0.0,0.0,0.0,0.0,0.0,0.0,0.0,0.0,0.0,0.0,0.0,0.0,0.0,0.0,0.0,0.0,0.0002142875133501503,0.0002265357700447681,0.0002388126933195339,0.005383525293231757
9.802960494069208e-5,9.802960494069208e-5,9.802960494069208e-5,9.802960494069208e-5,0.0,0.0,0.0,0.0,0.0,0.0,0.0,0.0,0.0,0.0,0.0,0.0,0.0,0.0,0.0,0.0,0.0,0.0,0.0,0.0,0.0,0.0,0.0,0.0,0.0,0.0,0.0,0.0,0.0,0.0,0.0,0.0,0.0,0.0,0.0,0.0,0.0,0.0,0.0,0.0,0.0,0.0,0.0,0.0,0.0,0.0,0.0,0.0,0.0,0.0,0.0,0.0,0.0,0.0,0.0,0.0,0.0,0.0,0.0,0.0,0.0,0.0,0.0,0.0,0.0,0.0,0.0,0.0,0.0,0.0,0.0,0.0,0.0,0.0,0.0,0.0,0.0,0.0,0.0,0.0,0.0,0.0,0.0,0.0,0.0,0.0,0.0,0.0,0.0,0.0,0.0,0.0,0.0,0.0004538776894976873,0.0006634908462104044,0.0006869149702225586,0.009364598941371231
9.802960494069208e-5,9.802960494069208e-5,9.802960494069208e-5,9.802960494069208e-5,0.0,0.0,0.0,0.0,0.0,0.0,0.0,0.0,0.0,0.0,0.0,0.0,0.0,0.0,0.0,0.0,0.0,0.0,0.0,0.0,0.0,0.0,0.0,0.0,0.0,0.0,0.0,0.0,0.0,0.0,0.0,0.0,0.0,0.0,0.0,0.0,0.0,0.0,0.0,0.0,0.0,0.0,0.0,0.0,0.0,0.0,0.0,0.0,0.0,0.0,0.0,0.0,0.0,0.0,0.0,0.0,0.0,0.0,0.0,0.0,0.0,0.0,0.0,0.0,0.0,0.0,0.0,0.0,0.0,0.0,0.0,0.0,0.0,0.0,0.0,0.0,0.0,0.0,0.0,0.0,0.0,0.0,0.0,0.0,0.0,0.0,0.0,0.0,0.0,0.0,0.0,0.0,0.0,0.0005197597608585251,0.0007454766502244321,0.00087137466769663,0.011606029963899393
9.802960494069208e-5,9.802960494069208e-5,9.802960494069208e-5,9.802960494069208e-5,0.0,0.0,0.0,0.0,0.0,0.0,0.0,0.0,0.0,0.0,0.0,0.0,0.0,0.0,0.0,0.0,0.0,0.0,0.0,0.0,0.0,0.0,0.0,0.0,0.0,0.0,0.0,0.0,0.0,0.0,0.0,0.0,0.0,0.0,0.0,0.0,0.0,0.0,0.0,0.0,0.0,0.0,0.0,0.0,0.0,0.0,0.0,0.0,0.0,0.0,0.0,0.0,0.0,0.0,0.0,0.0,0.0,0.0,0.0,0.0,0.0,0.0,0.0,0.0,0.0,0.0,0.0,0.0,0.0,0.0,0.0,0.0,0.0,0.0,0.0,0.0,0.0,0.0,0.0,0.0,0.0,0.0,0.0,0.0,0.0,0.0,0.0,0.0,0.0,0.0,0.0,0.0,0.0,0.00035735528828197317,0.000414350657424342,0.0006137491925289117,0.010030202475172188
9.802960494069208e-5,9.802960494069208e-5,9.802960494069208e-5,9.802960494069208e-5,0.0,0.0,0.0,0.0,0.0,0.0,0.0,0.0,0.0,0.0,0.0,0.0,0.0,0.0,0.0,0.0,0.0,0.0,0.0,0.0,0.0,0.0,0.0,0.0,0.0,0.0,0.0,0.0,0.0,0.0,0.0,0.0,0.0,0.0,0.0,0.0,0.0,0.0,0.0,0.0,0.0,0.0,0.0,0.0,0.0,0.0,0.0,0.0,0.0,0.0,0.0,0.0,0.0,0.0,0.0,0.0,0.0,0.0,0.0,0.0,0.0,0.0,0.0,0.0,0.0,0.0,0.0,0.0,0.0,0.0,0.0,0.0,0.0,0.0,0.0,0.0,0.0,0.0,0.0,0.0,0.0,0.0,0.0,0.0,0.0,0.0,0.0,0.0,0.0,0.0,0.0,0.0,0.0,0.0004407732804860277,0.0004525810110783274,0.0005519698311533141,0.008373936450067404
9.802960494069208e-5,9.802960494069208e-5,9.802960494069208e-5,9.802960494069208e-5,0.0,0.0,0.0,0.0,0.0,0.0,0.0,0.0,0.0,0.0,0.0,0.0,0.0,0.0,0.0,0.0,0.0,0.0,0.0,0.0,0.0,0.0,0.0,0.0,0.0,0.0,0.0,0.0,0.0,0.0,0.0,0.0,0.0,0.0,0.0,0.0,0.0,0.0,0.0,0.0,0.0,0.0,0.0,0.0,0.0,0.0,0.0,0.0,0.0,0.0,0.0,0.0,0.0,0.0,0.0,0.0,0.0,0.0,0.0,0.0,0.0,0.0,0.0,0.0,0.0,0.0,0.0,0.0,0.0,0.0,0.0,0.0,0.0,0.0,0.0,0.0,0.0,0.0,0.0,0.0,0.0,0.0,0.0,0.0,0.0,0.0,0.0,0.0,0.0,0.0,0.0,0.0,0.0,0.0002811945001379927,0.00030676513903469757,0.0004308871792048548,0.007738141133047408
9.802960494069208e-5,9.802960494069208e-5,9.802960494069208e-5,9.802960494069208e-5,0.0,0.0,0.0,0.0,0.0,0.0,0.0,0.0,0.0,0.0,0.0,0.0,0.0,0.0,0.0,0.0,0.0,0.0,0.0,0.0,0.0,0.0,0.0,0.0,0.0,0.0,0.0,0.0,0.0,0.0,0.0,0.0,0.0,0.0,0.0,0.0,0.0,0.0,0.0,0.0,0.0,0.0,0.0,0.0,0.0,0.0,0.0,0.0,0.0,0.0,0.0,0.0,0.0,0.0,0.0,0.0,0.0,0.0,0.0,0.0,0.0,0.0,0.0,0.0,0.0,0.0,0.0,0.0,0.0,0.0,0.0,0.0,0.0,0.0,0.0,0.0,0.0,0.0,0.0,0.0,0.0,0.0,0.0,0.0,0.0,0.0,0.0,0.0,0.0,0.0,0.0,0.0,0.0,0.0003794338355328959,0.0004448300442243162,0.000432511367599617,0.006952840026395299
9.802960494069208e-5,9.802960494069208e-5,9.802960494069208e-5,9.802960494069208e-5,0.0,0.0,0.0,0.0,0.0,0.0,0.0,0.0,0.0,0.0,0.0,0.0,0.0,0.0,0.0,0.0,0.0,0.0,0.0,0.0,0.0,0.0,0.0,0.0,0.0,0.0,0.0,0.0,0.0,0.0,0.0,0.0,0.0,0.0,0.0,0.0,0.0,0.0,0.0,0.0,0.0,0.0,0.0,0.0,0.0,0.0,0.0,0.0,0.0,0.0,0.0,0.0,0.0,0.0,0.0,0.0,0.0,0.0,0.0,0.0,0.0,0.0,0.0,0.0,0.0,0.0,0.0,0.0,0.0,0.0,0.0,0.0,0.0,0.0,0.0,0.0,0.0,0.0,0.0,0.0,0.0,0.0,0.0,0.0,0.0,0.0,0.0,0.0,0.0,0.0,0.0,0.0,0.0,0.0003740298542407765,0.00035906430519333136,0.00043907186142670403,0.006101916701536601
9.802960494069208e-5,9.802960494069208e-5,9.802960494069208e-5,9.802960494069208e-5,0.0,0.0,0.0,0.0,0.0,0.0,0.0,0.0,0.0,0.0,0.0,0.0,0.0,0.0,0.0,0.0,0.0,0.0,0.0,0.0,0.0,0.0,0.0,0.0,0.0,0.0,0.0,0.0,0.0,0.0,0.0,0.0,0.0,0.0,0.0,0.0,0.0,0.0,0.0,0.0,0.0,0.0,0.0,0.0,0.0,0.0,0.0,0.0,0.0,0.0,0.0,0.0,0.0,0.0,0.0,0.0,0.0,0.0,0.0,0.0,0.0,0.0,0.0,0.0,0.0,0.0,0.0,0.0,0.0,0.0,0.0,0.0,0.0,0.0,0.0,0.0,0.0,0.0,0.0,0.0,0.0,0.0,0.0,0.0,0.0,0.0,0.0,0.0,0.0,0.0,0.0,0.0,0.0,0.0004001160109891177,0.0004475531537969746,0.0004914825791695261,0.005974002346188615
9.802960494069208e-5,9.802960494069208e-5,9.802960494069208e-5,9.802960494069208e-5,0.0,0.0,0.0,0.0,0.0,0.0,0.0,0.0,0.0,0.0,0.0,0.0,0.0,0.0,0.0,0.0,0.0,0.0,0.0,0.0,0.0,0.0,0.0,0.0,0.0,0.0,0.0,0.0,0.0,0.0,0.0,0.0,0.0,0.0,0.0,0.0,0.0,0.0,0.0,0.0,0.0,0.0,0.0,0.0,0.0,0.0,0.0,0.0,0.0,0.0,0.0,0.0,0.0,0.0,0.0,0.0,0.0,0.0,0.0,0.0,0.0,0.0,0.0,0.0,0.0,0.0,0.0,0.0,0.0,0.0,0.0,0.0,0.0,0.0,0.0,0.0,0.0,0.0,0.0,0.0,0.0,0.0,0.0,0.0,0.0,0.0,0.0,0.0,0.0,0.0,0.0,0.0,0.0,0.00035551188912203953,0.0003317928869132415,0.00042477680706167376,0.0057495563747654585
9.802960494069208e-5,9.802960494069208e-5,9.802960494069208e-5,9.802960494069208e-5,0.0,0.0,0.0,0.0,0.0,0.0,0.0,0.0,0.0,0.0,0.0,0.0,0.0,0.0,0.0,0.0,0.0,0.0,0.0,0.0,0.0,0.0,0.0,0.0,0.0,0.0,0.0,0.0,0.0,0.0,0.0,0.0,0.0,0.0,0.0,0.0,0.0,0.0,0.0,0.0,0.0,0.0,0.0,0.0,0.0,0.0,0.0,0.0,0.0,0.0,0.0,0.0,0.0,0.0,0.0,0.0,0.0,0.0,0.0,0.0,0.0,0.0,0.0,0.0,0.0,0.0,0.0,0.0,0.0,0.0,0.0,0.0,0.0,0.0,0.0,0.0,0.0,0.0,0.0,0.0,0.0,0.0,0.0,0.0,0.0,0.0,0.0,0.0,0.0,0.0,0.0,0.0,0.0,0.00034676348349747116,0.00032420917179164905,0.0003582586675781094,0.006500652941634371
9.802960494069208e-5,9.802960494069208e-5,9.802960494069208e-5,9.802960494069208e-5,0.0,0.0,0.0,0.0,0.0,0.0,0.0,0.0,0.0,0.0,0.0,0.0,0.0,0.0,0.0,0.0,0.0,0.0,0.0,0.0,0.0,0.0,0.0,0.0,0.0,0.0,0.0,0.0,0.0,0.0,0.0,0.0,0.0,0.0,0.0,0.0,0.0,0.0,0.0,0.0,0.0,0.0,0.0,0.0,0.0,0.0,0.0,0.0,0.0,0.0,0.0,0.0,0.0,0.0,0.0,0.0,0.0,0.0,0.0,0.0,0.0,0.0,0.0,0.0,0.0,0.0,0.0,0.0,0.0,0.0,0.0,0.0,0.0,0.0,0.0,0.0,0.0,0.0,0.0,0.0,0.0,0.0,0.0,0.0,0.0,0.0,0.0,0.0,0.0,0.0,0.0,0.0,0.0,0.0003464403426051012,0.00035879815318013537,0.00042420076037042945,0.005932281958532034
9.802960494069208e-5,9.802960494069208e-5,9.802960494069208e-5,9.802960494069208e-5,0.0,0.0,0.0,0.0,0.0,0.0,0.0,0.0,0.0,0.0,0.0,0.0,0.0,0.0,0.0,0.0,0.0,0.0,0.0,0.0,0.0,0.0,0.0,0.0,0.0,0.0,0.0,0.0,0.0,0.0,0.0,0.0,0.0,0.0,0.0,0.0,0.0,0.0,0.0,0.0,0.0,0.0,0.0,0.0,0.0,0.0,0.0,0.0,0.0,0.0,0.0,0.0,0.0,0.0,0.0,0.0,0.0,0.0,0.0,0.0,0.0,0.0,0.0,0.0,0.0,0.0,0.0,0.0,0.0,0.0,0.0,0.0,0.0,0.0,0.0,0.0,0.0,0.0,0.0,0.0,0.0,0.0,0.0,0.0,0.0,0.0,0.0,0.0,0.0,0.0,0.0,0.0,0.0,0.00045722867229708953,0.0004643406346671877,0.0005574188562069575,0.007585357291782359
9.802960494069208e-5,9.802960494069208e-5,9.802960494069208e-5,9.802960494069208e-5,0.0,0.0,0.0,0.0,0.0,0.0,0.0,0.0,0.0,0.0,0.0,0.0,0.0,0.0,0.0,0.0,0.0,0.0,0.0,0.0,0.0,0.0,0.0,0.0,0.0,0.0,0.0,0.0,0.0,0.0,0.0,0.0,0.0,0.0,0.0,0.0,0.0,0.0,0.0,0.0,0.0,0.0,0.0,0.0,0.0,0.0,0.0,0.0,0.0,0.0,0.0,0.0,0.0,0.0,0.0,0.0,0.0,0.0,0.0,0.0,0.0,0.0,0.0,0.0,0.0,0.0,0.0,0.0,0.0,0.0,0.0,0.0,0.0,0.0,0.0,0.0,0.0,0.0,0.0,0.0,0.0,0.0,0.0,0.0,0.0,0.0,0.0,0.0,0.0,0.0,0.0,0.0,0.0,0.00040211060255991837,0.0004667361242793104,0.0004595393270631519,0.007350192615713758
9.802960494069208e-5,9.802960494069208e-5,9.802960494069208e-5,9.802960494069208e-5,9.802960494069208e-5,9.802960494069208e-5,9.802960494069208e-5,9.802960494069208e-5,9.802960494069208e-5,9.802960494069208e-5,9.802960494069208e-5,9.802960494069208e-5,9.802960494069208e-5,9.802960494069208e-5,9.802960494069208e-5,9.802960494069208e-5,9.802960494069208e-5,9.802960494069208e-5,9.802960494069208e-5,9.802960494069208e-5,9.802960494069208e-5,9.802960494069208e-5,9.802960494069208e-5,9.802960494069208e-5,9.802960494069208e-5,9.802960494069208e-5,9.802960494069208e-5,9.802960494069208e-5,9.802960494069208e-5,9.802960494069208e-5,9.802960494069208e-5,9.802960494069208e-5,9.802960494069208e-5,9.802960494069208e-5,9.802960494069208e-5,9.802960494069208e-5,9.802960494069208e-5,9.802960494069208e-5,9.802960494069208e-5,9.802960494069208e-5,9.802960494069208e-5,9.802960494069208e-5,9.802960494069208e-5,9.802960494069208e-5,9.802960494069208e-5,9.802960494069208e-5,9.802960494069208e-5,9.802960494069208e-5,9.802960494069208e-5,9.802960494069208e-5,9.802960494069208e-5,9.802960494069208e-5,9.802960494069208e-5,9.802960494069208e-5,9.802960494069208e-5,9.802960494069208e-5,9.802960494069208e-5,9.802960494069208e-5,9.802960494069208e-5,9.802960494069208e-5,9.802960494069208e-5,9.802960494069208e-5,9.802960494069208e-5,9.802960494069208e-5,9.802960494069208e-5,9.802960494069208e-5,9.802960494069208e-5,9.802960494069208e-5,9.916674835800411e-5,9.9009900990099e-5,0.00010723458484462307,0.00012832075286736593,0.00015045583766297422,0.00016829722576218017,0.00017228703068326634,0.00015808254092736004,0.0001458092343887854,0.00013949612783060485,0.00012433094794627976,0.00011668463876090578,0.00011792961474365258,0.00012461523380060777,0.000141221448877561,0.00015620037251249877,0.00018823644740711696,0.00017639447113028135,0.00016304283893735908,0.00016065091657680618,0.0001517694343691795,0.00015002450740123516,0.00015134790706793452,0.0001554259386334673,0.00018110048034506422,0.00016891657680619547,0.00016334516223899618,0.00016767297323791786,0.0001627180041622816,0.00016975444172139987,0.00018197603464841888,0.00025553011091424764,0.0050819341208169595
9.802960494069208e-5,9.802960494069208e-5,9.802960494069208e-5,9.802960494069208e-5,9.802960494069208e-5,9.802960494069208e-5,9.802960494069208e-5,9.802960494069208e-5,9.802960494069208e-5,9.802960494069208e-5,9.802960494069208e-5,9.802960494069208e-5,9.802960494069208e-5,9.802960494069208e-5,9.802960494069208e-5,9.802960494069208e-5,9.802960494069208e-5,9.802960494069208e-5,9.802960494069208e-5,9.802960494069208e-5,9.802960494069208e-5,9.802960494069208e-5,9.802960494069208e-5,9.802960494069208e-5,9.802960494069208e-5,9.802960494069208e-5,9.802960494069208e-5,9.802960494069208e-5,9.802960494069208e-5,9.802960494069208e-5,9.802960494069208e-5,9.802960494069208e-5,9.802960494069208e-5,9.802960494069208e-5,9.802960494069208e-5,9.802960494069208e-5,9.802960494069208e-5,9.802960494069208e-5,9.802960494069208e-5,9.802960494069208e-5,9.802960494069208e-5,9.802960494069208e-5,9.802960494069208e-5,9.802960494069208e-5,9.802960494069208e-5,9.802960494069208e-5,9.802960494069208e-5,9.802960494069208e-5,9.802960494069208e-5,9.802960494069208e-5,9.802960494069208e-5,9.802960494069208e-5,9.802960494069208e-5,9.802960494069208e-5,9.802960494069208e-5,9.802960494069208e-5,9.802960494069208e-5,9.802960494069208e-5,9.802960494069208e-5,9.802960494069208e-5,9.802960494069208e-5,9.802960494069208e-5,9.802960494069208e-5,9.802960494069208e-5,9.802960494069208e-5,9.802960494069208e-5,9.802960494069208e-5,9.802960494069208e-5,9.802960494069208e-5,9.802960494069208e-5,9.802960494069208e-5,0.00010025487697284579,9.9009900990099e-5,0.00010417606117047347,0.00011450838153122242,0.0001328791294971081,0.00016394471130281346,0.00018006077835506324,0.00016821880207822763,0.00016941476325850406,0.00014126066071953728,0.00013395745515145573,0.00012261542985981765,0.00012715420056857172,0.00012547789432408588,0.00013941770414665228,0.00013037937457112048,0.00013037937457112048,0.00011665522987942358,0.0001176355259288305,0.00011567493383001665,0.00011959611802764435,0.0001176355259288305,0.00011077345358298205,0.0001041662582099794,0.00010220566611116556,0.0001077639447113028,0.0001284486962259075,0.00015696883441084205,0.00020416836454949447,0.005234085373443001
9.802960494069208e-5,9.802960494069208e-5,9.802960494069208e-5,9.802960494069208e-5,9.802960494069208e-5,9.802960494069208e-5,9.802960494069208e-5,9.802960494069208e-5,9.802960494069208e-5,9.802960494069208e-5,9.802960494069208e-5,9.802960494069208e-5,9.802960494069208e-5,9.802960494069208e-5,9.802960494069208e-5,9.802960494069208e-5,9.802960494069208e-5,9.802960494069208e-5,9.802960494069208e-5,9.802960494069208e-5,9.802960494069208e-5,9.802960494069208e-5,9.802960494069208e-5,9.802960494069208e-5,9.802960494069208e-5,9.802960494069208e-5,9.802960494069208e-5,9.802960494069208e-5,9.802960494069208e-5,9.802960494069208e-5,9.802960494069208e-5,9.802960494069208e-5,9.802960494069208e-5,9.802960494069208e-5,9.802960494069208e-5,9.802960494069208e-5,9.802960494069208e-5,9.802960494069208e-5,9.802960494069208e-5,9.802960494069208e-5,9.802960494069208e-5,9.802960494069208e-5,9.802960494069208e-5,9.802960494069208e-5,9.802960494069208e-5,9.802960494069208e-5,9.802960494069208e-5,9.802960494069208e-5,9.802960494069208e-5,9.802960494069208e-5,9.802960494069208e-5,9.802960494069208e-5,9.802960494069208e-5,9.802960494069208e-5,9.802960494069208e-5,9.802960494069208e-5,9.802960494069208e-5,9.802960494069208e-5,9.802960494069208e-5,9.802960494069208e-5,9.802960494069208e-5,9.802960494069208e-5,9.802960494069208e-5,9.802960494069208e-5,9.802960494069208e-5,9.802960494069208e-5,9.802960494069208e-5,9.802960494069208e-5,9.802960494069208e-5,9.9009900990099e-5,9.9009900990099e-5,9.9009900990099e-5,0.00010293108518772669,0.00010881286148416821,0.00011959611802764435,0.00011371434173120281,0.00011861582197823743,0.00011077345358298205,0.00010293108518772669,0.00010097049308891284,9.9009900990099e-5,9.802960494069208e-5,9.802960494069208e-5,9.802960494069208e-5,9.802960494069208e-5,9.802960494069208e-5,9.802960494069208e-5,9.802960494069208e-5,9.802960494069208e-5,9.802960494069208e-5,9.802960494069208e-5,9.802960494069208e-5,9.802960494069208e-5,9.802960494069208e-5,9.802960494069208e-5,0.0001039113812371336,0.0001052543868248211,0.00012521488657974707,0.00015841212581324415,0.0002242343737146075,0.004488904580522097
9.802960494069208e-5,9.802960494069208e-5,9.802960494069208e-5,9.802960494069208e-5,9.802960494069208e-5,9.802960494069208e-5,9.802960494069208e-5,9.802960494069208e-5,9.802960494069208e-5,9.802960494069208e-5,9.802960494069208e-5,9.802960494069208e-5,9.802960494069208e-5,9.802960494069208e-5,9.802960494069208e-5,9.802960494069208e-5,9.802960494069208e-5,9.802960494069208e-5,9.802960494069208e-5,9.802960494069208e-5,9.802960494069208e-5,9.802960494069208e-5,9.802960494069208e-5,9.802960494069208e-5,9.802960494069208e-5,9.802960494069208e-5,9.802960494069208e-5,9.802960494069208e-5,9.802960494069208e-5,9.802960494069208e-5,9.802960494069208e-5,9.802960494069208e-5,9.802960494069208e-5,9.802960494069208e-5,9.802960494069208e-5,9.802960494069208e-5,9.802960494069208e-5,9.802960494069208e-5,9.802960494069208e-5,9.802960494069208e-5,9.802960494069208e-5,9.802960494069208e-5,9.802960494069208e-5,9.802960494069208e-5,9.802960494069208e-5,9.802960494069208e-5,9.802960494069208e-5,9.802960494069208e-5,9.802960494069208e-5,9.802960494069208e-5,9.802960494069208e-5,9.802960494069208e-5,9.802960494069208e-5,9.802960494069208e-5,9.802960494069208e-5,9.802960494069208e-5,9.802960494069208e-5,9.802960494069208e-5,9.802960494069208e-5,9.802960494069208e-5,9.802960494069208e-5,9.802960494069208e-5,9.802960494069208e-5,9.802960494069208e-5,9.802960494069208e-5,9.802960494069208e-5,9.802960494069208e-5,9.802960494069208e-5,9.802960494069208e-5,9.802960494069208e-5,9.802960494069208e-5,9.802960494069208e-5,9.802960494069208e-5,9.802960494069208e-5,9.802960494069208e-5,9.802960494069208e-5,9.802960494069208e-5,9.802960494069208e-5,9.802960494069208e-5,9.802960494069208e-5,9.802960494069208e-5,9.802960494069208e-5,9.802960494069208e-5,9.802960494069208e-5,9.802960494069208e-5,9.802960494069208e-5,9.802960494069208e-5,9.802960494069208e-5,9.802960494069208e-5,9.802960494069208e-5,9.802960494069208e-5,9.802960494069208e-5,9.802960494069208e-5,9.802960494069208e-5,9.802960494069208e-5,9.802960494069208e-5,0.00010554485889618664,0.00010483962356631702,0.00013407266213116362,0.00019957773304577983,0.005271734054650106
9.802960494069208e-5,9.802960494069208e-5,9.802960494069208e-5,9.802960494069208e-5,9.802960494069208e-5,9.802960494069208e-5,9.802960494069208e-5,9.802960494069208e-5,9.802960494069208e-5,9.802960494069208e-5,9.802960494069208e-5,9.802960494069208e-5,9.802960494069208e-5,9.802960494069208e-5,9.802960494069208e-5,9.802960494069208e-5,9.802960494069208e-5,9.802960494069208e-5,9.802960494069208e-5,9.802960494069208e-5,9.802960494069208e-5,9.802960494069208e-5,9.802960494069208e-5,9.802960494069208e-5,9.802960494069208e-5,9.802960494069208e-5,9.802960494069208e-5,9.802960494069208e-5,9.802960494069208e-5,9.802960494069208e-5,9.802960494069208e-5,9.802960494069208e-5,9.802960494069208e-5,9.802960494069208e-5,9.802960494069208e-5,9.802960494069208e-5,9.802960494069208e-5,9.802960494069208e-5,9.802960494069208e-5,9.802960494069208e-5,9.802960494069208e-5,9.802960494069208e-5,9.802960494069208e-5,9.802960494069208e-5,9.802960494069208e-5,9.802960494069208e-5,9.802960494069208e-5,9.802960494069208e-5,9.802960494069208e-5,9.802960494069208e-5,9.802960494069208e-5,9.802960494069208e-5,9.802960494069208e-5,9.802960494069208e-5,9.802960494069208e-5,9.802960494069208e-5,9.802960494069208e-5,9.802960494069208e-5,9.802960494069208e-5,9.802960494069208e-5,9.802960494069208e-5,9.802960494069208e-5,9.802960494069208e-5,9.802960494069208e-5,9.802960494069208e-5,9.802960494069208e-5,9.802960494069208e-5,9.802960494069208e-5,9.802960494069208e-5,9.802960494069208e-5,9.802960494069208e-5,9.802960494069208e-5,9.802960494069208e-5,9.802960494069208e-5,9.802960494069208e-5,9.802960494069208e-5,9.802960494069208e-5,9.802960494069208e-5,9.802960494069208e-5,9.802960494069208e-5,9.802960494069208e-5,9.802960494069208e-5,9.802960494069208e-5,9.802960494069208e-5,9.802960494069208e-5,9.802960494069208e-5,9.802960494069208e-5,9.802960494069208e-5,9.802960494069208e-5,9.802960494069208e-5,9.802960494069208e-5,9.802960494069208e-5,9.802960494069208e-5,9.802960494069208e-5,9.802960494069208e-5,9.802960494069208e-5,9.802960494069208e-5,0.000106387758062935,0.00011415283109499068,0.00014463816065091658,0.0042793609594940964
9.802960494069208e-5,9.802960494069208e-5,9.802960494069208e-5,9.802960494069208e-5,9.802960494069208e-5,9.802960494069208e-5,9.802960494069208e-5,9.802960494069208e-5,9.802960494069208e-5,9.802960494069208e-5,9.802960494069208e-5,9.802960494069208e-5,9.802960494069208e-5,9.802960494069208e-5,9.802960494069208e-5,9.802960494069208e-5,9.802960494069208e-5,9.802960494069208e-5,9.802960494069208e-5,9.802960494069208e-5,9.802960494069208e-5,9.802960494069208e-5,9.802960494069208e-5,9.802960494069208e-5,9.802960494069208e-5,9.802960494069208e-5,9.802960494069208e-5,9.802960494069208e-5,9.802960494069208e-5,9.802960494069208e-5,9.802960494069208e-5,9.802960494069208e-5,9.802960494069208e-5,9.802960494069208e-5,9.802960494069208e-5,9.802960494069208e-5,9.802960494069208e-5,9.802960494069208e-5,9.802960494069208e-5,9.802960494069208e-5,9.802960494069208e-5,9.802960494069208e-5,9.802960494069208e-5,9.802960494069208e-5,9.802960494069208e-5,9.802960494069208e-5,9.802960494069208e-5,9.802960494069208e-5,9.802960494069208e-5,9.802960494069208e-5,9.802960494069208e-5,9.802960494069208e-5,9.802960494069208e-5,9.802960494069208e-5,9.802960494069208e-5,9.802960494069208e-5,9.802960494069208e-5,9.802960494069208e-5,9.802960494069208e-5,9.802960494069208e-5,9.802960494069208e-5,9.802960494069208e-5,9.802960494069208e-5,9.802960494069208e-5,9.802960494069208e-5,9.802960494069208e-5,9.802960494069208e-5,9.802960494069208e-5,9.802960494069208e-5,9.802960494069208e-5,9.802960494069208e-5,9.802960494069208e-5,9.802960494069208e-5,9.802960494069208e-5,9.802960494069208e-5,9.802960494069208e-5,9.802960494069208e-5,9.802960494069208e-5,9.802960494069208e-5,9.802960494069208e-5,9.802960494069208e-5,9.802960494069208e-5,9.802960494069208e-5,9.802960494069208e-5,9.802960494069208e-5,9.802960494069208e-5,9.802960494069208e-5,9.802960494069208e-5,9.802960494069208e-5,9.802960494069208e-5,9.802960494069208e-5,9.802960494069208e-5,9.802960494069208e-5,9.802960494069208e-5,9.802960494069208e-5,9.802960494069208e-5,9.802960494069208e-5,9.802960494069208e-5,0.00010124677580629349,0.00011969284579943142,0.004407284686894945
9.802960494069208e-5,9.802960494069208e-5,9.802960494069208e-5,9.802960494069208e-5,9.802960494069208e-5,9.802960494069208e-5,9.802960494069208e-5,9.802960494069208e-5,9.802960494069208e-5,9.802960494069208e-5,9.802960494069208e-5,9.802960494069208e-5,9.802960494069208e-5,9.802960494069208e-5,9.802960494069208e-5,9.802960494069208e-5,9.802960494069208e-5,9.802960494069208e-5,9.802960494069208e-5,9.802960494069208e-5,9.802960494069208e-5,9.802960494069208e-5,9.802960494069208e-5,9.802960494069208e-5,9.802960494069208e-5,9.802960494069208e-5,9.802960494069208e-5,9.802960494069208e-5,9.802960494069208e-5,9.802960494069208e-5,9.802960494069208e-5,9.802960494069208e-5,9.802960494069208e-5,9.802960494069208e-5,9.802960494069208e-5,9.802960494069208e-5,9.802960494069208e-5,9.802960494069208e-5,9.802960494069208e-5,9.802960494069208e-5,9.802960494069208e-5,9.802960494069208e-5,9.802960494069208e-5,9.802960494069208e-5,9.802960494069208e-5,9.802960494069208e-5,9.802960494069208e-5,9.802960494069208e-5,9.802960494069208e-5,9.802960494069208e-5,9.802960494069208e-5,9.802960494069208e-5,9.802960494069208e-5,9.802960494069208e-5,9.802960494069208e-5,9.802960494069208e-5,9.802960494069208e-5,9.802960494069208e-5,9.802960494069208e-5,9.802960494069208e-5,9.802960494069208e-5,9.802960494069208e-5,9.802960494069208e-5,9.802960494069208e-5,9.802960494069208e-5,9.802960494069208e-5,9.802960494069208e-5,9.802960494069208e-5,9.802960494069208e-5,9.802960494069208e-5,9.802960494069208e-5,9.802960494069208e-5,9.802960494069208e-5,9.802960494069208e-5,9.802960494069208e-5,9.802960494069208e-5,9.802960494069208e-5,9.802960494069208e-5,9.802960494069208e-5,9.802960494069208e-5,9.802960494069208e-5,9.802960494069208e-5,9.802960494069208e-5,9.802960494069208e-5,9.802960494069208e-5,9.802960494069208e-5,9.802960494069208e-5,9.802960494069208e-5,9.802960494069208e-5,9.802960494069208e-5,9.802960494069208e-5,9.802960494069208e-5,9.802960494069208e-5,9.802960494069208e-5,9.802960494069208e-5,9.802960494069208e-5,9.802960494069208e-5,0.00010012201842956572,0.00010193115478874619,0.00011929422801686109,0.0027623433581402054
9.802960494069208e-5,9.802960494069208e-5,9.802960494069208e-5,9.802960494069208e-5,9.802960494069208e-5,9.802960494069208e-5,9.802960494069208e-5,9.802960494069208e-5,9.802960494069208e-5,9.802960494069208e-5,9.802960494069208e-5,9.802960494069208e-5,9.802960494069208e-5,9.802960494069208e-5,9.802960494069208e-5,9.802960494069208e-5,9.802960494069208e-5,9.802960494069208e-5,9.802960494069208e-5,9.802960494069208e-5,9.802960494069208e-5,9.802960494069208e-5,9.802960494069208e-5,9.802960494069208e-5,9.802960494069208e-5,9.802960494069208e-5,9.802960494069208e-5,9.802960494069208e-5,9.802960494069208e-5,9.802960494069208e-5,9.802960494069208e-5,9.802960494069208e-5,9.802960494069208e-5,9.802960494069208e-5,9.802960494069208e-5,9.802960494069208e-5,9.802960494069208e-5,9.802960494069208e-5,9.802960494069208e-5,9.802960494069208e-5,9.802960494069208e-5,9.802960494069208e-5,9.802960494069208e-5,9.802960494069208e-5,9.802960494069208e-5,9.802960494069208e-5,9.802960494069208e-5,9.802960494069208e-5,9.802960494069208e-5,9.802960494069208e-5,9.802960494069208e-5,9.802960494069208e-5,9.802960494069208e-5,9.802960494069208e-5,9.802960494069208e-5,9.802960494069208e-5,9.802960494069208e-5,9.802960494069208e-5,9.802960494069208e-5,9.802960494069208e-5,9.802960494069208e-5,9.802960494069208e-5,9.802960494069208e-5,9.802960494069208e-5,9.802960494069208e-5,9.802960494069208e-5,9.802960494069208e-5,9.802960494069208e-5,9.802960494069208e-5,9.802960494069208e-5,9.802960494069208e-5,9.802960494069208e-5,9.802960494069208e-5,9.802960494069208e-5,9.802960494069208e-5,9.802960494069208e-5,9.802960494069208e-5,9.802960494069208e-5,9.802960494069208e-5,9.802960494069208e-5,9.802960494069208e-5,9.802960494069208e-5,9.802960494069208e-5,9.802960494069208e-5,9.802960494069208e-5,9.802960494069208e-5,9.802960494069208e-5,9.802960494069208e-5,9.802960494069208e-5,9.802960494069208e-5,9.802960494069208e-5,9.802960494069208e-5,9.802960494069208e-5,9.802960494069208e-5,9.802960494069208e-5,9.802960494069208e-5,9.802960494069208e-5,9.802960494069208e-5,9.802960494069208e-5,0.00010000931281246937,0.00201838984903441
