0.0023247584691647727,0.0001011753048231742,9.802960494069208e-5,9.802960494069208e-5,9.802960494069208e-5,9.802960494069208e-5,9.802960494069208e-5,9.802960494069208e-5,9.802960494069208e-5,9.802960494069208e-5,9.802960494069208e-5,9.802960494069208e-5,9.802960494069208e-5,9.802960494069208e-5,9.802960494069208e-5,9.802960494069208e-5,9.802960494069208e-5,9.802960494069208e-5,9.802960494069208e-5,9.802960494069208e-5,9.802960494069208e-5,9.802960494069208e-5,9.802960494069208e-5,9.802960494069208e-5,9.802960494069208e-5,9.802960494069208e-5,9.802960494069208e-5,9.802960494069208e-5,9.802960494069208e-5,9.802960494069208e-5,9.802960494069208e-5,9.802960494069208e-5,9.802960494069208e-5,9.802960494069208e-5,9.802960494069208e-5,9.802960494069208e-5,9.802960494069208e-5,9.802960494069208e-5,9.802960494069208e-5,9.802960494069208e-5,9.802960494069208e-5,9.802960494069208e-5,9.802960494069208e-5,9.802960494069208e-5,9.802960494069208e-5,9.802960494069208e-5,9.802960494069208e-5,9.802960494069208e-5,9.802960494069208e-5,9.802960494069208e-5,9.802960494069208e-5,9.802960494069208e-5,9.802960494069208e-5,9.802960494069208e-5,9.802960494069208e-5,9.802960494069208e-5,9.802960494069208e-5,9.802960494069208e-5,9.802960494069208e-5,9.802960494069208e-5,9.802960494069208e-5,9.802960494069208e-5,9.802960494069208e-5,9.802960494069208e-5,9.802960494069208e-5,9.802960494069208e-5,9.802960494069208e-5,9.802960494069208e-5,9.802960494069208e-5,9.802960494069208e-5,9.802960494069208e-5,9.802960494069208e-5,9.802960494069208e-5,9.802960494069208e-5,9.802960494069208e-5,9.802960494069208e-5,9.802960494069208e-5,9.802960494069208e-5,9.802960494069208e-5,9.802960494069208e-5,9.802960494069208e-5,9.802960494069208e-5,9.802960494069208e-5,9.802960494069208e-5,9.802960494069208e-5,9.802960494069208e-5,9.802960494069208e-5,9.802960494069208e-5,9.802960494069208e-5,9.802960494069208e-5,9.802960494069208e-5,9.802960494069208e-5,9.802960494069208e-5,9.802960494069208e-5,9.802960494069208e-5,9.802960494069208e-5,9.802960494069208e-5,9.802960494069208e-5,9.802960494069208e-5,9.802960494069208e-5,9.802960494069208e-5
0.0027559036375082095,0.0001482365951952181,0.00010487196156337613,0.00010434312526894226,9.802960494069208e-5,9.802960494069208e-5,9.802960494069208e-5,9.802960494069208e-5,9.802960494069208e-5,9.802960494069208e-5,9.802960494069208e-5,9.802960494069208e-5,9.802960494069208e-5,9.802960494069208e-5,9.802960494069208e-5,9.802960494069208e-5,9.802960494069208e-5,9.802960494069208e-5,9.802960494069208e-5,9.802960494069208e-5,9.802960494069208e-5,9.802960494069208e-5,9.802960494069208e-5,9.802960494069208e-5,9.802960494069208e-5,9.802960494069208e-5,9.802960494069208e-5,9.802960494069208e-5,9.802960494069208e-5,9.802960494069208e-5,9.802960494069208e-5,9.802960494069208e-5,9.802960494069208e-5,9.802960494069208e-5,9.802960494069208e-5,9.802960494069208e-5,9.802960494069208e-5,9.802960494069208e-5,9.802960494069208e-5,9.802960494069208e-5,9.802960494069208e-5,9.802960494069208e-5,9.802960494069208e-5,9.802960494069208e-5,9.802960494069208e-5,9.802960494069208e-5,9.802960494069208e-5,9.802960494069208e-5,9.802960494069208e-5,9.802960494069208e-5,9.802960494069208e-5,9.802960494069208e-5,9.802960494069208e-5,9.802960494069208e-5,9.802960494069208e-5,9.802960494069208e-5,9.802960494069208e-5,9.802960494069208e-5,9.802960494069208e-5,9.802960494069208e-5,9.802960494069208e-5,9.802960494069208e-5,9.802960494069208e-5,9.802960494069208e-5,9.802960494069208e-5,9.802960494069208e-5,9.802960494069208e-5,9.802960494069208e-5,9.802960494069208e-5,9.802960494069208e-5,9.802960494069208e-5,9.802960494069208e-5,9.802960494069208e-5,9.802960494069208e-5,9.802960494069208e-5,9.802960494069208e-5,9.802960494069208e-5,9.802960494069208e-5,9.802960494069208e-5,9.802960494069208e-5,9.802960494069208e-5,9.802960494069208e-5,9.802960494069208e-5,9.802960494069208e-5,9.802960494069208e-5,9.802960494069208e-5,9.802960494069208e-5,9.802960494069208e-5,9.802960494069208e-5,9.802960494069208e-5,9.802960494069208e-5,9.802960494069208e-5,9.802960494069208e-5,9.802960494069208e-5,9.802960494069208e-5,9.802960494069208e-5,9.802960494069208e-5,9.802960494069208e-5,9.802960494069208e-5,9.802960494069208e-5,9.802960494069208e-5
0.0028886038590366994,0.00011983666986485245,0.00010362285877407313,0.00010151521551584746,9.802960494069208e-5,9.802960494069208e-5,9.802960494069208e-5,9.802960494069208e-5,9.802960494069208e-5,9.802960494069208e-5,9.802960494069208e-5,9.802960494069208e-5,9.802960494069208e-5,9.802960494069208e-5,9.802960494069208e-5,9.802960494069208e-5,9.802960494069208e-5,9.802960494069208e-5,9.802960494069208e-5,9.802960494069208e-5,9.802960494069208e-5,9.802960494069208e-5,9.802960494069208e-5,9.802960494069208e-5,9.802960494069208e-5,9.802960494069208e-5,9.802960494069208e-5,9.802960494069208e-5,9.802960494069208e-5,9.802960494069208e-5,9.802960494069208e-5,9.802960494069208e-5,9.802960494069208e-5,9.802960494069208e-5,9.802960494069208e-5,9.802960494069208e-5,9.802960494069208e-5,9.802960494069208e-5,9.802960494069208e-5,9.802960494069208e-5,9.802960494069208e-5,9.802960494069208e-5,9.802960494069208e-5,9.802960494069208e-5,9.802960494069208e-5,9.802960494069208e-5,9.802960494069208e-5,9.802960494069208e-5,9.802960494069208e-5,9.802960494069208e-5,9.802960494069208e-5,9.802960494069208e-5,9.802960494069208e-5,9.802960494069208e-5,9.802960494069208e-5,9.802960494069208e-5,9.802960494069208e-5,9.802960494069208e-5,9.802960494069208e-5,9.802960494069208e-5,9.802960494069208e-5,9.802960494069208e-5,9.802960494069208e-5,9.802960494069208e-5,9.802960494069208e-5,9.802960494069208e-5,9.802960494069208e-5,9.802960494069208e-5,9.802960494069208e-5,9.802960494069208e-5,9.802960494069208e-5,9.802960494069208e-5,9.802960494069208e-5,9.802960494069208e-5,9.802960494069208e-5,9.802960494069208e-5,9.802960494069208e-5,9.802960494069208e-5,9.802960494069208e-5,9.802960494069208e-5,9.802960494069208e-5,9.802960494069208e-5,9.802960494069208e-5,9.802960494069208e-5,9.802960494069208e-5,9.802960494069208e-5,9.802960494069208e-5,9.802960494069208e-5,9.802960494069208e-5,9.802960494069208e-5,9.802960494069208e-5,9.802960494069208e-5,9.802960494069208e-5,9.802960494069208e-5,9.802960494069208e-5,9.802960494069208e-5,9.802960494069208e-5,9.802960494069208e-5,9.802960494069208e-5,9.802960494069208e-5,9.802960494069208e-5
0.0032634555982219296,0.000142217303554367,0.00012076868460548129,0.00010347921833335555,9.921576316047446e-5,9.802960494069208e-5,9.802960494069208e-5,9.802960494069208e-5,9.802960494069208e-5,9.802960494069208e-5,9.802960494069208e-5,9.802960494069208e-5,9.802960494069208e-5,9.802960494069208e-5,9.802960494069208e-5,9.802960494069208e-5,9.802960494069208e-5,9.802960494069208e-5,9.802960494069208e-5,9.802960494069208e-5,9.802960494069208e-5,9.802960494069208e-5,9.802960494069208e-5,9.802960494069208e-5,9.802960494069208e-5,9.802960494069208e-5,9.802960494069208e-5,9.802960494069208e-5,9.802960494069208e-5,9.802960494069208e-5,9.802960494069208e-5,9.802960494069208e-5,9.802960494069208e-5,9.802960494069208e-5,9.802960494069208e-5,9.802960494069208e-5,9.802960494069208e-5,9.802960494069208e-5,9.802960494069208e-5,9.802960494069208e-5,9.802960494069208e-5,9.802960494069208e-5,9.802960494069208e-5,9.802960494069208e-5,9.802960494069208e-5,9.802960494069208e-5,9.802960494069208e-5,9.802960494069208e-5,9.802960494069208e-5,9.802960494069208e-5,9.802960494069208e-5,9.802960494069208e-5,9.802960494069208e-5,9.802960494069208e-5,9.802960494069208e-5,9.802960494069208e-5,9.802960494069208e-5,9.802960494069208e-5,9.802960494069208e-5,9.802960494069208e-5,9.802960494069208e-5,9.802960494069208e-5,9.802960494069208e-5,9.802960494069208e-5,9.802960494069208e-5,9.802960494069208e-5,9.802960494069208e-5,9.802960494069208e-5,9.802960494069208e-5,9.802960494069208e-5,9.802960494069208e-5,9.802960494069208e-5,9.802960494069208e-5,9.802960494069208e-5,9.802960494069208e-5,9.802960494069208e-5,9.802960494069208e-5,9.802960494069208e-5,9.802960494069208e-5,9.802960494069208e-5,9.802960494069208e-5,9.802960494069208e-5,9.802960494069208e-5,9.802960494069208e-5,9.802960494069208e-5,9.802960494069208e-5,9.802960494069208e-5,9.802960494069208e-5,9.802960494069208e-5,9.802960494069208e-5,9.802960494069208e-5,9.802960494069208e-5,9.802960494069208e-5,9.802960494069208e-5,9.802960494069208e-5,9.802960494069208e-5,9.802960494069208e-5,9.802960494069208e-5,9.802960494069208e-5,9.802960494069208e-5,9.802960494069208e-5
0.00488837184282351,0.0001484475038564888,0.00010893242215706383,9.802960494069208e-5,9.802960494069208e-5,9.802960494069208e-5,9.802960494069208e-5,9.802960494069208e-5,9.802960494069208e-5,9.802960494069208e-5,9.802960494069208e-5,9.802960494069208e-5,9.802960494069208e-5,9.802960494069208e-5,9.802960494069208e-5,9.802960494069208e-5,9.802960494069208e-5,9.802960494069208e-5,9.802960494069208e-5,9.802960494069208e-5,9.802960494069208e-5,9.802960494069208e-5,9.802960494069208e-5,9.802960494069208e-5,9.802960494069208e-5,9.802960494069208e-5,9.802960494069208e-5,9.802960494069208e-5,9.802960494069208e-5,9.802960494069208e-5,9.802960494069208e-5,9.802960494069208e-5,9.802960494069208e-5,9.802960494069208e-5,9.802960494069208e-5,9.802960494069208e-5,9.802960494069208e-5,9.802960494069208e-5,9.802960494069208e-5,9.802960494069208e-5,9.802960494069208e-5,9.802960494069208e-5,9.802960494069208e-5,9.802960494069208e-5,9.802960494069208e-5,9.802960494069208e-5,9.802960494069208e-5,9.802960494069208e-5,9.802960494069208e-5,9.802960494069208e-5,9.802960494069208e-5,9.802960494069208e-5,9.802960494069208e-5,9.802960494069208e-5,9.802960494069208e-5,9.802960494069208e-5,9.802960494069208e-5,9.802960494069208e-5,9.802960494069208e-5,9.802960494069208e-5,9.802960494069208e-5,9.802960494069208e-5,9.802960494069208e-5,9.802960494069208e-5,9.802960494069208e-5,9.802960494069208e-5,9.802960494069208e-5,9.802960494069208e-5,9.802960494069208e-5,9.802960494069208e-5,9.802960494069208e-5,9.802960494069208e-5,9.802960494069208e-5,9.802960494069208e-5,9.802960494069208e-5,9.802960494069208e-5,9.802960494069208e-5,9.802960494069208e-5,9.802960494069208e-5,9.802960494069208e-5,9.802960494069208e-5,9.802960494069208e-5,9.802960494069208e-5,9.802960494069208e-5,9.802960494069208e-5,9.802960494069208e-5,9.802960494069208e-5,9.802960494069208e-5,9.802960494069208e-5,9.802960494069208e-5,9.802960494069208e-5,9.802960494069208e-5,9.802960494069208e-5,9.802960494069208e-5,9.802960494069208e-5,9.802960494069208e-5,9.802960494069208e-5,9.802960494069208e-5,9.802960494069208e-5,9.802960494069208e-5,9.802960494069208e-5
0.006646146693463553,0.00023813736496761437,0.00016810477966431925,0.00011808050692198268,0.00010485207332614449,0.0001005760737966866,9.962748750122537e-5,9.802960494069208e-5,9.802960494069208e-5,9.802960494069208e-5,9.978276639545142e-5,0.0001032890893049701,0.00011205489657876678,0.00012082070385256346,0.0001313396725811195,0.00012432702676208214,0.00012960199980394078,0.0001278333496716008,0.0001050732281148907,0.00011568512890893049,0.0001245128908930497,0.00013693990785217135,0.00013163395745515146,0.0001298653073228115,0.00011394745613175178,0.00010864150573473189,0.00010156690520537201,9.802960494069208e-5,9.979825507303205e-5,9.802960494069208e-5,9.802960494069208e-5,9.802960494069208e-5,9.802960494069208e-5,9.802960494069208e-5,9.802960494069208e-5,9.802960494069208e-5,9.802960494069208e-5,9.802960494069208e-5,9.802960494069208e-5,9.802960494069208e-5,9.802960494069208e-5,9.802960494069208e-5,9.802960494069208e-5,9.802960494069208e-5,9.802960494069208e-5,9.802960494069208e-5,9.802960494069208e-5,9.802960494069208e-5,9.802960494069208e-5,9.802960494069208e-5,9.802960494069208e-5,9.802960494069208e-5,9.802960494069208e-5,9.802960494069208e-5,9.802960494069208e-5,9.802960494069208e-5,9.802960494069208e-5,9.802960494069208e-5,9.802960494069208e-5,9.802960494069208e-5,9.802960494069208e-5,9.802960494069208e-5,9.802960494069208e-5,9.802960494069208e-5,9.802960494069208e-5,9.802960494069208e-5,9.802960494069208e-5,9.802960494069208e-5,9.802960494069208e-5,9.802960494069208e-5,9.802960494069208e-5,9.802960494069208e-5,9.802960494069208e-5,9.802960494069208e-5,9.802960494069208e-5,9.802960494069208e-5,9.802960494069208e-5,9.802960494069208e-5,9.802960494069208e-5,9.802960494069208e-5,9.802960494069208e-5,9.802960494069208e-5,9.802960494069208e-5,9.802960494069208e-5,9.802960494069208e-5,9.802960494069208e-5,9.802960494069208e-5,9.802960494069208e-5,9.802960494069208e-5,9.802960494069208e-5,9.802960494069208e-5,9.802960494069208e-5,9.802960494069208e-5,9.802960494069208e-5,9.802960494069208e-5,9.802960494069208e-5,9.802960494069208e-5,9.802960494069208e-5,9.802960494069208e-5,9.802960494069208e-5,9.802960494069208e-5
0.00703094868513534,0.0003387502809971701,0.0002437818790992047,0.00016257665787488916,0.00013218246999430032,0.0001191862831487109,0.00010569102634055485,0.0001030759520341143,0.00011122987942358592,0.00011948005097539456,0.00012608018821684148,0.0001344158415841584,0.00012278011959611802,0.00013483776100382315,0.00013251249877462994,0.0001366454269189295,0.00017874326046466034,0.00017020650524458386,0.00019665197921772378,0.00014966431526320948,0.00016646518380550928,0.00015215544162337026,0.00017487299088324675,0.0001381047779629448,0.00014705874718164887,0.0001290882403685913,0.00013122814233898635,0.00013587922752671306,0.00012437996274875012,0.0001309385354377022,0.00011614547593373198,0.00010791098911871384,0.00010132339966669933,9.967650230369571e-5,9.802960494069208e-5,9.802960494069208e-5,9.802960494069208e-5,9.802960494069208e-5,9.802960494069208e-5,9.802960494069208e-5,9.802960494069208e-5,9.802960494069208e-5,9.802960494069208e-5,9.802960494069208e-5,9.802960494069208e-5,9.802960494069208e-5,9.802960494069208e-5,9.802960494069208e-5,9.802960494069208e-5,9.802960494069208e-5,9.802960494069208e-5,9.802960494069208e-5,9.802960494069208e-5,9.802960494069208e-5,9.802960494069208e-5,9.802960494069208e-5,9.802960494069208e-5,9.802960494069208e-5,9.802960494069208e-5,9.802960494069208e-5,9.802960494069208e-5,9.802960494069208e-5,9.802960494069208e-5,9.802960494069208e-5,9.802960494069208e-5,9.802960494069208e-5,9.802960494069208e-5,9.802960494069208e-5,9.802960494069208e-5,9.802960494069208e-5,9.802960494069208e-5,9.802960494069208e-5,9.802960494069208e-5,9.802960494069208e-5,9.802960494069208e-5,9.802960494069208e-5,9.802960494069208e-5,9.802960494069208e-5,9.802960494069208e-5,9.802960494069208e-5,9.802960494069208e-5,9.802960494069208e-5,9.802960494069208e-5,9.802960494069208e-5,9.802960494069208e-5,9.802960494069208e-5,9.802960494069208e-5,9.802960494069208e-5,9.802960494069208e-5,9.802960494069208e-5,9.802960494069208e-5,9.802960494069208e-5,9.802960494069208e-5,9.802960494069208e-5,9.802960494069208e-5,9.802960494069208e-5,9.802960494069208e-5,9.802960494069208e-5,9.802960494069208e-5,9.802960494069208e-5,9.802960494069208e-5
0.0063284000317658734,0.00030995468065706335,0.00019445401462181612,0.00015961872167149645,0.0001613782982942849,0.000158237592841951,0.0001721869253602588,0.00015582473283011467,0.0001500608558768748,0.0001796492716400353,0.00018706448618762867,0.00016315324576021958,0.0001321422762474267,0.00017582624644642682,0.0002017490848936379,0.0002240625449955887,0.0002072567997745319,0.00023112935359278502,0.00021202937163023234,0.00020460776806195474,0.00017443308665817078,0.00016667806688559945,0.00019337334263307517,0.00021039155970002942,0.00024065806196451329,0.00028380258685422997,0.0002793677291638075,0.00027412011324379963,0.00021111093892755612,0.0001603960287030683,0.00014605983623174198,0.00012472817662974217,0.00011909005293598666,0.00011032251740025487,0.00010808744240760709,0.00010026467993333986,9.802960494069208e-5,9.802960494069208e-5,9.802960494069208e-5,9.802960494069208e-5,9.802960494069208e-5,9.802960494069208e-5,9.802960494069208e-5,9.802960494069208e-5,9.802960494069208e-5,9.802960494069208e-5,9.802960494069208e-5,9.802960494069208e-5,9.802960494069208e-5,9.802960494069208e-5,9.802960494069208e-5,9.802960494069208e-5,9.802960494069208e-5,9.802960494069208e-5,9.802960494069208e-5,9.802960494069208e-5,9.802960494069208e-5,9.802960494069208e-5,9.802960494069208e-5,9.802960494069208e-5,9.802960494069208e-5,9.802960494069208e-5,9.802960494069208e-5,9.802960494069208e-5,9.802960494069208e-5,9.802960494069208e-5,9.802960494069208e-5,9.802960494069208e-5,9.802960494069208e-5,9.802960494069208e-5,9.802960494069208e-5,9.802960494069208e-5,9.802960494069208e-5,9.802960494069208e-5,9.802960494069208e-5,9.802960494069208e-5,9.802960494069208e-5,9.802960494069208e-5,9.802960494069208e-5,9.802960494069208e-5,9.802960494069208e-5,9.802960494069208e-5,9.802960494069208e-5,9.802960494069208e-5,9.802960494069208e-5,9.802960494069208e-5,9.802960494069208e-5,9.802960494069208e-5,9.802960494069208e-5,9.802960494069208e-5,9.802960494069208e-5,9.802960494069208e-5,9.802960494069208e-5,9.802960494069208e-5,9.802960494069208e-5,9.802960494069208e-5,9.802960494069208e-5,9.802960494069208e-5,9.802960494069208e-5,9.802960494069208e-5,9.802960494069208e-5
0.007134763956056132,0.0006017210884684454,0.0004111435542343273,0.00042043028589062683,0.0,0.0,0.0,0.0,0.0,0.0,0.0,0.0,0.0,0.0,0.0,0.0,0.0,0.0,0.0,0.0,0.0,0.0,0.0,0.0,0.0,0.0,0.0,0.0,0.0,0.0,0.0,0.0,0.0,0.0,0.0,0.0,0.0,0.0,0.0,0.0,0.0,0.0,0.0,0.0,0.0,0.0,0.0,0.0,0.0,0.0,0.0,0.0,0.0,0.0,0.0,0.0,0.0,0.0,0.0,0.0,0.0,0.0,0.0,0.0,0.0,0.0,0.0,0.0,0.0,0.0,0.0,0.0,0.0,0.0,0.0,0.0,0.0,0.0,0.0,0.0,0.0,0.0,0.0,0.0,0.0,0.0,0.0,0.0,0.0,0.0,0.0,0.0,0.0,0.0,0.0,0.0,0.0,9.802960494069208e-5,9.802960494069208e-5,9.802960494069208e-5,9.802960494069208e-5
0.007638938545425885,0.0006099240234854279,0.0004336216353423003,0.00040771685150188855,0.0,0.0,0.0,0.0,0.0,0.0,0.0,0.0,0.0,0.0,0.0,0.0,0.0,0.0,0.0,0.0,0.0,0.0,0.0,0.0,0.0,0.0,0.0,0.0,0.0,0.0,0.0,0.0,0.0,0.0,0.0,0.0,0.0,0.0,0.0,0.0,0.0,0.0,0.0,0.0,0.0,0.0,0.0,0.0,0.0,0.0,0.0,0.0,0.0,0.0,0.0,0.0,0.0,0.0,0.0,0.0,0.0,0.0,0.0,0.0,0.0,0.0,0.0,0.0,0.0,0.0,0.0,0.0,0.0,0.0,0.0,0.0,0.0,0.0,0.0,0.0,0.0,0.0,0.0,0.0,0.0,0.0,0.0,0.0,0.0,0.0,0.0,0.0,0.0,0.0,0.0,0.0,0.0,9.802960494069208e-5,9.802960494069208e-5,9.802960494069208e-5,9.802960494069208e-5
0.00850240054576162,0.0005105427117626832,0.00036738961626027076,0.00031565405492643646,0.0,0.0,0.0,0.0,0.0,0.0,0.0,0.0,0.0,0.0,0.0,0.0,0.0,0.0,0.0,0.0,0.0,0.0,0.0,0.0,0.0,0.0,0.0,0.0,0.0,0.0,0.0,0.0,0.0,0.0,0.0,0.0,0.0,0.0,0.0,0.0,0.0,0.0,0.0,0.0,0.0,0.0,0.0,0.0,0.0,0.0,0.0,0.0,0.0,0.0,0.0,0.0,0.0,0.0,0.0,0.0,0.0,0.0,0.0,0.0,0.0,0.0,0.0,0.0,0.0,0.0,0.0,0.0,0.0,0.0,0.0,0.0,0.0,0.0,0.0,0.0,0.0,0.0,0.0,0.0,0.0,0.0,0.0,0.0,0.0,0.0,0.0,0.0,0.0,0.0,0.0,0.0,0.0,9.802960494069208e-5,9.802960494069208e-5,9.802960494069208e-5,9.802960494069208e-5
0.007358820984336864,0.0005703256320819506,0.00046054387900939034,0.00045773145456469395,0.0,0.0,0.0,0.0,0.0,0.0,0.0,0.0,0.0,0.0,0.0,0.0,0.0,0.0,0.0,0.0,0.0,0.0,0.0,0.0,0.0,0.0,0.0,0.0,0.0,0.0,0.0,0.0,0.0,0.0,0.0,0.0,0.0,0.0,0.0,0.0,0.0,0.0,0.0,0.0,0.0,0.0,0.0,0.0,0.0,0.0,0.0,0.0,0.0,0.0,0.0,0.0,0.0,0.0,0.0,0.0,0.0,0.0,0.0,0.0,0.0,0.0,0.0,0.0,0.0,0.0,0.0,0.0,0.0,0.0,0.0,0.0,0.0,0.0,0.0,0.0,0.0,0.0,0.0,0.0,0.0,0.0,0.0,0.0,0.0,0.0,0.0,0.0,0.0,0.0,0.0,0.0,0.0,9.802960494069208e-5,9.802960494069208e-5,9.802960494069208e-5,9.802960494069208e-5
0.0071663581680308525,0.0006238071209618199,0.0005849926651991152,0.0005159545273790095,0.0,0.0,0.0,0.0,0.0,0.0,0.0,0.0,0.0,0.0,0.0,0.0,0.0,0.0,0.0,0.0,0.0,0.0,0.0,0.0,0.0,0.0,0.0,0.0,0.0,0.0,0.0,0.0,0.0,0.0,0.0,0.0,0.0,0.0,0.0,0.0,0.0,0.0,0.0,0.0,0.0,0.0,0.0,0.0,0.0,0.0,0.0,0.0,0.0,0.0,0.0,0.0,0.0,0.0,0.0,0.0,0.0,0.0,0.0,0.0,0.0,0.0,0.0,0.0,0.0,0.0,0.0,0.0,0.0,0.0,0.0,0.0,0.0,0.0,0.0,0.0,0.0,0.0,0.0,0.0,0.0,0.0,0.0,0.0,0.0,0.0,0.0,0.0,0.0,0.0,0.0,0.0,0.0,9.802960494069208e-5,9.802960494069208e-5,9.802960494069208e-5,9.802960494069208e-5
0.007772212761546585,0.0006415016745316967,0.0004997201106359961,0.0004763341655099594,0.0,0.0,0.0,0.0,0.0,0.0,0.0,0.0,0.0,0.0,0.0,0.0,0.0,0.0,0.0,0.0,0.0,0.0,0.0,0.0,0.0,0.0,0.0,0.0,0.0,0.0,0.0,0.0,0.0,0.0,0.0,0.0,0.0,0.0,0.0,0.0,0.0,0.0,0.0,0.0,0.0,0.0,0.0,0.0,0.0,0.0,0.0,0.0,0.0,0.0,0.0,0.0,0.0,0.0,0.0,0.0,0.0,0.0,0.0,0.0,0.0,0.0,0.0,0.0,0.0,0.0,0.0,0.0,0.0,0.0,0.0,0.0,0.0,0.0,0.0,0.0,0.0,0.0,0.0,0.0,0.0,0.0,0.0,0.0,0.0,0.0,0.0,0.0,0.0,0.0,0.0,0.0,0.0,9.802960494069208e-5,9.802960494069208e-5,9.802960494069208e-5,9.802960494069208e-5
0.008674588973783166,0.0009148810702614413,0.0008569585476296338,0.0006875861501994471,0.0,0.0,0.0,0.0,0.0,0.0,0.0,0.0,0.0,0.0,0.0,0.0,0.0,0.0,0.0,0.0,0.0,0.0,0.0,0.0,0.0,0.0,0.0,0.0,0.0,0.0,0.0,0.0,0.0,0.0,0.0,0.0,0.0,0.0,0.0,0.0,0.0,0.0,0.0,0.0,0.0,0.0,0.0,0.0,0.0,0.0,0.0,0.0,0.0,0.0,0.0,0.0,0.0,0.0,0.0,0.0,0.0,0.0,0.0,0.0,0.0,0.0,0.0,0.0,0.0,0.0,0.0,0.0,0.0,0.0,0.0,0.0,0.0,0.0,0.0,0.0,0.0,0.0,0.0,0.0,0.0,0.0,0.0,0.0,0.0,0.0,0.0,0.0,0.0,0.0,0.0,0.0,0.0,9.802960494069208e-5,9.802960494069208e-5,9.802960494069208e-5,9.802960494069208e-5
0.0064177957475541735,0.0010825876566117412,0.0009226064369310359,0.0008904926961175416,0.0,0.0,0.0,0.0,0.0,0.0,0.0,0.0,0.0,0.0,0.0,0.0,0.0,0.0,0.0,0.0,0.0,0.0,0.0,0.0,0.0,0.0,0.0,0.0,0.0,0.0,0.0,0.0,0.0,0.0,0.0,0.0,0.0,0.0,0.0,0.0,0.0,0.0,0.0,0.0,0.0,0.0,0.0,0.0,0.0,0.0,0.0,0.0,0.0,0.0,0.0,0.0,0.0,0.0,0.0,0.0,0.0,0.0,0.0,0.0,0.0,0.0,0.0,0.0,0.0,0.0,0.0,0.0,0.0,0.0,0.0,0.0,0.0,0.0,0.0,0.0,0.0,0.0,0.0,0.0,0.0,0.0,0.0,0.0,0.0,0.0,0.0,0.0,0.0,0.0,0.0,0.0,0.0,9.802960494069208e-5,9.802960494069208e-5,9.802960494069208e-5,9.802960494069208e-5
0.007516310831266525,0.0007166819810191228,0.0007439569855372556,0.0007702222920390573,0.0,0.0,0.0,0.0,0.0,0.0,0.0,0.0,0.0,0.0,0.0,0.0,0.0,0.0,0.0,0.0,0.0,0.0,0.0,0.0,0.0,0.0,0.0,0.0,0.0,0.0,0.0,0.0,0.0,0.0,0.0,0.0,0.0,0.0,0.0,0.0,0.0,0.0,0.0,0.0,0.0,0.0,0.0,0.0,0.0,0.0,0.0,0.0,0.0,0.0,0.0,0.0,0.0,0.0,0.0,0.0,0.0,0.0,0.0,0.0,0.0,0.0,0.0,0.0,0.0,0.0,0.0,0.0,0.0,0.0,0.0,0.0,0.0,0.0,0.0,0.0,0.0,0.0,0.0,0.0,0.0,0.0,0.0,0.0,0.0,0.0,0.0,0.0,0.0,0.0,0.0,0.0,0.0,9.802960494069208e-5,9.802960494069208e-5,9.802960494069208e-5,9.802960494069208e-5
0.005295037460446518,0.0011737603802715797,0.0012622921836830125,0.0011614980807163999,0.0,0.0,0.0,0.0,0.0,0.0,0.0,0.0,0.0,0.0,0.0,0.0,0.0,0.0,0.0,0.0,0.0,0.0,0.0,0.0,0.0,0.0,0.0,0.0,0.0,0.0,0.0,0.0,0.0,0.0,0.0,0.0,0.0,0.0,0.0,0.0,0.0,0.0,0.0,0.0,0.0,0.0,0.0,0.0,0.0,0.0,0.0,0.0,0.0,0.0,0.0,0.0,0.0,0.0,0.0,0.0,0.0,0.0,0.0,0.0,0.0,0.0,0.0,0.0,0.0,0.0,0.0,0.0,0.0,0.0,0.0,0.0,0.0,0.0,0.0,0.0,0.0,0.0,0.0,0.0,0.0,0.0,0.0,0.0,0.0,0.0,0.0,0.0,0.0,0.0,0.0,0.0,0.0,9.802960494069208e-5,9.802960494069208e-5,9.802960494069208e-5,9.802960494069208e-5
0.005815633474794468,0.0009732728666276931,0.000826537640031916,0.001041577548452541,0.0,0.0,0.0,0.0,0.0,0.0,0.0,0.0,0.0,0.0,0.0,0.0,0.0,0.0,0.0,0.0,0.0,0.0,0.0,0.0,0.0,0.0,0.0,0.0,0.0,0.0,0.0,0.0,0.0,0.0,0.0,0.0,0.0,0.0,0.0,0.0,0.0,0.0,0.0,0.0,0.0,0.0,0.0,0.0,0.0,0.0,0.0,0.0,0.0,0.0,0.0,0.0,0.0,0.0,0.0,0.0,0.0,0.0,0.0,0.0,0.0,0.0,0.0,0.0,0.0,0.0,0.0,0.0,0.0,0.0,0.0,0.0,0.0,0.0,0.0,0.0,0.0,0.0,0.0,0.0,0.0,0.0,0.0,0.0,0.0,0.0,0.0,0.0,0.0,0.0,0.0,0.0,0.0,9.802960494069208e-5,9.802960494069208e-5,9.802960494069208e-5,9.802960494069208e-5
0.004924159240563976,0.0007785562062753082,0.0007837688559493342,0.0009177922517836674,0.0,0.0,0.0,0.0,0.0,0.0,0.0,0.0,0.0,0.0,0.0,0.0,0.0,0.0,0.0,0.0,0.0,0.0,0.0,0.0,0.0,0.0,0.0,0.0,0.0,0.0,0.0,0.0,0.0,0.0,0.0,0.0,0.0,0.0,0.0,0.0,0.0,0.0,0.0,0.0,0.0,0.0,0.0,0.0,0.0,0.0,0.0,0.0,0.0,0.0,0.0,0.0,0.0,0.0,0.0,0.0,0.0,0.0,0.0,0.0,0.0,0.0,0.0,0.0,0.0,0.0,0.0,0.0,0.0,0.0,0.0,0.0,0.0,0.0,0.0,0.0,0.0,0.0,0.0,0.0,0.0,0.0,0.0,0.0,0.0,0.0,0.0,0.0,0.0,0.0,0.0,0.0,0.0,9.802960494069208e-5,9.802960494069208e-5,9.802960494069208e-5,9.802960494069208e-5
0.0037774398197007596,0.000517654767539738,0.0005644911244220653,0.000578126808482108,0.0,0.0,0.0,0.0,0.0,0.0,0.0,0.0,0.0,0.0,0.0,0.0,0.0,0.0,0.0,0.0,0.0,0.0,0.0,0.0,0.0,0.0,0.0,0.0,0.0,0.0,0.0,0.0,0.0,0.0,0.0,0.0,0.0,0.0,0.0,0.0,0.0,0.0,0.0,0.0,0.0,0.0,0.0,0.0,0.0,0.0,0.0,0.0,0.0,0.0,0.0,0.0,0.0,0.0,0.0,0.0,0.0,0.0,0.0,0.0,0.0,0.0,0.0,0.0,0.0,0.0,0.0,0.0,0.0,0.0,0.0,0.0,0.0,0.0,0.0,0.0,0.0,0.0,0.0,0.0,0.0,0.0,0.0,0.0,0.0,0.0,0.0,0.0,0.0,0.0,0.0,0.0,0.0,9.802960494069208e-5,9.802960494069208e-5,9.802960494069208e-5,9.802960494069208e-5
0.0034866910631878123,0.0004714817987291904,0.00042659342682332296,0.00048256334850207576,0.0,0.0,0.0,0.0,0.0,0.0,0.0,0.0,0.0,0.0,0.0,0.0,0.0,0.0,0.0,0.0,0.0,0.0,0.0,0.0,0.0,0.0,0.0,0.0,0.0,0.0,0.0,0.0,0.0,0.0,0.0,0.0,0.0,0.0,0.0,0.0,0.0,0.0,0.0,0.0,0.0,0.0,0.0,0.0,0.0,0.0,0.0,0.0,0.0,0.0,0.0,0.0,0.0,0.0,0.0,0.0,0.0,0.0,0.0,0.0,0.0,0.0,0.0,0.0,0.0,0.0,0.0,0.0,0.0,0.0,0.0,0.0,0.0,0.0,0.0,0.0,0.0,0.0,0.0,0.0,0.0,0.0,0.0,0.0,0.0,0.0,0.0,0.0,0.0,0.0,0.0,0.0,0.0,9.802960494069208e-5,9.802960494069208e-5,9.802960494069208e-5,9.802960494069208e-5
0.0031253497447339944,0.00039655229407663896,0.0004533866351732822,0.00039483780705387305,0.0,0.0,0.0,0.0,0.0,0.0,0.0,0.0,0.0,0.0,0.0,0.0,0.0,0.0,0.0,0.0,0.0,0.0,0.0,0.0,0.0,0.0,0.0,0.0,0.0,0.0,0.0,0.0,0.0,0.0,0.0,0.0,0.0,0.0,0.0,0.0,0.0,0.0,0.0,0.0,0.0,0.0,0.0,0.0,0.0,0.0,0.0,0.0,0.0,0.0,0.0,0.0,0.0,0.0,0.0,0.0,0.0,0.0,0.0,0.0,0.0,0.0,0.0,0.0,0.0,0.0,0.0,0.0,0.0,0.0,0.0,0.0,0.0,0.0,0.0,0.0,0.0,0.0,0.0,0.0,0.0,0.0,0.0,0.0,0.0,0.0,0.0,0.0,0.0,0.0,0.0,0.0,0.0,9.802960494069208e-5,9.802960494069208e-5,9.802960494069208e-5,9.802960494069208e-5
0.002775612799765192,0.0004619308304850531,0.0003754806800664447,0.00040138253093821997,0.0,0.0,0.0,0.0,0.0,0.0,0.0,0.0,0.0,0.0,0.0,0.0,0.0,0.0,0.0,0.0,0.0,0.0,0.0,0.0,0.0,0.0,0.0,0.0,0.0,0.0,0.0,0.0,0.0,0.0,0.0,0.0,0.0,0.0,0.0,0.0,0.0,0.0,0.0,0.0,0.0,0.0,0.0,0.0,0.0,0.0,0.0,0.0,0.0,0.0,0.0,0.0,0.0,0.0,0.0,0.0,0.0,0.0,0.0,0.0,0.0,0.0,0.0,0.0,0.0,0.0,0.0,0.0,0.0,0.0,0.0,0.0,0.0,0.0,0.0,0.0,0.0,0.0,0.0,0.0,0.0,0.0,0.0,0.0,0.0,0.0,0.0,0.0,0.0,0.0,0.0,0.0,0.0,9.802960494069208e-5,9.802960494069208e-5,9.802960494069208e-5,9.802960494069208e-5
0.002900870288908088,0.00035058671280772767,0.00040302194533919016,0.0003455692940992948,0.0,0.0,0.0,0.0,0.0,0.0,0.0,0.0,0.0,0.0,0.0,0.0,0.0,0.0,0.0,0.0,0.0,0.0,0.0,0.0,0.0,0.0,0.0,0.0,0.0,0.0,0.0,0.0,0.0,0.0,0.0,0.0,0.0,0.0,0.0,0.0,0.0,0.0,0.0,0.0,0.0,0.0,0.0,0.0,0.0,0.0,0.0,0.0,0.0,0.0,0.0,0.0,0.0,0.0,0.0,0.0,0.0,0.0,0.0,0.0,0.0,0.0,0.0,0.0,0.0,0.0,0.0,0.0,0.0,0.0,0.0,0.0,0.0,0.0,0.0,0.0,0.0,0.0,0.0,0.0,0.0,0.0,0.0,0.0,0.0,0.0,0.0,0.0,0.0,0.0,0.0,0.0,0.0,9.802960494069208e-5,9.802960494069208e-5,9.802960494069208e-5,9.802960494069208e-5
0.0034358294877079873,0.00044024535070626413,0.00036850581654172923,0.00033504667787163223,0.0,0.0,0.0,0.0,0.0,0.0,0.0,0.0,0.0,0.0,0.0,0.0,0.0,0.0,0.0,0.0,0.0,0.0,0.0,0.0,0.0,0.0,0.0,0.0,0.0,0.0,0.0,0.0,0.0,0.0,0.0,0.0,0.0,0.0,0.0,0.0,0.0,0.0,0.0,0.0,0.0,0.0,0.0,0.0,0.0,0.0,0.0,0.0,0.0,0.0,0.0,0.0,0.0,0.0,0.0,0.0,0.0,0.0,0.0,0.0,0.0,0.0,0.0,0.0,0.0,0.0,0.0,0.0,0.0,0.0,0.0,0.0,0.0,0.0,0.0,0.0,0.0,0.0,0.0,0.0,0.0,0.0,0.0,0.0,0.0,0.0,0.0,0.0,0.0,0.0,0.0,0.0,0.0,9.802960494069208e-5,9.802960494069208e-5,9.802960494069208e-5,9.802960494069208e-5
0.0021883379797188523,0.0002658127212547789,0.00026115631324693655,0.00023288984147230664,0.0,0.0,0.0,0.0,0.0,0.0,0.0,0.0,0.0,0.0,0.0,0.0,0.0,0.0,0.0,0.0,0.0,0.0,0.0,0.0,0.0,0.0,0.0,0.0,0.0,0.0,0.0,0.0,0.0,0.0,0.0,0.0,0.0,0.0,0.0,0.0,0.0,0.0,0.0,0.0,0.0,0.0,0.0,0.0,0.0,0.0,0.0,0.0,0.0,0.0,0.0,0.0,0.0,0.0,0.0,0.0,0.0,0.0,0.0,0.0,0.0,0.0,0.0,0.0,0.0,0.0,0.0,0.0,0.0,0.0,0.0,0.0,0.0,0.0,0.0,0.0,0.0,0.0,0.0,0.0,0.0,0.0,0.0,0.0,0.0,0.0,0.0,0.0,0.0,0.0,0.0,0.0,0.0,9.802960494069208e-5,9.802960494069208e-5,9.802960494069208e-5,9.802960494069208e-5
0.001857068158287816,0.00016622303028075678,0.000160985041552985,0.0001663486683023233,0.0,0.0,0.0,0.0,0.0,0.0,0.0,0.0,0.0,0.0,0.0,0.0,0.0,0.0,0.0,0.0,0.0,0.0,0.0,0.0,0.0,0.0,0.0,0.0,0.0,0.0,0.0,0.0,0.0,0.0,0.0,0.0,0.0,0.0,0.0,0.0,0.0,0.0,0.0,0.0,0.0,0.0,0.0,0.0,0.0,0.0,0.0,0.0,0.0,0.0,0.0,0.0,0.0,0.0,0.0,0.0,0.0,0.0,0.0,0.0,0.0,0.0,0.0,0.0,0.0,0.0,0.0,0.0,0.0,0.0,0.0,0.0,0.0,0.0,0.0,0.0,0.0,0.0,0.0,0.0,0.0,0.0,0.0,0.0,0.0,0.0,0.0,0.0,0.0,0.0,0.0,0.0,0.0,9.802960494069208e-5,9.802960494069208e-5,9.802960494069208e-5,9.802960494069208e-5
0.0018588874995294589,0.00021648841710616604,0.00021930862425252425,0.00023081288097245368,0.0,0.0,0.0,0.0,0.0,0.0,0.0,0.0,0.0,0.0,0.0,0.0,0.0,0.0,0.0,0.0,0.0,0.0,0.0,0.0,0.0,0.0,0.0,0.0,0.0,0.0,0.0,0.0,0.0,0.0,0.0,0.0,0.0,0.0,0.0,0.0,0.0,0.0,0.0,0.0,0.0,0.0,0.0,0.0,0.0,0.0,0.0,0.0,0.0,0.0,0.0,0.0,0.0,0.0,0.0,0.0,0.0,0.0,0.0,0.0,0.0,0.0,0.0,0.0,0.0,0.0,0.0,0.0,0.0,0.0,0.0,0.0,0.0,0.0,0.0,0.0,0.0,0.0,0.0,0.0,0.0,0.0,0.0,0.0,0.0,0.0,0.0,0.0,0.0,0.0,0.0,0.0,0.0,9.802960494069208e-5,9.802960494069208e-5,9.802960494069208e-5,9.802960494069208e-5
0.0017319016217037554,0.0002135452108616802,0.00022218544626017057,0.0002173634448387413,0.0,0.0,0.0,0.0,0.0,0.0,0.0,0.0,0.0,0.0,0.0,0.0,0.0,0.0,0.0,0.0,0.0,0.0,0.0,0.0,0.0,0.0,0.0,0.0,0.0,0.0,0.0,0.0,0.0,0.0,0.0,0.0,0.0,0.0,0.0,0.0,0.0,0.0,0.0,0.0,0.0,0.0,0.0,0.0,0.0,0.0,0.0,0.0,0.0,0.0,0.0,0.0,0.0,0.0,0.0,0.0,0.0,0.0,0.0,0.0,0.0,0.0,0.0,0.0,0.0,0.0,0.0,0.0,0.0,0.0,0.0,0.0,0.0,0.0,0.0,0.0,0.0,0.0,0.0,0.0,0.0,0.0,0.0,0.0,0.0,0.0,0.0,0.0,0.0,0.0,0.0,0.0,0.0,9.802960494069208e-5,9.802960494069208e-5,9.802960494069208e-5,9.802960494069208e-5
0.0016978053279090295,0.00023601637290461718,0.00025555046662091953,0.00026858440545044605,0.0,0.0,0.0,0.0,0.0,0.0,0.0,0.0,0.0,0.0,0.0,0.0,0.0,0.0,0.0,0.0,0.0,0.0,0.0,0.0,0.0,0.0,0.0,0.0,0.0,0.0,0.0,0.0,0.0,0.0,0.0,0.0,0.0,0.0,0.0,0.0,0.0,0.0,0.0,0.0,0.0,0.0,0.0,0.0,0.0,0.0,0.0,0.0,0.0,0.0,0.0,0.0,0.0,0.0,0.0,0.0,0.0,0.0,0.0,0.0,0.0,0.0,0.0,0.0,0.0,0.0,0.0,0.0,0.0,0.0,0.0,0.0,0.0,0.0,0.0,0.0,0.0,0.0,0.0,0.0,0.0,0.0,0.0,0.0,0.0,0.0,0.0,0.0,0.0,0.0,0.0,0.0,0.0,9.802960494069208e-5,9.802960494069208e-5,9.802960494069208e-5,9.802960494069208e-5
0.0016785792402705625,0.00028853093814331927,0.00023568335261248897,0.0002338947358102147,0.0,0.0,0.0,0.0,0.0,0.0,0.0,0.0,0.0,0.0,0.0,0.0,0.0,0.0,0.0,0.0,0.0,0.0,0.0,0.0,0.0,0.0,0.0,0.0,0.0,0.0,0.0,0.0,0.0,0.0,0.0,0.0,0.0,0.0,0.0,0.0,0.0,0.0,0.0,0.0,0.0,0.0,0.0,0.0,0.0,0.0,0.0,0.0,0.0,0.0,0.0,0.0,0.0,0.0,0.0,0.0,0.0,0.0,0.0,0.0,0.0,0.0,0.0,0.0,0.0,0.0,0.0,0.0,0.0,0.0,0.0,0.0,0.0,0.0,0.0,0.0,0.0,0.0,0.0,0.0,0.0,0.0,0.0,0.0,0.0,0.0,0.0,0.0,0.0,0.0,0.0,0.0,0.0,9.802960494069208e-5,9.802960494069208e-5,9.802960494069208e-5,9.802960494069208e-5
0.00162393549651995,0.00026031761592000785,0.0002494271149887266,0.00022625164199588276,0.0,0.0,0.0,0.0,0.0,0.0,0.0,0.0,0.0,0.0,0.0,0.0,0.0,0.0,0.0,0.0,0.0,0.0,0.0,0.0,0.0,0.0,0.0,0.0,0.0,0.0,0.0,0.0,0.0,0.0,0.0,0.0,0.0,0.0,0.0,0.0,0.0,0.0,0.0,0.0,0.0,0.0,0.0,0.0,0.0,0.0,0.0,0.0,0.0,0.0,0.0,0.0,0.0,0.0,0.0,0.0,0.0,0.0,0.0,0.0,0.0,0.0,0.0,0.0,0.0,0.0,0.0,0.0,0.0,0.0,0.0,0.0,0.0,0.0,0.0,0.0,0.0,0.0,0.0,0.0,0.0,0.0,0.0,0.0,0.0,0.0,0.0,0.0,0.0,0.0,0.0,0.0,0.0,9.802960494069208e-5,9.802960494069208e-5,9.802960494069208e-5,9.802960494069208e-5
0.0016611077345358306,0.0002505891579256936,0.0002759192236055289,0.00024780198019801983,0.0,0.0,0.0,0.0,0.0,0.0,0.0,0.0,0.0,0.0,0.0,0.0,0.0,0.0,0.0,0.0,0.0,0.0,0.0,0.0,0.0,0.0,0.0,0.0,0.0,0.0,0.0,0.0,0.0,0.0,0.0,0.0,0.0,0.0,0.0,0.0,0.0,0.0,0.0,0.0,0.0,0.0,0.0,0.0,0.0,0.0,0.0,0.0,0.0,0.0,0.0,0.0,0.0,0.0,0.0,0.0,0.0,0.0,0.0,0.0,0.0,0.0,0.0,0.0,0.0,0.0,0.0,0.0,0.0,0.0,0.0,0.0,0.0,0.0,0.0,0.0,0.0,0.0,0.0,0.0,0.0,0.0,0.0,0.0,0.0,0.0,0.0,0.0,0.0,0.0,0.0,0.0,0.0,9.802960494069208e-5,9.802960494069208e-5,9.802960494069208e-5,9.802960494069208e-5
0.0017151940986177834,0.0003338185472012548,0.00029236290559749045,0.00025488079600039215,0.0,0.0,0.0,0.0,0.0,0.0,0.0,0.0,0.0,0.0,0.0,0.0,0.0,0.0,0.0,0.0,0.0,0.0,0.0,0.0,0.0,0.0,0.0,0.0,0.0,0.0,0.0,0.0,0.0,0.0,0.0,0.0,0.0,0.0,0.0,0.0,0.0,0.0,0.0,0.0,0.0,0.0,0.0,0.0,0.0,0.0,0.0,0.0,0.0,0.0,0.0,0.0,0.0,0.0,0.0,0.0,0.0,0.0,0.0,0.0,0.0,0.0,0.0,0.0,0.0,0.0,0.0,0.0,0.0,0.0,0.0,0.0,0.0,0.0,0.0,0.0,0.0,0.0,0.0,0.0,0.0,0.0,0.0,0.0,0.0,0.0,0.0,0.0,0.0,0.0,0.0,0.0,0.0,9.802960494069208e-5,9.802960494069208e-5,9.802960494069208e-5,9.802960494069208e-5
0.0014914420154886784,0.00018829526517008137,0.00018370747965885698,0.00013630036270953827,0.0,0.0,0.0,0.0,0.0,0.0,0.0,0.0,0.0,0.0,0.0,0.0,0.0,0.0,0.0,0.0,0.0,0.0,0.0,0.0,0.0,0.0,0.0,0.0,0.0,0.0,0.0,0.0,0.0,0.0,0.0,0.0,0.0,0.0,0.0,0.0,0.0,0.0,0.0,0.0,0.0,0.0,0.0,0.0,0.0,0.0,0.0,0.0,0.0,0.0,0.0,0.0,0.0,0.0,0.0,0.0,0.0,0.0,0.0,0.0,0.0,0.0,0.0,0.0,0.0,0.0,0.0,0.0,0.0,0.0,0.0,0.0,0.0,0.0,0.0,0.0,0.0,0.0,0.0,0.0,0.0,0.0,0.0,0.0,0.0,0.0,0.0,0.0,0.0,0.0,0.0,0.0,0.0,9.802960494069208e-5,9.802960494069208e-5,9.802960494069208e-5,9.802960494069208e-5
0.0012335457308107055,0.00016822860503872168,0.0001238113910400941,9.901970395059307e-5,0.0,0.0,0.0,0.0,0.0,0.0,0.0,0.0,0.0,0.0,0.0,0.0,0.0,0.0,0.0,0.0,0.0,0.0,0.0,0.0,0.0,0.0,0.0,0.0,0.0,0.0,0.0,0.0,0.0,0.0,0.0,0.0,0.0,0.0,0.0,0.0,0.0,0.0,0.0,0.0,0.0,0.0,0.0,0.0,0.0,0.0,0.0,0.0,0.0,0.0,0.0,0.0,0.0,0.0,0.0,0.0,0.0,0.0,0.0,0.0,0.0,0.0,0.0,0.0,0.0,0.0,0.0,0.0,0.0,0.0,0.0,0.0,0.0,0.0,0.0,0.0,0.0,0.0,0.0,0.0,0.0,0.0,0.0,0.0,0.0,0.0,0.0,0.0,0.0,0.0,0.0,0.0,0.0,9.802960494069208e-5,9.802960494069208e-5,9.802960494069208e-5,9.802960494069208e-5
0.0009586609155965107,0.00011571414567199294,0.0001019703950593079,9.802960494069208e-5,0.0,0.0,0.0,0.0,0.0,0.0,0.0,0.0,0.0,0.0,0.0,0.0,0.0,0.0,0.0,0.0,0.0,0.0,0.0,0.0,0.0,0.0,0.0,0.0,0.0,0.0,0.0,0.0,0.0,0.0,0.0,0.0,0.0,0.0,0.0,0.0,0.0,0.0,0.0,0.0,0.0,0.0,0.0,0.0,0.0,3.3135152440694253e-6,7.393442934263202e-6,1.0895595709187021e-5,1.3547337403651889e-5,1.4677758835760127e-5,1.059519922820711e-5,6.536103259103181e-6,4.3944088338389175e-6,3.246181633934978e-6,5.656380764783679e-7,7.393442934263203e-8,7.393442934263203e-8,0.0,0.0,0.0,0.0,0.0,0.0,0.0,0.0,0.0,0.0,0.0,0.0,0.0,0.0,0.0,0.0,0.0,0.0,0.0,0.0,0.0,0.0,0.0,0.0,0.0,0.0,0.0,0.0,0.0,0.0,0.0,0.0,0.0,0.0,0.0,0.0,9.802960494069208e-5,9.802960494069208e-5,9.802960494069208e-5,9.802960494069208e-5
0.0007567885501421433,0.00011469463778060973,0.00010685226938535437,9.999019703950592e-5,0.0,0.0,0.0,0.0,0.0,0.0,0.0,0.0,0.0,0.0,0.0,0.0,0.0,0.0,0.0,0.0,0.0,0.0,0.0,0.0,0.0,0.0,0.0,0.0,0.0,0.0,0.0,0.0,0.0,0.0,0.0,0.0,0.0,0.0,0.0,0.0,0.0,0.0,0.0,0.0,0.0,0.0,0.0,4.016315872600794e-5,0.00016693933293898198,0.00018924535167538515,0.0005446186579596407,0.0007278987245915264,0.0009330429404679815,0.0009785796790231598,0.0007724278120094968,0.0005640452903309153,0.0003327201202967008,0.00014700849677161173,1.342905672626576e-5,2.8474673185761725e-5,1.9627628752804193e-5,1.0986022084597296e-6,8.349376784293944e-7,2.6366453003033504e-7,1.757763533535567e-7,8.788817667677835e-8,4.3944088338389174e-8,0.0,0.0,0.0,0.0,0.0,0.0,0.0,0.0,0.0,0.0,0.0,0.0,0.0,0.0,0.0,0.0,0.0,0.0,0.0,0.0,0.0,0.0,0.0,0.0,0.0,0.0,0.0,0.0,0.0,0.0,9.802960494069208e-5,9.802960494069208e-5,9.802960494069208e-5,9.802960494069208e-5
0.0004901480247034607,9.802960494069208e-5,9.802960494069208e-5,9.802960494069208e-5,0.0,0.0,0.0,0.0,0.0,0.0,0.0,0.0,0.0,0.0,0.0,0.0,0.0,0.0,0.0,0.0,0.0,0.0,0.0,0.0,0.0,0.0,0.0,0.0,0.0,0.0,0.0,0.0,0.0,0.0,0.0,0.0,0.0,0.0,0.0,0.0,0.0,0.0,0.0,0.0,0.0,0.000354112330012065,0.0005903023347331645,0.0019145507742454597,0.0024665520716811882,0.003303629825349933,0.004651205607568956,0.004068101763409466,0.0033642996930687806,0.0019530255314562472,0.0011764330026240658,0.0005385164462818825,0.00036926392407077513,0.00039776591023417103,0.00031260654136043857,0.0002892308535563983,0.00012341517295838,7.000603736811587e-5,1.9583423089158016e-5,2.2180328802789613e-8,1.1829508694821124e-8,1.0350820107968482e-8,5.914754347410562e-9,7.393442934263203e-10,0.0,0.0,0.0,0.0,0.0,0.0,0.0,0.0,0.0,0.0,0.0,0.0,0.0,0.0,0.0,0.0,0.0,0.0,0.0,0.0,0.0,0.0,0.0,0.0,0.0,0.0,0.0,0.0,0.0,9.802960494069208e-5,9.802960494069208e-5,9.802960494069208e-5,9.802960494069208e-5
0.00019605920988138422,9.802960494069208e-5,9.802960494069208e-5,9.802960494069208e-5,0.0,0.0,0.0,0.0,0.0,0.0,0.0,0.0,0.0,0.0,0.0,0.0,0.0,0.0,0.0,0.0,0.0,0.0,0.0,0.0,0.0,0.0,0.0,0.0,0.0,0.0,0.0,0.0,0.0,0.0,0.0,0.0,0.0,0.0,0.0,0.0,0.0,0.0,0.0,4.9253814454310605e-5,0.0003232103589442498,0.0008410763184132989,0.001553950199063019,0.0025330142818548525,0.0030041866469850123,0.0031149718828373894,0.002390850802499851,0.002142225057958564,0.0015621973674600602,0.0014497434205862213,0.0011355737016733058,0.001150681931494779,0.0009213162911505643,0.0008814494517456541,0.0005948203516932037,0.00043642739232952686,0.0002620393430513976,0.0001783908852533318,5.1991362197238914e-5,2.562720586718555e-6,3.458707666212876e-6,1.783624782204349e-6,7.364809994011134e-7,5.018305282492599e-7,1.6698753568587891e-7,1.3359002854870312e-7,8.349376784293945e-9,2.5048130352881832e-8,0.0,0.0,0.0,0.0,0.0,0.0,0.0,0.0,0.0,0.0,0.0,0.0,0.0,0.0,0.0,0.0,0.0,0.0,0.0,0.0,0.0,0.0,0.0,0.0,0.0,9.802960494069208e-5,9.802960494069208e-5,9.802960494069208e-5,9.802960494069208e-5
9.802960494069208e-5,9.802960494069208e-5,9.802960494069208e-5,9.802960494069208e-5,0.0,0.0,0.0,0.0,0.0,0.0,0.0,0.0,0.0,0.0,0.0,0.0,0.0,0.0,0.0,0.0,0.0,0.0,0.0,0.0,0.0,0.0,0.0,0.0,0.0,0.0,0.0,0.0,0.0,0.0,0.0,0.0,0.0,0.0,0.0,0.0,0.0,0.0,0.00018629804468633617,0.0005154551359128548,0.0010209155089879341,0.0015726780452069802,0.002186277315387926,0.001990457598819236,0.002249212741095013,0.0024424288242367452,0.0027232318147921057,0.0028939697813311674,0.0021665361372197036,0.0017236542676441187,0.0013678015934460263,0.0010268736477808216,0.0007101980199653514,0.0004649966647635186,0.0003858559821190382,0.00039735516098821154,0.0002371531551026911,8.949641107421748e-5,3.2109563123421544e-5,4.668949997210288e-6,3.355815312080379e-6,1.5780520054702594e-6,9.875065871957374e-7,5.945378774590242e-7,4.090520417532804e-7,2.2013701095913596e-8,1.1925776373396642e-7,1.6066669245879402e-8,1.0554912586557201e-8,9.010620955705731e-9,2.2180328802789613e-10,1.757763533535567e-9,0.0,0.0,0.0,8.788817667677835e-10,0.0,0.0,0.0,0.0,0.0,0.0,0.0,0.0,0.0,0.0,0.0,0.0,0.0,0.0,0.0,0.0,0.0,9.802960494069208e-5,9.802960494069208e-5,9.802960494069208e-5,9.802960494069208e-5
9.802960494069208e-5,9.802960494069208e-5,9.802960494069208e-5,9.802960494069208e-5,0.0,0.0,0.0,0.0,0.0,0.0,0.0,0.0,0.0,0.0,0.0,0.0,0.0,0.0,0.0,0.0,0.0,0.0,0.0,0.0,0.0,0.0,0.0,0.0,0.0,0.0,0.0,0.0,0.0,0.0,0.0,0.0,0.0,0.0,0.0,0.0,0.0,0.00010232393215477682,0.00028037031439498173,0.0007519357640482336,0.0012689306564866777,0.0015566970107555123,0.0017851402421769388,0.0016077167851340584,0.0013375389009734103,0.001042614314676802,0.000987834199261348,0.0008014596247515413,0.0007614433468262545,0.0007089865377194837,0.00044916750265588994,0.0005337919092940926,0.0005162363377959565,0.0006877914106870967,0.0005476931737124543,0.0006098379377384524,0.000515030306076258,0.00021844841896873478,0.0002549281597664083,8.618385197241782e-5,2.0701640215936964e-10,1.1829508694821124e-10,3.696721467131601e-10,1.4565082580498506e-9,2.8169017579542806e-9,1.4269344863127979e-9,2.528557483518016e-9,1.7892131900916948e-9,1.3086393993645867e-9,4.879672336613713e-10,2.5137705976494887e-10,1.4786885868526405e-11,0.0,0.0,0.0,0.0,0.0,0.0,0.0,0.0,0.0,0.0,0.0,0.0,0.0,0.0,0.0,0.0,0.0,0.0,0.0,0.0,0.0,9.802960494069208e-5,9.802960494069208e-5,9.802960494069208e-5,9.802960494069208e-5
9.802960494069208e-5,9.802960494069208e-5,9.802960494069208e-5,9.802960494069208e-5,0.0,0.0,0.0,0.0,0.0,0.0,0.0,0.0,0.0,0.0,0.0,0.0,0.0,0.0,0.0,0.0,0.0,0.0,0.0,0.0,0.0,0.0,0.0,0.0,0.0,0.0,0.0,0.0,0.0,0.0,0.0,0.0,0.0,0.0,0.0,0.0,0.0,3.240859369045824e-5,0.0001589302731119098,0.0003001350238940873,0.0005989623307514088,0.001025453860692034,0.001224753421682545,0.0012884810977286261,0.0011461398901330072,0.0008839710955268207,0.0008304263154510186,0.0009014967957844069,0.0010023981618839408,0.0007832203620195337,0.0005454472771104185,0.0003424335065054608,0.0003578563061163318,0.0002507516799613038,0.00032007325948255565,0.00045011015004788247,0.000444813278218203,0.00037055169767716484,0.00043497467498485645,0.00038387842956487834,0.00037126651152942096,0.00030043722517147876,0.0001421459090198069,0.000112052807490247,3.57798911840339e-5,4.915229031582517e-7,3.691365234940647e-6,5.8751492416403196e-8,3.7422566417469344e-8,2.3378254996023046e-8,2.0038504282305466e-8,4.341675927832853e-8,1.3359002854870315e-8,1.3359002854870315e-8,8.349376784293946e-9,0.0,0.0,0.0,0.0,0.0,0.0,0.0,0.0,0.0,0.0,0.0,0.0,0.0,0.0,0.0,0.0,0.0,0.0,9.802960494069208e-5,9.802960494069208e-5,9.802960494069208e-5,9.802960494069208e-5
9.802960494069208e-5,9.802960494069208e-5,9.802960494069208e-5,9.802960494069208e-5,0.0,0.0,0.0,0.0,0.0,0.0,0.0,0.0,0.0,0.0,0.0,0.0,0.0,0.0,0.0,0.0,0.0,0.0,0.0,0.0,0.0,0.0,0.0,0.0,0.0,0.0,0.0,0.0,0.0,0.0,0.0,0.0,0.0,4.366897183123341e-5,7.759417466679714e-5,0.0002380161487548164,0.0003986761713223882,0.0005157308394091557,0.0005764168811837929,0.0007360242422943397,0.0007249707511996177,0.0008012275834023429,0.0008788673140837262,0.0007366752667678757,0.0007701162551119238,0.0006698476554156424,0.0005558270280909147,0.000692013047621294,0.0006688728849909975,0.0007166025341878754,0.0008367561976469145,0.0006601651977230102,0.00042793386069934694,0.0002475860463167533,0.0001506147442662165,0.00010368389781056906,0.00014483431985107552,0.00013725395813554025,0.00016344547527133508,0.0002157139517891257,0.00021261655420729223,0.00017170625803381433,0.0001019928848883806,7.075041765475826e-5,8.612639230369036e-5,6.794705056158479e-5,6.457856340402052e-5,4.0584765852886896e-5,2.1440106503180408e-5,2.2312302588737042e-5,4.436281214947761e-6,9.551097217605646e-7,7.728992406967312e-8,3.5672272647541446e-8,5.945378774590241e-9,0.0,0.0,0.0,0.0,0.0,0.0,0.0,0.0,0.0,0.0,0.0,0.0,0.0,0.0,0.0,0.0,0.0,0.0,9.802960494069208e-5,9.802960494069208e-5,9.802960494069208e-5,9.802960494069208e-5
9.802960494069208e-5,9.802960494069208e-5,9.802960494069208e-5,9.802960494069208e-5,0.0,0.0,0.0,0.0,0.0,0.0,0.0,0.0,0.0,0.0,0.0,0.0,0.0,0.0,0.0,0.0,0.0,0.0,0.0,0.0,0.0,0.0,0.0,0.0,0.0,0.0,0.0,0.0,0.0,0.0,0.0,0.0,0.0,9.590661666839793e-5,0.00019074866651270657,0.0003008962413572918,0.0003944777562871723,0.0006093635238589194,0.0005900484310897328,0.0005977635537846436,0.0008305469209330198,0.0006891480154802097,0.0007714682637107209,0.0007789129498372676,0.0007940771225032918,0.0007155208349836244,0.0007158979877482373,0.0006639033262098558,0.0005584527236299885,0.0005080763322222859,0.0004283125752823082,0.0003564113364395098,0.00029502786248258975,0.0003389759909086188,0.0002417890851667525,0.0002856110685624109,0.00022734434807027316,0.00023636835622756094,0.00030254211046014867,0.00025475732770342206,0.00019224167690816475,0.00010439532966731748,7.291852839675624e-5,5.4081071425199596e-5,6.417618708643436e-5,0.00016914628721903185,0.00017784480475608092,0.00015993569629010619,9.238484528002007e-5,4.811390486841949e-5,3.557539785648281e-5,2.7384975732094467e-5,4.350461298541606e-6,1.076192898871657e-9,0.0,1.0554912586557202e-10,0.0,0.0,0.0,0.0,0.0,0.0,0.0,0.0,0.0,0.0,0.0,0.0,0.0,0.0,0.0,0.0,0.0,9.802960494069208e-5,9.802960494069208e-5,9.802960494069208e-5,9.802960494069208e-5
9.802960494069208e-5,9.802960494069208e-5,9.802960494069208e-5,9.802960494069208e-5,0.0,0.0,0.0,0.0,0.0,0.0,0.0,0.0,0.0,0.0,0.0,0.0,0.0,0.0,0.0,0.0,0.0,0.0,0.0,0.0,0.0,0.0,0.0,0.0,0.0,0.0,0.0,0.0,0.0,0.0,0.0,4.283125752823082e-6,1.8362817715301427e-5,4.8344697985063e-5,6.938524255268607e-5,0.00019931481058070016,0.00035648330914721086,0.0003720864420372938,0.0004497805710280369,0.000405680784350745,0.00043023906080294575,0.0004555672521519299,0.0004997292836179279,0.0005473403278447786,0.00046418715911626527,0.0003260412868396335,0.0003290305984611424,0.00025677342890270075,0.0003442327511973179,0.00035950029480811993,0.0003944105429106881,0.00036537677946970535,0.00034253876025226813,0.00033738657478145394,0.0003203559821403096,0.0002709327838841096,0.00022062068305755476,0.0001396780218917447,0.00015244529958685906,0.00011640778466886643,0.00015753013528240474,0.0001652607173441928,0.0002282203919234912,0.00023773522449102192,0.0001769519008851824,0.00020943556278178054,0.00012427649681848185,9.289358799775318e-5,6.333628578132098e-5,2.1103361114573165e-5,9.323249326575225e-6,3.7199788642131333e-6,0.0,0.0,0.0,0.0,0.0,0.0,0.0,0.0,0.0,0.0,0.0,0.0,0.0,0.0,0.0,0.0,0.0,0.0,0.0,0.0,0.0,9.802960494069208e-5,9.802960494069208e-5,9.802960494069208e-5,9.802960494069208e-5
9.802960494069208e-5,9.802960494069208e-5,9.802960494069208e-5,9.802960494069208e-5,0.0,0.0,0.0,0.0,0.0,0.0,0.0,0.0,0.0,0.0,0.0,0.0,0.0,0.0,0.0,0.0,0.0,0.0,0.0,0.0,0.0,0.0,0.0,0.0,0.0,0.0,0.0,0.0,1.3107580971792455e-5,4.1959027329562295e-5,0.00011572191671970771,0.00021882329858754685,0.0004127970329694364,0.000493201244858902,0.0006071325558071236,0.00046147598904490943,0.00037814985306025876,0.00035540618488529875,0.0002805404371101943,0.00027479110752659264,0.00036648931422282783,0.00035155960969234564,0.00045537296252628936,0.0003568791996415273,0.00035095670188526484,0.00037257142221919974,0.00029141717827832806,0.0003525732477382119,0.0004091537921680122,0.0005313170116931716,0.0004339795842777871,0.00036407995561422426,0.00031909807979855077,0.00017510721648185236,0.00013563612768459644,9.05302710008218e-5,5.7633557557651445e-5,6.0852426736634615e-5,7.75843355517798e-5,0.00011012862581900434,0.00014137068910786537,0.0001775537578997238,0.0001551030519477886,0.00011858484766723766,9.379607892794168e-5,2.7386289528594315e-5,1.141865622228456e-5,1.7384901614927952e-6,4.16986688658183e-9,2.1246022066393538e-9,1.1492214139954961e-9,0.0,0.0,0.0,0.0,0.0,0.0,0.0,0.0,0.0,0.0,0.0,0.0,0.0,0.0,0.0,0.0,0.0,0.0,0.0,0.0,0.0,0.0,9.802960494069208e-5,9.802960494069208e-5,9.802960494069208e-5,9.802960494069208e-5
9.802960494069208e-5,9.802960494069208e-5,9.802960494069208e-5,9.802960494069208e-5,0.0,0.0,0.0,0.0,0.0,0.0,0.0,0.0,0.0,0.0,0.0,0.0,0.0,0.0,0.0,0.0,0.0,0.0,0.0,0.0,0.0,0.0,0.0,0.0,0.0,0.0,0.0,8.096123744324305e-7,3.86823281989044e-6,5.1510409957584384e-6,3.7531334284992405e-5,0.00010088115705915451,0.0001388556265236198,0.0002824825188948989,0.00034087829977289214,0.00026110454752048274,0.00018709657033167914,0.00030514361209034734,0.00027959550897034595,0.00025072270633379635,0.00023415845703819377,0.0002049897238276775,0.00016811679061566276,0.00019054186978940415,0.00023552514421258376,0.00027628750542987824,0.0003684341967131681,0.00045190787300194817,0.000539631775536819,0.0006256995034763112,0.000487837358531173,0.0005437315288797564,0.0005236783065565797,0.0005173736145871517,0.0003578280503019543,0.00026524841331343105,0.00025567962749350467,0.00023406618763502577,0.00021652180501784387,0.00018662945180322757,0.0002351229902783125,0.0001677977383580319,0.00022704707901724018,0.00017977040559456327,9.888775270758886e-5,8.023715277206385e-5,5.336088515940991e-5,2.9035009629944522e-5,1.135934673679635e-5,7.0484250218893805e-6,4.288021300636082e-7,0.0,0.0,0.0,0.0,0.0,0.0,0.0,0.0,0.0,0.0,0.0,0.0,0.0,0.0,0.0,0.0,0.0,0.0,0.0,0.0,0.0,0.0,9.802960494069208e-5,9.802960494069208e-5,9.802960494069208e-5,9.802960494069208e-5
9.802960494069208e-5,9.802960494069208e-5,9.802960494069208e-5,9.802960494069208e-5,0.0,0.0,0.0,0.0,0.0,0.0,0.0,0.0,0.0,0.0,0.0,0.0,0.0,0.0,0.0,0.0,0.0,0.0,0.0,0.0,0.0,0.0,0.0,0.0,0.0,0.0,0.0,3.2888386550494515e-5,3.643575368486255e-5,8.430754825493946e-5,0.0002021271521311154,0.0002730045206483491,0.0003734218024253529,0.00039319101234178545,0.00036675749384176923,0.0004126695787558873,0.0003083215967595403,0.00021352637743650297,0.00016994396723409252,0.00015816631373982972,0.0001995390098835228,0.00025081417888322456,0.0004227332090977926,0.00047318563648018257,0.0004409740375587765,0.000422276384919903,0.0004158258700776808,0.00030999617626841153,0.00033315178801925603,0.0002446911762449475,0.0003116777005399334,0.00033859260696590806,0.00042982560591397194,0.0004051768715317785,0.00035132278009012026,0.00041968898928873636,0.0004318155794426386,0.0004696501707087884,0.000390471552918402,0.00035011588102806194,0.00031101986273731735,0.00027590745578114794,0.00019061563719346007,0.0002035687352828737,0.00010601230310993041,0.00010154065787607552,9.927846392197085e-5,5.987928419934338e-5,4.9428539963224735e-5,1.907530137813771e-5,1.0587826417730598e-5,0.0,0.0,0.0,0.0,0.0,0.0,0.0,0.0,0.0,0.0,0.0,0.0,0.0,0.0,0.0,0.0,0.0,0.0,0.0,0.0,0.0,0.0,9.802960494069208e-5,9.802960494069208e-5,9.802960494069208e-5,9.802960494069208e-5
9.802960494069208e-5,9.802960494069208e-5,9.802960494069208e-5,9.802960494069208e-5,0.0,0.0,0.0,0.0,0.0,0.0,0.0,0.0,0.0,0.0,0.0,0.0,0.0,0.0,0.0,0.0,0.0,0.0,0.0,0.0,0.0,0.0,0.0,0.0,0.0,1.532760446626075e-6,1.0547573600355106e-5,2.7105276042312352e-5,8.468327145508054e-5,0.00010810703431039368,0.00022039022542451916,0.00022891264287400206,0.00028426543361449253,0.0002591356928972558,0.00025403020449938024,0.00023160646559737308,0.00022400067747399977,0.00025752341138117864,0.00024045328018207642,0.00024235880918922707,0.00044977979429841174,0.0003735374228493267,0.00045407988686165136,0.000544102188497549,0.0005376018258940019,0.0006166006041837405,0.0006172547126272876,0.000559793228942994,0.0005103098228281453,0.00046383925908096395,0.0003628872645123588,0.00038961600002302495,0.00031143415510928373,0.00032523861283488884,0.0003456175204445571,0.0002903772340899113,0.0003223047395146251,0.00032885767789033187,0.0002631538946972653,0.000254476782981857,0.0002573934460995637,0.00024039681892476034,0.00021613762649440205,0.00015316517910670267,8.359018055451831e-5,6.82929117031916e-5,4.7202489667215744e-5,1.4453106549938247e-5,0.0,0.0,0.0,0.0,0.0,0.0,0.0,0.0,0.0,0.0,0.0,0.0,0.0,0.0,0.0,0.0,0.0,0.0,0.0,0.0,0.0,0.0,0.0,0.0,0.0,9.802960494069208e-5,9.802960494069208e-5,9.802960494069208e-5,9.802960494069208e-5
9.802960494069208e-5,9.802960494069208e-5,9.802960494069208e-5,9.802960494069208e-5,0.0,0.0,0.0,0.0,0.0,0.0,0.0,0.0,0.0,0.0,0.0,0.0,0.0,0.0,0.0,0.0,0.0,0.0,0.0,0.0,0.0,0.0,0.0,6.825529388191717e-8,5.0430608846699565e-6,1.6643705579951223e-5,8.379986083059501e-5,0.00013810206020347345,0.00025207526340292305,0.0003845725211013284,0.0004088002214095442,0.0003554868652131683,0.0003817180963071813,0.00027435895927269496,0.0003165540623959271,0.0003343738969981293,0.00037356339067571605,0.0004045468275234454,0.0003756681760782969,0.0004317446880728023,0.00047859011018322646,0.0004820774735516046,0.0006192893909569364,0.00046101496456765973,0.00057505514317997,0.0007658340075373796,0.0007920239665877841,0.0007872603314354956,0.0006202145667123589,0.00053741854173999,0.0004768833689669402,0.0004574291614422333,0.0004744430337221041,0.00041884491738115143,0.0003217599338927837,0.00019217664120651208,0.00014093117304103694,0.0001365504320824455,0.00022298846205020238,0.00022557400426683312,0.0002942297649574145,0.00016825168295918455,0.00010512610203549893,5.5298846698233286e-5,1.7882393168273294e-5,4.696501707087884e-6,0.0,0.0,0.0,0.0,0.0,0.0,0.0,0.0,0.0,0.0,0.0,0.0,0.0,0.0,0.0,0.0,0.0,0.0,0.0,0.0,0.0,0.0,0.0,0.0,0.0,0.0,0.0,9.802960494069208e-5,9.802960494069208e-5,9.802960494069208e-5,9.802960494069208e-5
9.802960494069208e-5,9.802960494069208e-5,9.802960494069208e-5,9.802960494069208e-5,0.0,0.0,0.0,0.0,0.0,0.0,0.0,0.0,0.0,0.0,0.0,0.0,0.0,0.0,0.0,0.0,0.0,0.0,0.0,0.0,0.0,0.0,1.7532076305657814e-9,2.2548133803615986e-6,3.014424155328382e-6,9.027493597310052e-6,1.2064474735863139e-5,1.5069080928460355e-5,1.671912105088782e-5,1.1628265770582812e-5,4.990090701350757e-6,4.256653271279706e-6,4.220645228277444e-6,5.2802694952482605e-5,7.487065058764552e-5,0.00011648056733974307,0.00015322618618279974,0.00022430065395414583,0.00042493051623708716,0.0004906024334616952,0.000611209549289348,0.000688404144241093,0.0008158706204719039,0.0006645718721427422,0.0008198757929646559,0.0006624191794099521,0.000583081667379387,0.00045297800541736045,0.0004474722125714811,0.00035136820123431693,0.0003810771776140858,0.0004104183730571228,0.0005692597200552549,0.0005432987133922437,0.00047898412458316573,0.0004436210468362531,0.00042804295214512875,0.000279442266589795,0.00022669400995862198,0.000169759467005953,0.00014970523250477385,7.28685426489636e-5,2.747923223832246e-5,1.1221868672046668e-5,5.600661524655892e-6,0.0,0.0,0.0,0.0,0.0,0.0,0.0,0.0,0.0,0.0,0.0,0.0,0.0,0.0,0.0,0.0,0.0,0.0,0.0,0.0,0.0,0.0,0.0,0.0,0.0,0.0,0.0,0.0,9.802960494069208e-5,9.802960494069208e-5,9.802960494069208e-5,9.802960494069208e-5
9.802960494069208e-5,9.802960494069208e-5,9.802960494069208e-5,9.802960494069208e-5,0.0,0.0,0.0,0.0,0.0,0.0,0.0,0.0,0.0,0.0,0.0,0.0,0.0,0.0,0.0,0.0,0.0,0.0,0.0,0.0,0.0,2.2507608877156304e-6,8.29025327089794e-6,2.7768625089849073e-5,6.0438632832328084e-5,0.00017060588645577627,0.00016533714426210285,0.0002034472111583041,0.00019835264445550765,0.0001562239064049563,0.0001225501319435896,0.00012514192864759413,0.00013867152157075185,0.0001808747878665656,0.00023428807441064383,0.00026007370737070925,0.00032542153688356907,0.0003043556720597721,0.00045520887795440646,0.0005100807786069475,0.0006318714363952607,0.0004894603862103536,0.0004707544893952873,0.00045284006011934964,0.0002894660616569991,0.0004625330213255723,0.0005697901644208368,0.0005393812306872411,0.0005406408810032132,0.0004182020199044641,0.0003593630792232301,0.0002879122619668003,0.00023208951119079788,0.00017386703352587676,0.00022559015089226872,0.00029780721529740965,0.00030556428446070253,0.0003776447655712668,0.0004112731960092863,0.00032725584095402645,0.00013919009344163738,9.000816623369273e-5,2.81388086332885e-5,0.0,0.0,0.0,0.0,0.0,0.0,0.0,0.0,0.0,0.0,0.0,0.0,0.0,0.0,0.0,0.0,0.0,0.0,0.0,0.0,0.0,0.0,0.0,0.0,0.0,0.0,0.0,0.0,0.0,0.0,9.802960494069208e-5,9.802960494069208e-5,9.802960494069208e-5,9.802960494069208e-5
9.802960494069208e-5,9.802960494069208e-5,9.802960494069208e-5,9.802960494069208e-5,0.0,0.0,0.0,0.0,0.0,0.0,0.0,0.0,0.0,0.0,0.0,0.0,0.0,0.0,0.0,0.0,0.0,7.898249814708214e-6,9.836344437936737e-6,1.2233218936687105e-5,5.709474939197242e-5,6.585200780049954e-5,0.00011807643983414949,0.00011792502043697639,8.921277186846288e-5,0.00010572396462982684,5.1978587287006545e-5,6.085621548783935e-5,7.39161864878633e-5,0.00012219052976816496,0.00017009943680530292,0.00010628531776909896,7.145365687954709e-5,5.279552699961395e-5,1.9326828733395606e-5,4.7504287681488055e-6,8.88280819802948e-6,2.5235660682657707e-5,4.9205026185106344e-5,0.000118553754808596,0.00019606287987229478,0.0002518175227532732,0.00020092703615896487,0.00023466033067475378,0.00018257415633120454,0.00027846082294478384,0.0004409027035480508,0.0005333750513402164,0.0007470485539762471,0.0008905604837990175,0.001101511630204977,0.0010430929147984562,0.001242425842097642,0.000880702629127691,0.0009903318628884385,0.0005019545866209136,0.0003062984914456438,0.00015051197415344962,6.94425594205196e-5,2.03054171918515e-5,4.654045095716799e-6,0.0,0.0,0.0,0.0,0.0,0.0,0.0,0.0,0.0,0.0,0.0,0.0,0.0,0.0,0.0,0.0,0.0,0.0,0.0,0.0,0.0,0.0,0.0,0.0,0.0,0.0,0.0,0.0,0.0,0.0,0.0,0.0,9.802960494069208e-5,9.802960494069208e-5,9.802960494069208e-5,9.802960494069208e-5
9.802960494069208e-5,9.802960494069208e-5,9.802960494069208e-5,9.802960494069208e-5,0.0,0.0,0.0,0.0,0.0,0.0,0.0,0.0,0.0,0.0,0.0,0.0,0.0,0.0,0.0,0.0,0.0,0.0,9.594128269519512e-9,0.0,4.985847980774642e-8,1.8029955165108538e-6,6.656977834338317e-6,1.0786783337330809e-5,1.7001905679156852e-5,1.5626810072500543e-5,1.3644185657959411e-5,6.825529388191716e-6,7.022146271739778e-6,4.620090401289104e-6,2.1605697837165673e-6,7.510200575770109e-5,0.00011074278138270564,0.00020866728895243698,0.0003232547872930981,0.0005105989962432924,0.0005309338784854413,0.0006329661299286519,0.0005843146964920891,0.0006796121143631511,0.0006591240819711478,0.0005850197979908931,0.000678236591751796,0.0008029776653180825,0.0007882714785068346,0.0006858422194351957,0.0007662707017787362,0.0006167891629200121,0.0005830158546733695,0.000472299730373557,0.000590097573077588,0.0009031366536342941,0.0008787911035889836,0.0010852525040944577,0.001354866979177884,0.0009169512710260398,0.0007701435058768135,0.0005167235486196297,0.00028873204334553933,0.00010721000947180618,0.0,0.0,0.0,0.0,0.0,0.0,0.0,0.0,0.0,0.0,0.0,0.0,0.0,0.0,0.0,0.0,0.0,0.0,0.0,0.0,0.0,0.0,0.0,0.0,0.0,0.0,0.0,0.0,0.0,0.0,0.0,0.0,0.0,9.802960494069208e-5,9.802960494069208e-5,9.802960494069208e-5,9.802960494069208e-5
9.802960494069208e-5,9.802960494069208e-5,9.802960494069208e-5,9.802960494069208e-5,0.0,0.0,0.0,0.0,0.0,0.0,0.0,0.0,0.0,0.0,0.0,0.0,0.0,0.0,0.0,0.0,0.0,1.3149057229243357e-8,1.3149057229243357e-8,3.944717168773007e-8,5.697924799338787e-8,9.204340060470351e-8,8.766038152828906e-8,5.718938096113507e-7,5.259622891697342e-8,3.216877618934655e-5,5.374593543875299e-5,0.00012475152797473602,0.00015396288313110896,0.000189436574773334,0.0001704478311522719,0.0002056997244169666,0.0002045233446113502,0.0002026351068054539,0.00017093966079454161,0.00016177696000167882,0.00010974976116016956,0.00012363284149493015,0.0001568680470669343,0.0002815793917538397,0.000510886988856585,0.0009037368099050374,0.0011037275776013804,0.0013274339536925232,0.0011676769950300036,0.0011412177335597931,0.0011933160236718644,0.0010370721165205018,0.0012853839044175716,0.001259421432053431,0.0010372599038569329,0.0009465390088144882,0.0008897865020975037,0.00074865121494183,0.0005104272906229045,0.0003625748761294931,0.0001351936558573394,6.231378072419834e-5,0.0,0.0,0.0,0.0,0.0,0.0,0.0,0.0,0.0,0.0,0.0,0.0,0.0,0.0,0.0,0.0,0.0,0.0,0.0,0.0,0.0,0.0,0.0,0.0,0.0,0.0,0.0,0.0,0.0,0.0,0.0,0.0,0.0,0.0,0.0,9.802960494069208e-5,9.802960494069208e-5,9.802960494069208e-5,9.802960494069208e-5
9.802960494069208e-5,9.802960494069208e-5,9.802960494069208e-5,9.802960494069208e-5,0.0,0.0,0.0,0.0,0.0,0.0,0.0,0.0,0.0,0.0,0.0,0.0,0.0,0.0,0.0,0.0,0.0,0.0,0.0,0.0,2.838380245257332e-8,2.553743619666557e-6,2.6382290850493904e-6,1.7688345355765247e-5,8.29378913929917e-6,5.6269022192890754e-5,4.9273375116411045e-5,0.00010913885608423014,9.785532410567153e-5,0.00015740033611787846,0.0001765874906989643,0.00018377911545152046,0.00020465534363260852,0.0002910464168304525,0.0002706312932770249,0.00044560447501782976,0.0003633951908874034,0.0004609944390804708,0.0002660092583656574,0.00020029288465010277,0.00019671048960755508,0.0004766289582804322,0.0008728460978638197,0.0014449347167351755,0.0018892364080387613,0.0024578010095712595,0.0027355067221991837,0.0025881498076870315,0.002891248008756033,0.0033007805438047804,0.00303128892362724,0.003046078349821206,0.002274887829292554,0.0018927017635203584,0.0008784384935640215,0.00039450150661826645,0.00019811333480570723,6.712779249613478e-5,0.0,0.0,0.0,0.0,0.0,0.0,0.0,0.0,0.0,0.0,0.0,0.0,0.0,0.0,0.0,0.0,0.0,0.0,0.0,0.0,0.0,0.0,0.0,0.0,0.0,0.0,0.0,0.0,0.0,0.0,0.0,0.0,0.0,0.0,0.0,9.802960494069208e-5,9.802960494069208e-5,9.802960494069208e-5,9.802960494069208e-5
9.802960494069208e-5,9.802960494069208e-5,9.802960494069208e-5,9.802960494069208e-5,0.0,0.0,0.0,0.0,0.0,0.0,0.0,0.0,0.0,0.0,0.0,0.0,0.0,0.0,0.0,0.0,0.0,0.0,0.0,0.0,0.0,9.49276590018421e-8,0.0,6.026312398865597e-7,1.428183083652311e-6,2.8233008814291148e-6,2.5673149916744163e-6,3.6035229950062845e-6,3.2568776448744234e-6,3.067022326870739e-6,1.0584707193624123e-5,1.6160135283192563e-6,7.845578485454315e-5,0.00018879324686207154,0.0003045614914368034,0.0004174974779398583,0.0004896917893183206,0.0004864672377361158,0.0007615316519916136,0.0009178460515323489,0.0014153143335855847,0.0024926424968696463,0.0028220767779950054,0.0032839263569204354,0.0034686861635633555,0.0037074490703101507,0.003084426603177784,0.003477960113279715,0.003264811901742498,0.0029745621135971777,0.0014577546856223411,0.0007812581103452505,0.0002838633740143355,0.00011076617522476326,0.0,0.0,0.0,0.0,0.0,0.0,0.0,0.0,0.0,0.0,0.0,0.0,0.0,0.0,0.0,0.0,0.0,0.0,0.0,0.0,0.0,0.0,0.0,0.0,0.0,0.0,0.0,0.0,0.0,0.0,0.0,0.0,0.0,0.0,0.0,0.0,0.0,0.0,0.0,9.802960494069208e-5,9.802960494069208e-5,9.802960494069208e-5,9.802960494069208e-5
9.802960494069208e-5,9.802960494069208e-5,9.802960494069208e-5,9.802960494069208e-5,0.0,0.0,0.0,0.0,0.0,0.0,0.0,0.0,0.0,0.0,0.0,0.0,0.0,0.0,0.0,0.0,0.0,0.0,0.0,0.0,0.0,0.0,0.0,0.0,1.4715620199613456e-8,1.4715620199613456e-8,1.962082693281794e-8,9.594128269519512e-8,4.383019076414452e-7,3.224500466157245e-7,2.13156981519577e-5,5.2368059977079175e-5,0.00013162548035669373,0.00025050856726050027,0.000272666045423853,0.00034172869645462484,0.00035678711916878336,0.0005150092282295821,0.0004710194141210457,0.0005739629384651678,0.0006822826959894253,0.0007340453570097108,0.0008864227927261791,0.0008737091440523595,0.0012231871163120344,0.0015868108717859443,0.002340507309608901,0.0022994496947399768,0.0020806218276564997,0.0015480666501568674,0.0013700040295257817,0.0006374074540938128,0.000238611413358475,2.558575992936068e-5,0.0,0.0,0.0,0.0,0.0,0.0,0.0,0.0,0.0,0.0,0.0,0.0,0.0,0.0,0.0,0.0,0.0,0.0,0.0,0.0,0.0,0.0,0.0,0.0,0.0,0.0,0.0,0.0,0.0,0.0,0.0,0.0,0.0,0.0,0.0,0.0,0.0,0.0,0.0,9.802960494069208e-5,9.802960494069208e-5,9.802960494069208e-5,9.802960494069208e-5
9.802960494069208e-5,9.802960494069208e-5,9.802960494069208e-5,9.802960494069208e-5,0.0,0.0,0.0,0.0,0.0,0.0,0.0,0.0,0.0,0.0,0.0,0.0,0.0,0.0,0.0,0.0,0.0,0.0,0.0,0.0,0.0,0.0,0.0,0.0,0.0,0.0,0.0,0.0,0.0,4.0548289217961885e-7,2.0280112157236995e-6,2.365706400763434e-6,7.837810801069635e-6,9.49276590018421e-6,1.1146030193959569e-5,1.2918721934768044e-5,1.627319702351106e-5,4.1064640674303836e-5,0.0001695976270442846,0.00032312379496533654,0.000392050302513048,0.0005411524602722159,0.0009422022067964244,0.001336011102100565,0.001983402143407283,0.002015871195398802,0.0017677305733673201,0.0012772510353943093,0.0007085315628989261,0.0004026672581760712,0.00013443634930869697,6.091077734673286e-5,0.0,0.0,0.0,0.0,0.0,0.0,0.0,0.0,0.0,0.0,0.0,0.0,0.0,0.0,0.0,0.0,0.0,0.0,0.0,0.0,0.0,0.0,0.0,0.0,0.0,0.0,0.0,0.0,0.0,0.0,0.0,0.0,0.0,0.0,0.0,0.0,0.0,0.0,0.0,0.0,0.0,9.802960494069208e-5,9.9009900990099e-5,0.00010195078913831977,0.00028918733457504177
9.802960494069208e-5,9.802960494069208e-5,9.802960494069208e-5,9.802960494069208e-5,0.0,0.0,0.0,0.0,0.0,0.0,0.0,0.0,0.0,0.0,0.0,0.0,0.0,0.0,0.0,0.0,0.0,0.0,0.0,0.0,0.0,0.0,0.0,0.0,0.0,0.0,0.0,0.0,0.0,0.0,0.0,0.0,5.774296719339716e-8,1.4689253596454365e-7,2.4526033666022424e-7,7.112984692168544e-7,4.193247797329546e-6,6.651004229596822e-6,1.685989446758654e-5,4.054828921796188e-5,5.830418346224479e-5,0.00012905467485320484,0.00017627089777310582,0.0001649090738158308,0.00016852569471360998,0.00010933455374879806,7.906914293128047e-5,5.9545001557218296e-5,2.2249348062529407e-5,9.291309816604393e-6,0.0,0.0,0.0,0.0,0.0,0.0,0.0,0.0,0.0,0.0,0.0,0.0,0.0,0.0,0.0,0.0,0.0,0.0,0.0,0.0,0.0,0.0,0.0,0.0,0.0,0.0,0.0,0.0,0.0,0.0,0.0,0.0,0.0,0.0,0.0,0.0,0.0,0.0,0.0,0.0,0.0,0.0,0.0,9.802960494069208e-5,9.9009900990099e-5,9.9009900990099e-5,0.00029212822272326253
9.802960494069208e-5,9.802960494069208e-5,9.802960494069208e-5,9.802960494069208e-5,0.0,0.0,0.0,0.0,0.0,0.0,0.0,0.0,0.0,0.0,0.0,0.0,0.0,0.0,0.0,0.0,0.0,0.0,0.0,0.0,0.0,0.0,0.0,0.0,0.0,0.0,0.0,0.0,0.0,0.0,0.0,0.0,0.0,0.0,0.0,9.945913760083719e-9,9.945913760083719e-9,4.2033078084868594e-8,1.6452667524695612e-7,4.199699432170942e-7,1.3219091151259088e-6,1.71320913331664e-6,2.409087073240509e-6,3.2006829708522506e-6,2.962269345918028e-6,2.3387266219596393e-6,9.945913760083719e-7,6.09766840230872e-7,1.8178117854358476e-7,0.0,0.0,0.0,0.0,0.0,0.0,0.0,0.0,0.0,0.0,0.0,0.0,0.0,0.0,0.0,0.0,0.0,0.0,0.0,0.0,0.0,0.0,0.0,0.0,0.0,0.0,0.0,0.0,0.0,0.0,0.0,0.0,0.0,0.0,0.0,0.0,0.0,0.0,0.0,0.0,0.0,0.0,0.0,0.0,9.802960494069208e-5,0.00010293108518772669,0.00010097049308891284,0.0007763944711302817
9.802960494069208e-5,9.802960494069208e-5,9.802960494069208e-5,9.802960494069208e-5,0.0,0.0,0.0,0.0,0.0,0.0,0.0,0.0,0.0,0.0,0.0,0.0,0.0,0.0,0.0,0.0,0.0,0.0,0.0,0.0,0.0,0.0,0.0,0.0,0.0,0.0,0.0,0.0,0.0,0.0,0.0,0.0,0.0,0.0,0.0,0.0,0.0,0.0,0.0,0.0,0.0,0.0,0.0,0.0,0.0,0.0,0.0,0.0,0.0,0.0,0.0,0.0,0.0,0.0,0.0,0.0,0.0,0.0,0.0,0.0,0.0,0.0,0.0,0.0,0.0,0.0,0.0,0.0,0.0,0.0,0.0,0.0,0.0,0.0,0.0,0.0,0.0,0.0,0.0,0.0,0.0,0.0,0.0,0.0,0.0,0.0,0.0,0.0,0.0,0.0,0.0,0.0,0.0,9.802960494069208e-5,0.00010195078913831977,0.00010587197333594745,0.0009685324968140384
9.802960494069208e-5,9.802960494069208e-5,9.802960494069208e-5,9.802960494069208e-5,0.0,0.0,0.0,0.0,0.0,0.0,0.0,0.0,0.0,0.0,0.0,0.0,0.0,0.0,0.0,0.0,0.0,0.0,0.0,0.0,0.0,0.0,0.0,0.0,0.0,0.0,0.0,0.0,0.0,0.0,0.0,0.0,0.0,0.0,0.0,0.0,0.0,0.0,0.0,0.0,0.0,0.0,0.0,0.0,0.0,0.0,0.0,0.0,0.0,0.0,0.0,0.0,0.0,0.0,0.0,0.0,0.0,0.0,0.0,0.0,0.0,0.0,0.0,0.0,0.0,0.0,0.0,0.0,0.0,0.0,0.0,0.0,0.0,0.0,0.0,0.0,0.0,0.0,0.0,0.0,0.0,0.0,0.0,0.0,0.0,0.0,0.0,0.0,0.0,0.0,0.0,0.0,0.0,0.00010555827860013723,0.00011861582197823742,0.00015786687579649053,0.00123476129791197
9.802960494069208e-5,9.802960494069208e-5,9.802960494069208e-5,9.802960494069208e-5,0.0,0.0,0.0,0.0,0.0,0.0,0.0,0.0,0.0,0.0,0.0,0.0,0.0,0.0,0.0,0.0,0.0,0.0,0.0,0.0,0.0,0.0,0.0,0.0,0.0,0.0,0.0,0.0,0.0,0.0,0.0,0.0,0.0,0.0,0.0,0.0,0.0,0.0,0.0,0.0,0.0,0.0,0.0,0.0,0.0,0.0,0.0,0.0,0.0,0.0,0.0,0.0,0.0,0.0,0.0,0.0,0.0,0.0,0.0,0.0,0.0,0.0,0.0,0.0,0.0,0.0,0.0,0.0,0.0,0.0,0.0,0.0,0.0,0.0,0.0,0.0,0.0,0.0,0.0,0.0,0.0,0.0,0.0,0.0,0.0,0.0,0.0,0.0,0.0,0.0,0.0,0.0,0.0,0.00013018331536123907,0.00016302323301637092,0.00020988138417802176,0.0015234388785413202
9.802960494069208e-5,9.802960494069208e-5,9.802960494069208e-5,9.802960494069208e-5,0.0,0.0,0.0,0.0,0.0,0.0,0.0,0.0,0.0,0.0,0.0,0.0,0.0,0.0,0.0,0.0,0.0,0.0,0.0,0.0,0.0,0.0,0.0,0.0,0.0,0.0,0.0,0.0,0.0,0.0,0.0,0.0,0.0,0.0,0.0,0.0,0.0,0.0,0.0,0.0,0.0,0.0,0.0,0.0,0.0,0.0,0.0,0.0,0.0,0.0,0.0,0.0,0.0,0.0,0.0,0.0,0.0,0.0,0.0,0.0,0.0,0.0,0.0,0.0,0.0,0.0,0.0,0.0,0.0,0.0,0.0,0.0,0.0,0.0,0.0,0.0,0.0,0.0,0.0,0.0,0.0,0.0,0.0,0.0,0.0,0.0,0.0,0.0,0.0,0.0,0.0,0.0,0.0,0.0002371778257033624,0.00029960023527105184,0.0003109154004509362,0.0018498137437506137
9.802960494069208e-5,9.802960494069208e-5,9.802960494069208e-5,9.802960494069208e-5,0.0,0.0,0.0,0.0,0.0,0.0,0.0,0.0,0.0,0.0,0.0,0.0,0.0,0.0,0.0,0.0,0.0,0.0,0.0,0.0,0.0,0.0,0.0,0.0,0.0,0.0,0.0,0.0,0.0,0.0,0.0,0.0,0.0,0.0,0.0,0.0,0.0,0.0,0.0,0.0,0.0,0.0,0.0,0.0,0.0,0.0,0.0,0.0,0.0,0.0,0.0,0.0,0.0,0.0,0.0,0.0,0.0,0.0,0.0,0.0,0.0,0.0,0.0,0.0,0.0,0.0,0.0,0.0,0.0,0.0,0.0,0.0,0.0,0.0,0.0,0.0,0.0,0.0,0.0,0.0,0.0,0.0,0.0,0.0,0.0,0.0,0.0,0.0,0.0,0.0,0.0,0.0,0.0,0.00020279541221448878,0.00022561229291245957,0.0002708974610332321,0.0016104812273306547
9.802960494069208e-5,9.802960494069208e-5,9.802960494069208e-5,9.802960494069208e-5,0.0,0.0,0.0,0.0,0.0,0.0,0.0,0.0,0.0,0.0,0.0,0.0,0.0,0.0,0.0,0.0,0.0,0.0,0.0,0.0,0.0,0.0,0.0,0.0,0.0,0.0,0.0,0.0,0.0,0.0,0.0,0.0,0.0,0.0,0.0,0.0,0.0,0.0,0.0,0.0,0.0,0.0,0.0,0.0,0.0,0.0,0.0,0.0,0.0,0.0,0.0,0.0,0.0,0.0,0.0,0.0,0.0,0.0,0.0,0.0,0.0,0.0,0.0,0.0,0.0,0.0,0.0,0.0,0.0,0.0,0.0,0.0,0.0,0.0,0.0,0.0,0.0,0.0,0.0,0.0,0.0,0.0,0.0,0.0,0.0,0.0,0.0,0.0,0.0,0.0,0.0,0.0,0.0,0.0002832282638956965,0.00027739233114400545,0.0002834869659837271,0.0016654522546809146
9.802960494069208e-5,9.802960494069208e-5,9.802960494069208e-5,9.802960494069208e-5,0.0,0.0,0.0,0.0,0.0,0.0,0.0,0.0,0.0,0.0,0.0,0.0,0.0,0.0,0.0,0.0,0.0,0.0,0.0,0.0,0.0,0.0,0.0,0.0,0.0,0.0,0.0,0.0,0.0,0.0,0.0,0.0,0.0,0.0,0.0,0.0,0.0,0.0,0.0,0.0,0.0,0.0,0.0,0.0,0.0,0.0,0.0,0.0,0.0,0.0,0.0,0.0,0.0,0.0,0.0,0.0,0.0,0.0,0.0,0.0,0.0,0.0,0.0,0.0,0.0,0.0,0.0,0.0,0.0,0.0,0.0,0.0,0.0,0.0,0.0,0.0,0.0,0.0,0.0,0.0,0.0,0.0,0.0,0.0,0.0,0.0,0.0,0.0,0.0,0.0,0.0,0.0,0.0,0.00029025531614547596,0.0002749681031271444,0.0002643942025291638,0.0017892610812665433
9.802960494069208e-5,9.802960494069208e-5,9.802960494069208e-5,9.802960494069208e-5,0.0,0.0,0.0,0.0,0.0,0.0,0.0,0.0,0.0,0.0,0.0,0.0,0.0,0.0,0.0,0.0,0.0,0.0,0.0,0.0,0.0,0.0,0.0,0.0,0.0,0.0,0.0,0.0,0.0,0.0,0.0,0.0,0.0,0.0,0.0,0.0,0.0,0.0,0.0,0.0,0.0,0.0,0.0,0.0,0.0,0.0,0.0,0.0,0.0,0.0,0.0,0.0,0.0,0.0,0.0,0.0,0.0,0.0,0.0,0.0,0.0,0.0,0.0,0.0,0.0,0.0,0.0,0.0,0.0,0.0,0.0,0.0,0.0,0.0,0.0,0.0,0.0,0.0,0.0,0.0,0.0,0.0,0.0,0.0,0.0,0.0,0.0,0.0,0.0,0.0,0.0,0.0,0.0,0.00020388169477502207,0.00020310836192530144,0.00021007144397608077,0.0015767607097343405
9.802960494069208e-5,9.802960494069208e-5,9.802960494069208e-5,9.802960494069208e-5,0.0,0.0,0.0,0.0,0.0,0.0,0.0,0.0,0.0,0.0,0.0,0.0,0.0,0.0,0.0,0.0,0.0,0.0,0.0,0.0,0.0,0.0,0.0,0.0,0.0,0.0,0.0,0.0,0.0,0.0,0.0,0.0,0.0,0.0,0.0,0.0,0.0,0.0,0.0,0.0,0.0,0.0,0.0,0.0,0.0,0.0,0.0,0.0,0.0,0.0,0.0,0.0,0.0,0.0,0.0,0.0,0.0,0.0,0.0,0.0,0.0,0.0,0.0,0.0,0.0,0.0,0.0,0.0,0.0,0.0,0.0,0.0,0.0,0.0,0.0,0.0,0.0,0.0,0.0,0.0,0.0,0.0,0.0,0.0,0.0,0.0,0.0,0.0,0.0,0.0,0.0,0.0,0.0,0.00016050201566513087,0.00017992029114792668,0.0002213599882364474,0.001714765971963534
9.802960494069208e-5,9.802960494069208e-5,9.802960494069208e-5,9.802960494069208e-5,0.0,0.0,0.0,0.0,0.0,0.0,0.0,0.0,0.0,0.0,0.0,0.0,0.0,0.0,0.0,0.0,0.0,0.0,0.0,0.0,0.0,0.0,0.0,0.0,0.0,0.0,0.0,0.0,0.0,0.0,0.0,0.0,0.0,0.0,0.0,0.0,0.0,0.0,0.0,0.0,0.0,0.0,0.0,0.0,0.0,0.0,0.0,0.0,0.0,0.0,0.0,0.0,0.0,0.0,0.0,0.0,0.0,0.0,0.0,0.0,0.0,0.0,0.0,0.0,0.0,0.0,0.0,0.0,0.0,0.0,0.0,0.0,0.0,0.0,0.0,0.0,0.0,0.0,0.0,0.0,0.0,0.0,0.0,0.0,0.0,0.0,0.0,0.0,0.0,0.0,0.0,0.0,0.0,0.0002300413110381335,0.00022012620856778746,0.0002143099660229389,0.001797275046897364
9.802960494069208e-5,9.802960494069208e-5,9.802960494069208e-5,9.802960494069208e-5,0.0,0.0,0.0,0.0,0.0,0.0,0.0,0.0,0.0,0.0,0.0,0.0,0.0,0.0,0.0,0.0,0.0,0.0,0.0,0.0,0.0,0.0,0.0,0.0,0.0,0.0,0.0,0.0,0.0,0.0,0.0,0.0,0.0,0.0,0.0,0.0,0.0,0.0,0.0,0.0,0.0,0.0,0.0,0.0,0.0,0.0,0.0,0.0,0.0,0.0,0.0,0.0,0.0,0.0,0.0,0.0,0.0,0.0,0.0,0.0,0.0,0.0,0.0,0.0,0.0,0.0,0.0,0.0,0.0,0.0,0.0,0.0,0.0,0.0,0.0,0.0,0.0,0.0,0.0,0.0,0.0,0.0,0.0,0.0,0.0,0.0,0.0,0.0,0.0,0.0,0.0,0.0,0.0,0.00020764123798656993,0.00020017369512430154,0.00020451333551004802,0.00197643851267219
9.802960494069208e-5,9.802960494069208e-5,9.802960494069208e-5,9.802960494069208e-5,0.0,0.0,0.0,0.0,0.0,0.0,0.0,0.0,0.0,0.0,0.0,0.0,0.0,0.0,0.0,0.0,0.0,0.0,0.0,0.0,0.0,0.0,0.0,0.0,0.0,0.0,0.0,0.0,0.0,0.0,0.0,0.0,0.0,0.0,0.0,0.0,0.0,0.0,0.0,0.0,0.0,0.0,0.0,0.0,0.0,0.0,0.0,0.0,0.0,0.0,0.0,0.0,0.0,0.0,0.0,0.0,0.0,0.0,0.0,0.0,0.0,0.0,0.0,0.0,0.0,0.0,0.0,0.0,0.0,0.0,0.0,0.0,0.0,0.0,0.0,0.0,0.0,0.0,0.0,0.0,0.0,0.0,0.0,0.0,0.0,0.0,0.0,0.0,0.0,0.0,0.0,0.0,0.0,0.00024260019255122048,0.00021101338453132043,0.00025490558763689833,0.001989094537095874
9.802960494069208e-5,9.802960494069208e-5,9.802960494069208e-5,9.802960494069208e-5,0.0,0.0,0.0,0.0,0.0,0.0,0.0,0.0,0.0,0.0,0.0,0.0,0.0,0.0,0.0,0.0,0.0,0.0,0.0,0.0,0.0,0.0,0.0,0.0,0.0,0.0,0.0,0.0,0.0,0.0,0.0,0.0,0.0,0.0,0.0,0.0,0.0,0.0,0.0,0.0,0.0,0.0,0.0,0.0,0.0,0.0,0.0,0.0,0.0,0.0,0.0,0.0,0.0,0.0,0.0,0.0,0.0,0.0,0.0,0.0,0.0,0.0,0.0,0.0,0.0,0.0,0.0,0.0,0.0,0.0,0.0,0.0,0.0,0.0,0.0,0.0,0.0,0.0,0.0,0.0,0.0,0.0,0.0,0.0,0.0,0.0,0.0,0.0,0.0,0.0,0.0,0.0,0.0,0.0002538933841305166,0.00024090950468267817,0.0002194844219796608,0.002525744961813004
9.802960494069208e-5,9.802960494069208e-5,9.802960494069208e-5,9.802960494069208e-5,0.0,0.0,0.0,0.0,0.0,0.0,0.0,0.0,0.0,0.0,0.0,0.0,0.0,0.0,0.0,0.0,0.0,0.0,0.0,0.0,0.0,0.0,0.0,0.0,0.0,0.0,0.0,0.0,0.0,0.0,0.0,0.0,0.0,0.0,0.0,0.0,0.0,0.0,0.0,0.0,0.0,0.0,0.0,0.0,0.0,0.0,0.0,0.0,0.0,0.0,0.0,0.0,0.0,0.0,0.0,0.0,0.0,0.0,0.0,0.0,0.0,0.0,0.0,0.0,0.0,0.0,0.0,0.0,0.0,0.0,0.0,0.0,0.0,0.0,0.0,0.0,0.0,0.0,0.0,0.0,0.0,0.0,0.0,0.0,0.0,0.0,0.0,0.0,0.0,0.0,0.0,0.0,0.0,0.00024354952760540733,0.000277196347782986,0.0002940272794031252,0.002604604682827034
9.802960494069208e-5,9.802960494069208e-5,9.802960494069208e-5,9.802960494069208e-5,0.0,0.0,0.0,0.0,0.0,0.0,0.0,0.0,0.0,0.0,0.0,0.0,0.0,0.0,0.0,0.0,0.0,0.0,0.0,0.0,0.0,0.0,0.0,0.0,0.0,0.0,0.0,0.0,0.0,0.0,0.0,0.0,0.0,0.0,0.0,0.0,0.0,0.0,0.0,0.0,0.0,0.0,0.0,0.0,0.0,0.0,0.0,0.0,0.0,0.0,0.0,0.0,0.0,0.0,0.0,0.0,0.0,0.0,0.0,0.0,0.0,0.0,0.0,0.0,0.0,0.0,0.0,0.0,0.0,0.0,0.0,0.0,0.0,0.0,0.0,0.0,0.0,0.0,0.0,0.0,0.0,0.0,0.0,0.0,0.0,0.0,0.0,0.0,0.0,0.0,0.0,0.0,0.0,0.00021322718316966717,0.00023937206299154737,0.000239834146689115,0.0033277053521147486
9.802960494069208e-5,9.802960494069208e-5,9.802960494069208e-5,9.802960494069208e-5,0.0,0.0,0.0,0.0,0.0,0.0,0.0,0.0,0.0,0.0,0.0,0.0,0.0,0.0,0.0,0.0,0.0,0.0,0.0,0.0,0.0,0.0,0.0,0.0,0.0,0.0,0.0,0.0,0.0,0.0,0.0,0.0,0.0,0.0,0.0,0.0,0.0,0.0,0.0,0.0,0.0,0.0,0.0,0.0,0.0,0.0,0.0,0.0,0.0,0.0,0.0,0.0,0.0,0.0,0.0,0.0,0.0,0.0,0.0,0.0,0.0,0.0,0.0,0.0,0.0,0.0,0.0,0.0,0.0,0.0,0.0,0.0,0.0,0.0,0.0,0.0,0.0,0.0,0.0,0.0,0.0,0.0,0.0,0.0,0.0,0.0,0.0,0.0,0.0,0.0,0.0,0.0,0.0,0.00021920691679394483,0.00022471831301089384,0.00026646254583818175,0.004042549466722262
9.802960494069208e-5,9.802960494069208e-5,9.802960494069208e-5,9.802960494069208e-5,0.0,0.0,0.0,0.0,0.0,0.0,0.0,0.0,0.0,0.0,0.0,0.0,0.0,0.0,0.0,0.0,0.0,0.0,0.0,0.0,0.0,0.0,0.0,0.0,0.0,0.0,0.0,0.0,0.0,0.0,0.0,0.0,0.0,0.0,0.0,0.0,0.0,0.0,0.0,0.0,0.0,0.0,0.0,0.0,0.0,0.0,0.0,0.0,0.0,0.0,0.0,0.0,0.0,0.0,0.0,0.0,0.0,0.0,0.0,0.0,0.0,0.0,0.0,0.0,0.0,0.0,0.0,0.0,0.0,0.0,0.0,0.0,0.0,0.0,0.0,0.0,0.0,0.0,0.0,0.0,0.0,0.0,0.0,0.0,0.0,0.0,0.0,0.0,0.0,0.0,0.0,0.0,0.0,0.0004840532141467999,0.0004917713861035984,0.0005611533621535711,0.00730596417630213
9.802960494069208e-5,9.802960494069208e-5,9.802960494069208e-5,9.802960494069208e-5,0.0,0.0,0.0,0.0,0.0,0.0,0.0,0.0,0.0,0.0,0.0,0.0,0.0,0.0,0.0,0.0,0.0,0.0,0.0,0.0,0.0,0.0,0.0,0.0,0.0,0.0,0.0,0.0,0.0,0.0,0.0,0.0,0.0,0.0,0.0,0.0,0.0,0.0,0.0,0.0,0.0,0.0,0.0,0.0,0.0,0.0,0.0,0.0,0.0,0.0,0.0,0.0,0.0,0.0,0.0,0.0,0.0,0.0,0.0,0.0,0.0,0.0,0.0,0.0,0.0,0.0,0.0,0.0,0.0,0.0,0.0,0.0,0.0,0.0,0.0,0.0,0.0,0.0,0.0,0.0,0.0,0.0,0.0,0.0,0.0,0.0,0.0,0.0,0.0,0.0,0.0,0.0,0.0,0.0002879790253564124,0.0003655647084022635,0.0004347763974869788,0.010533215431317378
9.802960494069208e-5,9.802960494069208e-5,9.802960494069208e-5,9.802960494069208e-5,0.0,0.0,0.0,0.0,0.0,0.0,0.0,0.0,0.0,0.0,0.0,0.0,0.0,0.0,0.0,0.0,0.0,0.0,0.0,0.0,0.0,0.0,0.0,0.0,0.0,0.0,0.0,0.0,0.0,0.0,0.0,0.0,0.0,0.0,0.0,0.0,0.0,0.0,0.0,0.0,0.0,0.0,0.0,0.0,0.0,0.0,0.0,0.0,0.0,0.0,0.0,0.0,0.0,0.0,0.0,0.0,0.0,0.0,0.0,0.0,0.0,0.0,0.0,0.0,0.0,0.0,0.0,0.0,0.0,0.0,0.0,0.0,0.0,0.0,0.0,0.0,0.0,0.0,0.0,0.0,0.0,0.0,0.0,0.0,0.0,0.0,0.0,0.0,0.0,0.0,0.0,0.0,0.0,0.00047317921519674167,0.0004853904011355626,0.000641070636169534,0.009199243341649647
9.802960494069208e-5,9.802960494069208e-5,9.802960494069208e-5,9.802960494069208e-5,0.0,0.0,0.0,0.0,0.0,0.0,0.0,0.0,0.0,0.0,0.0,0.0,0.0,0.0,0.0,0.0,0.0,0.0,0.0,0.0,0.0,0.0,0.0,0.0,0.0,0.0,0.0,0.0,0.0,0.0,0.0,0.0,0.0,0.0,0.0,0.0,0.0,0.0,0.0,0.0,0.0,0.0,0.0,0.0,0.0,0.0,0.0,0.0,0.0,0.0,0.0,0.0,0.0,0.0,0.0,0.0,0.0,0.0,0.0,0.0,0.0,0.0,0.0,0.0,0.0,0.0,0.0,0.0,0.0,0.0,0.0,0.0,0.0,0.0,0.0,0.0,0.0,0.0,0.0,0.0,0.0,0.0,0.0,0.0,0.0,0.0,0.0,0.0,0.0,0.0,0.0,0.0,0.0,0.0003293458159020323,0.00037461839816480886,0.0005441907319759769,0.010221301379680268
9.802960494069208e-5,9.802960494069208e-5,9.802960494069208e-5,9.802960494069208e-5,0.0,0.0,0.0,0.0,0.0,0.0,0.0,0.0,0.0,0.0,0.0,0.0,0.0,0.0,0.0,0.0,0.0,0.0,0.0,0.0,0.0,0.0,0.0,0.0,0.0,0.0,0.0,0.0,0.0,0.0,0.0,0.0,0.0,0.0,0.0,0.0,0.0,0.0,0.0,0.0,0.0,0.0,0.0,0.0,0.0,0.0,0.0,0.0,0.0,0.0,0.0,0.0,0.0,0.0,0.0,0.0,0.0,0.0,0.0,0.0,0.0,0.0,0.0,0.0,0.0,0.0,0.0,0.0,0.0,0.0,0.0,0.0,0.0,0.0,0.0,0.0,0.0,0.0,0.0,0.0,0.0,0.0,0.0,0.0,0.0,0.0,0.0,0.0,0.0,0.0,0.0,0.0,0.0,0.00029875940307983964,0.00039702560044817427,0.00041694786484708677,0.009586753933618583
9.802960494069208e-5,9.802960494069208e-5,9.802960494069208e-5,9.802960494069208e-5,0.0,0.0,0.0,0.0,0.0,0.0,0.0,0.0,0.0,0.0,0.0,0.0,0.0,0.0,0.0,0.0,0.0,0.0,0.0,0.0,0.0,0.0,0.0,0.0,0.0,0.0,0.0,0.0,0.0,0.0,0.0,0.0,0.0,0.0,0.0,0.0,0.0,0.0,0.0,0.0,0.0,0.0,0.0,0.0,0.0,0.0,0.0,0.0,0.0,0.0,0.0,0.0,0.0,0.0,0.0,0.0,0.0,0.0,0.0,0.0,0.0,0.0,0.0,0.0,0.0,0.0,0.0,0.0,0.0,0.0,0.0,0.0,0.0,0.0,0.0,0.0,0.0,0.0,0.0,0.0,0.0,0.0,0.0,0.0,0.0,0.0,0.0,0.0,0.0,0.0,0.0,0.0,0.0,0.00039417430978340554,0.00047103317404627526,0.0005192460065352822,0.007709578079166502
9.802960494069208e-5,9.802960494069208e-5,9.802960494069208e-5,9.802960494069208e-5,0.0,0.0,0.0,0.0,0.0,0.0,0.0,0.0,0.0,0.0,0.0,0.0,0.0,0.0,0.0,0.0,0.0,0.0,0.0,0.0,0.0,0.0,0.0,0.0,0.0,0.0,0.0,0.0,0.0,0.0,0.0,0.0,0.0,0.0,0.0,0.0,0.0,0.0,0.0,0.0,0.0,0.0,0.0,0.0,0.0,0.0,0.0,0.0,0.0,0.0,0.0,0.0,0.0,0.0,0.0,0.0,0.0,0.0,0.0,0.0,0.0,0.0,0.0,0.0,0.0,0.0,0.0,0.0,0.0,0.0,0.0,0.0,0.0,0.0,0.0,0.0,0.0,0.0,0.0,0.0,0.0,0.0,0.0,0.0,0.0,0.0,0.0,0.0,0.0,0.0,0.0,0.0,0.0,0.0003624849299627887,0.00043733654104059674,0.000466674306109457,0.006794629223729731
9.802960494069208e-5,9.802960494069208e-5,9.802960494069208e-5,9.802960494069208e-5,0.0,0.0,0.0,0.0,0.0,0.0,0.0,0.0,0.0,0.0,0.0,0.0,0.0,0.0,0.0,0.0,0.0,0.0,0.0,0.0,0.0,0.0,0.0,0.0,0.0,0.0,0.0,0.0,0.0,0.0,0.0,0.0,0.0,0.0,0.0,0.0,0.0,0.0,0.0,0.0,0.0,0.0,0.0,0.0,0.0,0.0,0.0,0.0,0.0,0.0,0.0,0.0,0.0,0.0,0.0,0.0,0.0,0.0,0.0,0.0,0.0,0.0,0.0,0.0,0.0,0.0,0.0,0.0,0.0,0.0,0.0,0.0,0.0,0.0,0.0,0.0,0.0,0.0,0.0,0.0,0.0,0.0,0.0,0.0,0.0,0.0,0.0,0.0,0.0,0.0,0.0,0.0,0.0,0.00033545850793910984,0.00040620661661275976,0.0003871854500467699,0.006431150297124931
9.802960494069208e-5,9.802960494069208e-5,9.802960494069208e-5,9.802960494069208e-5,0.0,0.0,0.0,0.0,0.0,0.0,0.0,0.0,0.0,0.0,0.0,0.0,0.0,0.0,0.0,0.0,0.0,0.0,0.0,0.0,0.0,0.0,0.0,0.0,0.0,0.0,0.0,0.0,0.0,0.0,0.0,0.0,0.0,0.0,0.0,0.0,0.0,0.0,0.0,0.0,0.0,0.0,0.0,0.0,0.0,0.0,0.0,0.0,0.0,0.0,0.0,0.0,0.0,0.0,0.0,0.0,0.0,0.0,0.0,0.0,0.0,0.0,0.0,0.0,0.0,0.0,0.0,0.0,0.0,0.0,0.0,0.0,0.0,0.0,0.0,0.0,0.0,0.0,0.0,0.0,0.0,0.0,0.0,0.0,0.0,0.0,0.0,0.0,0.0,0.0,0.0,0.0,0.0,0.0003828379589119067,0.00044873837882449414,0.0005458061525325226,0.0072628051415784605
9.802960494069208e-5,9.802960494069208e-5,9.802960494069208e-5,9.802960494069208e-5,0.0,0.0,0.0,0.0,0.0,0.0,0.0,0.0,0.0,0.0,0.0,0.0,0.0,0.0,0.0,0.0,0.0,0.0,0.0,0.0,0.0,0.0,0.0,0.0,0.0,0.0,0.0,0.0,0.0,0.0,0.0,0.0,0.0,0.0,0.0,0.0,0.0,0.0,0.0,0.0,0.0,0.0,0.0,0.0,0.0,0.0,0.0,0.0,0.0,0.0,0.0,0.0,0.0,0.0,0.0,0.0,0.0,0.0,0.0,0.0,0.0,0.0,0.0,0.0,0.0,0.0,0.0,0.0,0.0,0.0,0.0,0.0,0.0,0.0,0.0,0.0,0.0,0.0,0.0,0.0,0.0,0.0,0.0,0.0,0.0,0.0,0.0,0.0,0.0,0.0,0.0,0.0,0.0,0.00032842587578145677,0.00035133025826145016,0.0004721998073614618,0.006206584126054341
9.802960494069208e-5,9.802960494069208e-5,9.802960494069208e-5,9.802960494069208e-5,0.0,0.0,0.0,0.0,0.0,0.0,0.0,0.0,0.0,0.0,0.0,0.0,0.0,0.0,0.0,0.0,0.0,0.0,0.0,0.0,0.0,0.0,0.0,0.0,0.0,0.0,0.0,0.0,0.0,0.0,0.0,0.0,0.0,0.0,0.0,0.0,0.0,0.0,0.0,0.0,0.0,0.0,0.0,0.0,0.0,0.0,0.0,0.0,0.0,0.0,0.0,0.0,0.0,0.0,0.0,0.0,0.0,0.0,0.0,0.0,0.0,0.0,0.0,0.0,0.0,0.0,0.0,0.0,0.0,0.0,0.0,0.0,0.0,0.0,0.0,0.0,0.0,0.0,0.0,0.0,0.0,0.0,0.0,0.0,0.0,0.0,0.0,0.0,0.0,0.0,0.0,0.0,0.0,0.00033908733023646606,0.00044812862192061093,0.00044971301941126293,0.005949284809607218
9.802960494069208e-5,9.802960494069208e-5,9.802960494069208e-5,9.802960494069208e-5,0.0,0.0,0.0,0.0,0.0,0.0,0.0,0.0,0.0,0.0,0.0,0.0,0.0,0.0,0.0,0.0,0.0,0.0,0.0,0.0,0.0,0.0,0.0,0.0,0.0,0.0,0.0,0.0,0.0,0.0,0.0,0.0,0.0,0.0,0.0,0.0,0.0,0.0,0.0,0.0,0.0,0.0,0.0,0.0,0.0,0.0,0.0,0.0,0.0,0.0,0.0,0.0,0.0,0.0,0.0,0.0,0.0,0.0,0.0,0.0,0.0,0.0,0.0,0.0,0.0,0.0,0.0,0.0,0.0,0.0,0.0,0.0,0.0,0.0,0.0,0.0,0.0,0.0,0.0,0.0,0.0,0.0,0.0,0.0,0.0,0.0,0.0,0.0,0.0,0.0,0.0,0.0,0.0,0.0003063847804598913,0.0003483988959109954,0.00036991197407876947,0.007333579170260989
9.802960494069208e-5,9.802960494069208e-5,9.802960494069208e-5,9.802960494069208e-5,0.0,0.0,0.0,0.0,0.0,0.0,0.0,0.0,0.0,0.0,0.0,0.0,0.0,0.0,0.0,0.0,0.0,0.0,0.0,0.0,0.0,0.0,0.0,0.0,0.0,0.0,0.0,0.0,0.0,0.0,0.0,0.0,0.0,0.0,0.0,0.0,0.0,0.0,0.0,0.0,0.0,0.0,0.0,0.0,0.0,0.0,0.0,0.0,0.0,0.0,0.0,0.0,0.0,0.0,0.0,0.0,0.0,0.0,0.0,0.0,0.0,0.0,0.0,0.0,0.0,0.0,0.0,0.0,0.0,0.0,0.0,0.0,0.0,0.0,0.0,0.0,0.0,0.0,0.0,0.0,0.0,0.0,0.0,0.0,0.0,0.0,0.0,0.0,0.0,0.0,0.0,0.0,0.0,0.00033715735908384093,0.0004214636274124122,0.000498156359781324,0.007285420806718615
9.802960494069208e-5,9.802960494069208e-5,9.802960494069208e-5,9.802960494069208e-5,0.0,0.0,0.0,0.0,0.0,0.0,0.0,0.0,0.0,0.0,0.0,0.0,0.0,0.0,0.0,0.0,0.0,0.0,0.0,0.0,0.0,0.0,0.0,0.0,0.0,0.0,0.0,0.0,0.0,0.0,0.0,0.0,0.0,0.0,0.0,0.0,0.0,0.0,0.0,0.0,0.0,0.0,0.0,0.0,0.0,0.0,0.0,0.0,0.0,0.0,0.0,0.0,0.0,0.0,0.0,0.0,0.0,0.0,0.0,0.0,0.0,0.0,0.0,0.0,0.0,0.0,0.0,0.0,0.0,0.0,0.0,0.0,0.0,0.0,0.0,0.0,0.0,0.0,0.0,0.0,0.0,0.0,0.0,0.0,0.0,0.0,0.0,0.0,0.0,0.0,0.0,0.0,0.0,0.0003887866827347373,0.0004199162595324102,0.0005421428054329478,0.008067601702096125
9.802960494069208e-5,9.802960494069208e-5,9.802960494069208e-5,9.802960494069208e-5,9.802960494069208e-5,9.802960494069208e-5,9.802960494069208e-5,9.802960494069208e-5,9.802960494069208e-5,9.802960494069208e-5,9.802960494069208e-5,9.802960494069208e-5,9.802960494069208e-5,9.802960494069208e-5,9.802960494069208e-5,9.802960494069208e-5,9.802960494069208e-5,9.802960494069208e-5,9.802960494069208e-5,9.802960494069208e-5,9.802960494069208e-5,9.802960494069208e-5,9.802960494069208e-5,9.802960494069208e-5,9.802960494069208e-5,9.802960494069208e-5,9.802960494069208e-5,9.802960494069208e-5,9.802960494069208e-5,9.802960494069208e-5,9.802960494069208e-5,9.802960494069208e-5,9.802960494069208e-5,9.802960494069208e-5,9.802960494069208e-5,9.802960494069208e-5,9.802960494069208e-5,9.802960494069208e-5,9.802960494069208e-5,9.802960494069208e-5,9.802960494069208e-5,9.802960494069208e-5,9.802960494069208e-5,9.802960494069208e-5,9.802960494069208e-5,9.802960494069208e-5,9.802960494069208e-5,9.802960494069208e-5,9.802960494069208e-5,9.802960494069208e-5,9.802960494069208e-5,9.802960494069208e-5,9.802960494069208e-5,9.802960494069208e-5,9.802960494069208e-5,9.802960494069208e-5,9.802960494069208e-5,9.802960494069208e-5,9.802960494069208e-5,9.802960494069208e-5,9.802960494069208e-5,9.802960494069208e-5,9.9009900990099e-5,9.802960494069208e-5,9.802960494069208e-5,9.999019703950592e-5,0.00010293108518772669,0.00011077345358298205,0.00011371434173120281,0.00011665522987942358,0.0001264581903734928,0.0001392902656602294,0.00016114106460150964,0.00018133516321929222,0.00018903048720713653,0.00020268601117537496,0.0002066856190569552,0.0002044897559062837,0.0001631604744632879,0.00013464366238604057,0.00013305558278600135,0.00013528085481815508,0.00012547789432408588,0.00013724144691696892,0.00014312322321341045,0.00015292618370747965,0.0001411626311145966,0.0001509655916086658,0.00014410351926281737,0.0001313596706205274,0.00013727085579845114,0.00012357611998823644,0.00012586020978335458,0.00011641015586707185,0.00012741888050191158,0.0001343874424076071,0.00014249583374179001,0.0001723453995084896,0.0002038043627928555,0.0002790139675101854,0.005386728238518829
9.802960494069208e-5,9.802960494069208e-5,9.802960494069208e-5,9.802960494069208e-5,9.802960494069208e-5,9.802960494069208e-5,9.802960494069208e-5,9.802960494069208e-5,9.802960494069208e-5,9.802960494069208e-5,9.802960494069208e-5,9.802960494069208e-5,9.802960494069208e-5,9.802960494069208e-5,9.802960494069208e-5,9.802960494069208e-5,9.802960494069208e-5,9.802960494069208e-5,9.802960494069208e-5,9.802960494069208e-5,9.802960494069208e-5,9.802960494069208e-5,9.802960494069208e-5,9.802960494069208e-5,9.802960494069208e-5,9.802960494069208e-5,9.802960494069208e-5,9.802960494069208e-5,9.802960494069208e-5,9.802960494069208e-5,9.802960494069208e-5,9.802960494069208e-5,9.802960494069208e-5,9.802960494069208e-5,9.802960494069208e-5,9.802960494069208e-5,9.802960494069208e-5,9.802960494069208e-5,9.802960494069208e-5,9.802960494069208e-5,9.802960494069208e-5,9.802960494069208e-5,9.802960494069208e-5,9.802960494069208e-5,9.802960494069208e-5,9.802960494069208e-5,9.802960494069208e-5,9.802960494069208e-5,9.802960494069208e-5,9.802960494069208e-5,9.802960494069208e-5,9.802960494069208e-5,9.802960494069208e-5,9.802960494069208e-5,9.802960494069208e-5,9.802960494069208e-5,9.802960494069208e-5,9.802960494069208e-5,9.802960494069208e-5,9.802960494069208e-5,9.802960494069208e-5,9.802960494069208e-5,9.802960494069208e-5,9.802960494069208e-5,9.802960494069208e-5,9.802960494069208e-5,9.999019703950592e-5,0.00010195078913831977,0.00010507793353592784,0.00010997941378296244,0.00012290951867463974,0.00012892853641799823,0.00012789922556612096,0.00012981080286246445,0.0001354377021860602,0.0001153710420547005,0.0001158513871189099,0.0001089108910891089,0.00011109695127928634,0.00013010489167728653,0.00013013430055876875,0.00012207626703264384,0.00013066366042544848,0.00012376237623762376,0.00012284089795118125,0.0001307518870698951,0.00013507499264777962,0.00014259386334673072,0.00014249583374179001,0.00015401431232232133,0.0001354965199490246,0.0001272424272130183,0.00012571316537594352,0.0001177923732967356,0.00012057641407705126,0.00012173316341535144,0.00011254345750416625,0.00013805743271679834,0.00015153248650351514,0.00019940608071443888,0.005554332251591679
9.802960494069208e-5,9.802960494069208e-5,9.802960494069208e-5,9.802960494069208e-5,9.802960494069208e-5,9.802960494069208e-5,9.802960494069208e-5,9.802960494069208e-5,9.802960494069208e-5,9.802960494069208e-5,9.802960494069208e-5,9.802960494069208e-5,9.802960494069208e-5,9.802960494069208e-5,9.802960494069208e-5,9.802960494069208e-5,9.802960494069208e-5,9.802960494069208e-5,9.802960494069208e-5,9.802960494069208e-5,9.802960494069208e-5,9.802960494069208e-5,9.802960494069208e-5,9.802960494069208e-5,9.802960494069208e-5,9.802960494069208e-5,9.802960494069208e-5,9.802960494069208e-5,9.802960494069208e-5,9.802960494069208e-5,9.802960494069208e-5,9.802960494069208e-5,9.802960494069208e-5,9.802960494069208e-5,9.802960494069208e-5,9.802960494069208e-5,9.802960494069208e-5,9.802960494069208e-5,9.802960494069208e-5,9.802960494069208e-5,9.802960494069208e-5,9.802960494069208e-5,9.802960494069208e-5,9.802960494069208e-5,9.802960494069208e-5,9.802960494069208e-5,9.802960494069208e-5,9.802960494069208e-5,9.802960494069208e-5,9.802960494069208e-5,9.802960494069208e-5,9.802960494069208e-5,9.802960494069208e-5,9.802960494069208e-5,9.802960494069208e-5,9.802960494069208e-5,9.802960494069208e-5,9.802960494069208e-5,9.802960494069208e-5,9.802960494069208e-5,9.802960494069208e-5,9.802960494069208e-5,9.802960494069208e-5,9.802960494069208e-5,9.802960494069208e-5,9.802960494069208e-5,9.802960494069208e-5,9.802960494069208e-5,9.802960494069208e-5,9.802960494069208e-5,9.802960494069208e-5,9.802960494069208e-5,9.802960494069208e-5,9.802960494069208e-5,9.802960494069208e-5,9.802960494069208e-5,9.802960494069208e-5,9.802960494069208e-5,9.802960494069208e-5,9.802960494069208e-5,9.802960494069208e-5,0.0001004823056563082,0.00010416135672973238,0.00010906675816096461,0.00010538770708754043,0.00011642486030781295,0.00012623566317027741,0.00011397215959219684,0.00012012253700617585,0.00010663268307028721,0.00011415841584158415,0.00011668561905695519,0.00013039898049210861,0.0001191941966473875,0.0001166824821095971,0.00011198459917248894,0.00011041407705126948,0.00011808518847571663,0.00015729491258292577,0.0002066269776740253,0.004609925908953376
9.802960494069208e-5,9.802960494069208e-5,9.802960494069208e-5,9.802960494069208e-5,9.802960494069208e-5,9.802960494069208e-5,9.802960494069208e-5,9.802960494069208e-5,9.802960494069208e-5,9.802960494069208e-5,9.802960494069208e-5,9.802960494069208e-5,9.802960494069208e-5,9.802960494069208e-5,9.802960494069208e-5,9.802960494069208e-5,9.802960494069208e-5,9.802960494069208e-5,9.802960494069208e-5,9.802960494069208e-5,9.802960494069208e-5,9.802960494069208e-5,9.802960494069208e-5,9.802960494069208e-5,9.802960494069208e-5,9.802960494069208e-5,9.802960494069208e-5,9.802960494069208e-5,9.802960494069208e-5,9.802960494069208e-5,9.802960494069208e-5,9.802960494069208e-5,9.802960494069208e-5,9.802960494069208e-5,9.802960494069208e-5,9.802960494069208e-5,9.802960494069208e-5,9.802960494069208e-5,9.802960494069208e-5,9.802960494069208e-5,9.802960494069208e-5,9.802960494069208e-5,9.802960494069208e-5,9.802960494069208e-5,9.802960494069208e-5,9.802960494069208e-5,9.802960494069208e-5,9.802960494069208e-5,9.802960494069208e-5,9.802960494069208e-5,9.802960494069208e-5,9.802960494069208e-5,9.802960494069208e-5,9.802960494069208e-5,9.802960494069208e-5,9.802960494069208e-5,9.802960494069208e-5,9.802960494069208e-5,9.802960494069208e-5,9.802960494069208e-5,9.802960494069208e-5,9.802960494069208e-5,9.802960494069208e-5,9.802960494069208e-5,9.802960494069208e-5,9.802960494069208e-5,9.802960494069208e-5,9.802960494069208e-5,9.802960494069208e-5,9.802960494069208e-5,9.802960494069208e-5,9.802960494069208e-5,9.802960494069208e-5,9.802960494069208e-5,9.802960494069208e-5,9.802960494069208e-5,9.802960494069208e-5,9.802960494069208e-5,9.802960494069208e-5,9.802960494069208e-5,9.802960494069208e-5,9.802960494069208e-5,9.802960494069208e-5,9.802960494069208e-5,9.802960494069208e-5,9.802960494069208e-5,9.802960494069208e-5,9.802960494069208e-5,9.802960494069208e-5,9.802960494069208e-5,9.802960494069208e-5,9.802960494069208e-5,9.802960494069208e-5,9.802960494069208e-5,9.802960494069208e-5,9.802960494069208e-5,0.00010023527105185765,0.00010401616018037447,0.0001163167432795373,0.00018903833735130497,0.004582737160871974
9.802960494069208e-5,9.802960494069208e-5,9.802960494069208e-5,9.802960494069208e-5,9.802960494069208e-5,9.802960494069208e-5,9.802960494069208e-5,9.802960494069208e-5,9.802960494069208e-5,9.802960494069208e-5,9.802960494069208e-5,9.802960494069208e-5,9.802960494069208e-5,9.802960494069208e-5,9.802960494069208e-5,9.802960494069208e-5,9.802960494069208e-5,9.802960494069208e-5,9.802960494069208e-5,9.802960494069208e-5,9.802960494069208e-5,9.802960494069208e-5,9.802960494069208e-5,9.802960494069208e-5,9.802960494069208e-5,9.802960494069208e-5,9.802960494069208e-5,9.802960494069208e-5,9.802960494069208e-5,9.802960494069208e-5,9.802960494069208e-5,9.802960494069208e-5,9.802960494069208e-5,9.802960494069208e-5,9.802960494069208e-5,9.802960494069208e-5,9.802960494069208e-5,9.802960494069208e-5,9.802960494069208e-5,9.802960494069208e-5,9.802960494069208e-5,9.802960494069208e-5,9.802960494069208e-5,9.802960494069208e-5,9.802960494069208e-5,9.802960494069208e-5,9.802960494069208e-5,9.802960494069208e-5,9.802960494069208e-5,9.802960494069208e-5,9.802960494069208e-5,9.802960494069208e-5,9.802960494069208e-5,9.802960494069208e-5,9.802960494069208e-5,9.802960494069208e-5,9.802960494069208e-5,9.802960494069208e-5,9.802960494069208e-5,9.802960494069208e-5,9.802960494069208e-5,9.802960494069208e-5,9.802960494069208e-5,9.802960494069208e-5,9.802960494069208e-5,9.802960494069208e-5,9.802960494069208e-5,9.802960494069208e-5,9.802960494069208e-5,9.802960494069208e-5,9.802960494069208e-5,9.802960494069208e-5,9.802960494069208e-5,9.802960494069208e-5,9.802960494069208e-5,9.802960494069208e-5,9.802960494069208e-5,9.802960494069208e-5,9.802960494069208e-5,9.802960494069208e-5,9.802960494069208e-5,9.802960494069208e-5,9.802960494069208e-5,9.802960494069208e-5,9.802960494069208e-5,9.802960494069208e-5,9.802960494069208e-5,9.802960494069208e-5,9.802960494069208e-5,9.802960494069208e-5,9.802960494069208e-5,9.802960494069208e-5,9.802960494069208e-5,9.802960494069208e-5,9.802960494069208e-5,9.802960494069208e-5,9.802960494069208e-5,0.0001099284346149593,0.00010813449284454464,0.0001357786221845231,0.004235475906602298
9.802960494069208e-5,9.802960494069208e-5,9.802960494069208e-5,9.802960494069208e-5,9.802960494069208e-5,9.802960494069208e-5,9.802960494069208e-5,9.802960494069208e-5,9.802960494069208e-5,9.802960494069208e-5,9.802960494069208e-5,9.802960494069208e-5,9.802960494069208e-5,9.802960494069208e-5,9.802960494069208e-5,9.802960494069208e-5,9.802960494069208e-5,9.802960494069208e-5,9.802960494069208e-5,9.802960494069208e-5,9.802960494069208e-5,9.802960494069208e-5,9.802960494069208e-5,9.802960494069208e-5,9.802960494069208e-5,9.802960494069208e-5,9.802960494069208e-5,9.802960494069208e-5,9.802960494069208e-5,9.802960494069208e-5,9.802960494069208e-5,9.802960494069208e-5,9.802960494069208e-5,9.802960494069208e-5,9.802960494069208e-5,9.802960494069208e-5,9.802960494069208e-5,9.802960494069208e-5,9.802960494069208e-5,9.802960494069208e-5,9.802960494069208e-5,9.802960494069208e-5,9.802960494069208e-5,9.802960494069208e-5,9.802960494069208e-5,9.802960494069208e-5,9.802960494069208e-5,9.802960494069208e-5,9.802960494069208e-5,9.802960494069208e-5,9.802960494069208e-5,9.802960494069208e-5,9.802960494069208e-5,9.802960494069208e-5,9.802960494069208e-5,9.802960494069208e-5,9.802960494069208e-5,9.802960494069208e-5,9.802960494069208e-5,9.802960494069208e-5,9.802960494069208e-5,9.802960494069208e-5,9.802960494069208e-5,9.802960494069208e-5,9.802960494069208e-5,9.802960494069208e-5,9.802960494069208e-5,9.802960494069208e-5,9.802960494069208e-5,9.802960494069208e-5,9.802960494069208e-5,9.802960494069208e-5,9.802960494069208e-5,9.802960494069208e-5,9.802960494069208e-5,9.802960494069208e-5,9.802960494069208e-5,9.802960494069208e-5,9.802960494069208e-5,9.802960494069208e-5,9.802960494069208e-5,9.802960494069208e-5,9.802960494069208e-5,9.802960494069208e-5,9.802960494069208e-5,9.802960494069208e-5,9.802960494069208e-5,9.802960494069208e-5,9.802960494069208e-5,9.802960494069208e-5,9.802960494069208e-5,9.802960494069208e-5,9.802960494069208e-5,9.802960494069208e-5,9.802960494069208e-5,9.802960494069208e-5,9.954906381727281e-5,0.00010097049308891284,0.00010992601060680325,0.00014537391318498186,0.0033677087588173727
9.802960494069208e-5,9.802960494069208e-5,9.802960494069208e-5,9.802960494069208e-5,9.802960494069208e-5,9.802960494069208e-5,9.802960494069208e-5,9.802960494069208e-5,9.802960494069208e-5,9.802960494069208e-5,9.802960494069208e-5,9.802960494069208e-5,9.802960494069208e-5,9.802960494069208e-5,9.802960494069208e-5,9.802960494069208e-5,9.802960494069208e-5,9.802960494069208e-5,9.802960494069208e-5,9.802960494069208e-5,9.802960494069208e-5,9.802960494069208e-5,9.802960494069208e-5,9.802960494069208e-5,9.802960494069208e-5,9.802960494069208e-5,9.802960494069208e-5,9.802960494069208e-5,9.802960494069208e-5,9.802960494069208e-5,9.802960494069208e-5,9.802960494069208e-5,9.802960494069208e-5,9.802960494069208e-5,9.802960494069208e-5,9.802960494069208e-5,9.802960494069208e-5,9.802960494069208e-5,9.802960494069208e-5,9.802960494069208e-5,9.802960494069208e-5,9.802960494069208e-5,9.802960494069208e-5,9.802960494069208e-5,9.802960494069208e-5,9.802960494069208e-5,9.802960494069208e-5,9.802960494069208e-5,9.802960494069208e-5,9.802960494069208e-5,9.802960494069208e-5,9.802960494069208e-5,9.802960494069208e-5,9.802960494069208e-5,9.802960494069208e-5,9.802960494069208e-5,9.802960494069208e-5,9.802960494069208e-5,9.802960494069208e-5,9.802960494069208e-5,9.802960494069208e-5,9.802960494069208e-5,9.802960494069208e-5,9.802960494069208e-5,9.802960494069208e-5,9.802960494069208e-5,9.802960494069208e-5,9.802960494069208e-5,9.802960494069208e-5,9.802960494069208e-5,9.802960494069208e-5,9.802960494069208e-5,9.802960494069208e-5,9.802960494069208e-5,9.802960494069208e-5,9.802960494069208e-5,9.802960494069208e-5,9.802960494069208e-5,9.802960494069208e-5,9.802960494069208e-5,9.802960494069208e-5,9.802960494069208e-5,9.802960494069208e-5,9.802960494069208e-5,9.802960494069208e-5,9.802960494069208e-5,9.802960494069208e-5,9.802960494069208e-5,9.802960494069208e-5,9.802960494069208e-5,9.802960494069208e-5,9.802960494069208e-5,9.802960494069208e-5,9.802960494069208e-5,9.802960494069208e-5,9.802960494069208e-5,9.802960494069208e-5,9.802960494069208e-5,0.00010483165023036956,0.00010839561454759336,0.0028416600913548046
9.802960494069208e-5,9.802960494069208e-5,9.802960494069208e-5,9.802960494069208e-5,9.802960494069208e-5,9.802960494069208e-5,9.802960494069208e-5,9.802960494069208e-5,9.802960494069208e-5,9.802960494069208e-5,9.802960494069208e-5,9.802960494069208e-5,9.802960494069208e-5,9.802960494069208e-5,9.802960494069208e-5,9.802960494069208e-5,9.802960494069208e-5,9.802960494069208e-5,9.802960494069208e-5,9.802960494069208e-5,9.802960494069208e-5,9.802960494069208e-5,9.802960494069208e-5,9.802960494069208e-5,9.802960494069208e-5,9.802960494069208e-5,9.802960494069208e-5,9.802960494069208e-5,9.802960494069208e-5,9.802960494069208e-5,9.802960494069208e-5,9.802960494069208e-5,9.802960494069208e-5,9.802960494069208e-5,9.802960494069208e-5,9.802960494069208e-5,9.802960494069208e-5,9.802960494069208e-5,9.802960494069208e-5,9.802960494069208e-5,9.802960494069208e-5,9.802960494069208e-5,9.802960494069208e-5,9.802960494069208e-5,9.802960494069208e-5,9.802960494069208e-5,9.802960494069208e-5,9.802960494069208e-5,9.802960494069208e-5,9.802960494069208e-5,9.802960494069208e-5,9.802960494069208e-5,9.802960494069208e-5,9.802960494069208e-5,9.802960494069208e-5,9.802960494069208e-5,9.802960494069208e-5,9.802960494069208e-5,9.802960494069208e-5,9.802960494069208e-5,9.802960494069208e-5,9.802960494069208e-5,9.802960494069208e-5,9.802960494069208e-5,9.802960494069208e-5,9.802960494069208e-5,9.802960494069208e-5,9.802960494069208e-5,9.802960494069208e-5,9.802960494069208e-5,9.802960494069208e-5,9.802960494069208e-5,9.802960494069208e-5,9.802960494069208e-5,9.802960494069208e-5,9.802960494069208e-5,9.802960494069208e-5,9.802960494069208e-5,9.802960494069208e-5,9.802960494069208e-5,9.802960494069208e-5,9.802960494069208e-5,9.802960494069208e-5,9.802960494069208e-5,9.802960494069208e-5,9.802960494069208e-5,9.802960494069208e-5,9.802960494069208e-5,9.802960494069208e-5,9.802960494069208e-5,9.802960494069208e-5,9.802960494069208e-5,9.802960494069208e-5,9.802960494069208e-5,9.802960494069208e-5,9.802960494069208e-5,9.802960494069208e-5,9.802960494069208e-5,9.802960494069208e-5,0.00010566255269091265,0.001972806093506597
