-2.23606797749979,-2.2035482749420314,-2.173131381210073,-2.1449067578801646,-2.1189620100417095,-2.0953818267800264,-2.0742468512691534,-2.0556325060671714,-2.0396078054371145,-2.026234191795213,-2.0155644370746373,-2.007641651291385,-2.002498439450079,-2.000156243896962,-2.0,-2.0,-2.0,-2.0,-2.0,-2.0,-2.0,-2.0,-2.0,-2.0,-2.0,-2.0,-2.0,-2.0,-2.0,-2.0,-2.0,-2.0,-2.0,-2.0,-2.0,-2.0,-2.0,-2.0,-2.0,-2.0,-2.0,-2.0,-2.0,-2.0,-2.0,-2.0,-2.0,-2.0,-2.0,-2.0,-2.0,-2.0,-2.0,-2.0,-2.0,-2.0,-2.0,-2.0,-2.0,-2.0,-2.0,-2.0,-2.0,-2.0,-2.0,-2.0,-2.0,-2.000156243896962,-2.002498439450079,-2.007641651291385,-2.0155644370746373,-2.026234191795213,-2.0396078054371145,-2.0556325060671714,-2.0742468512691534,-2.0953818267800264,-2.1189620100417095,-2.1449067578801646,-2.173131381210073,-2.2035482749420314,-2.23606797749979
-2.125,-2.090753452705507,-2.0586706876040175,-2.028854356527348,-2.0014057559625433,-1.9764235376052373,-1.954002302966913,-1.9342311133884698,-1.9171919570037845,-1.9029582233985067,-1.8915932438026948,-1.8831489585266485,-1.8776647730625395,-1.8751666592599179,-1.875,-1.875,-1.875,-1.875,-1.875,-1.875,-1.875,-1.875,-1.875,-1.875,-1.875,-1.875,-1.875,-1.875,-1.875,-1.875,-1.875,-1.875,-1.875,-1.875,-1.875,-1.875,-1.875,-1.875,-1.875,-1.875,-1.875,-1.875,-1.875,-1.875,-1.875,-1.875,-1.875,-1.875,-1.875,-1.875,-1.875,-1.875,-1.875,-1.875,-1.875,-1.875,-1.875,-1.875,-1.875,-1.875,-1.875,-1.875,-1.875,-1.875,-1.875,-1.875,-1.875,-1.8751666592599179,-1.8776647730625395,-1.8831489585266485,-1.8915932438026948,-1.9029582233985067,-1.9171919570037845,-1.9342311133884698,-1.954002302966913,-1.9764235376052373,-2.0014057559625433,-2.028854356527349,-2.0586706876040175,-2.090753452705507,-2.125
-2.0155644370746373,-1.979425421681757,-1.9455076458343719,-1.9139292045423204,-1.884807682497076,-1.8582585934148135,-1.8343936327844137,-1.813318780578859,-1.7951323071016247,-1.779922751132756,-1.7677669529663689,-1.7587282336961558,-1.7528548142958105,-1.7501785623187138,-1.75,-1.75,-1.75,-1.75,-1.75,-1.75,-1.75,-1.75,-1.75,-1.75,-1.75,-1.75,-1.75,-1.75,-1.75,-1.75,-1.75,-1.75,-1.75,-1.75,-1.75,-1.75,-1.75,-1.75,-1.75,-1.75,-1.75,-1.75,-1.75,-1.75,-1.75,-1.75,-1.75,-1.75,-1.75,-1.75,-1.75,-1.75,-1.75,-1.75,-1.75,-1.75,-1.75,-1.75,-1.75,-1.75,-1.75,-1.75,-1.75,-1.75,-1.75,-1.75,-1.75,-1.7501785623187138,-1.7528548142958105,-1.7587282336961558,-1.7677669529663689,-1.7799227511327569,-1.7951323071016247,-1.813318780578859,-1.8343936327844137,-1.8582585934148135,-1.884807682497076,-1.9139292045423204,-1.9455076458343719,-1.979425421681757,-2.0155644370746373
-1.9080421903092182,-1.8698261951315152,-1.8338824935093303,-1.8003471887388827,-1.7693572279220495,-1.741048534648015,-1.715553846429776,-1.693000295333701,-1.6735067971179562,-1.657181341917655,-1.6441183047457382,-1.6343959128681154,-1.6280740155164937,-1.6251922963145007,-1.625,-1.625,-1.625,-1.625,-1.625,-1.625,-1.625,-1.625,-1.625,-1.625,-1.625,-1.625,-1.625,-1.625,-1.625,-1.625,-1.625,-1.625,-1.625,-1.625,-1.625,-1.625,-1.625,-1.625,-1.625,-1.625,-1.625,-1.625,-1.625,-1.625,-1.625,-1.625,-1.625,-1.625,-1.625,-1.625,-1.625,-1.625,-1.625,-1.625,-1.625,-1.625,-1.625,-1.625,-1.625,-1.625,-1.625,-1.625,-1.625,-1.625,-1.625,-1.625,-1.625,-1.6251922963145007,-1.6280740155164937,-1.6343959128681154,-1.6441183047457382,-1.657181341917655,-1.6735067971179562,-1.693000295333701,-1.715553846429776,-1.741048534648015,-1.7693572279220495,-1.8003471887388836,-1.8338824935093303,-1.8698261951315152,-1.9080421903092182
-1.8027756377319948,-1.7622783548577106,-1.724093964956667,-1.6883794004903043,-1.6552945357246847,-1.625,-1.5976545308670458,-1.5734118977559564,-1.5524174696260022,-1.5348045478170826,-1.5206906325745546,-1.510173831053896,-1.5033296378372905,-1.5002083188677497,-1.5,-1.5,-1.5,-1.5,-1.5,-1.5,-1.5,-1.5,-1.5,-1.5,-1.5,-1.5,-1.5,-1.5,-1.5,-1.5,-1.5,-1.5,-1.5,-1.5,-1.5,-1.5,-1.5,-1.5,-1.5,-1.5,-1.5,-1.5,-1.5,-1.5,-1.5,-1.5,-1.5,-1.5,-1.5,-1.5,-1.5,-1.5,-1.5,-1.5,-1.5,-1.5,-1.5,-1.5,-1.5,-1.5,-1.5,-1.5,-1.5,-1.5,-1.5,-1.5,-1.5,-1.5002083188677497,-1.5033296378372905,-1.510173831053896,-1.5206906325745546,-1.5348045478170826,-1.5524174696260022,-1.573411897755956,-1.5976545308670458,-1.625,-1.6552945357246847,-1.6883794004903043,-1.7240939649566664,-1.7622783548577106,-1.8027756377319948
-1.7001838135919307,-1.657181341917655,-1.6165163160327212,-1.5783694117664595,-1.5429274124209473,-1.5103807466993215,-1.4809203219619889,-1.4547336525976156,-1.4320003491619686,-1.4128871150944793,-1.3975424859373686,-1.3860916275629114,-1.3786315678962238,-1.3752272539475068,-1.375,-1.375,-1.375,-1.375,-1.375,-1.375,-1.375,-1.375,-1.375,-1.375,-1.375,-1.375,-1.375,-1.375,-1.375,-1.375,-1.375,-1.375,-1.375,-1.375,-1.375,-1.375,-1.375,-1.375,-1.375,-1.375,-1.375,-1.375,-1.375,-1.375,-1.375,-1.375,-1.375,-1.375,-1.375,-1.375,-1.375,-1.375,-1.375,-1.375,-1.375,-1.375,-1.375,-1.375,-1.375,-1.375,-1.375,-1.375,-1.375,-1.375,-1.375,-1.375,-1.375,-1.3752272539475068,-1.3786315678962238,-1.3860916275629114,-1.3975424859373686,-1.4128871150944793,-1.4320003491619686,-1.4547336525976151,-1.4809203219619889,-1.5103807466993215,-1.5429274124209473,-1.5783694117664595,-1.6165163160327207,-1.657181341917655,-1.7001838135919307
-1.6007810593582121,-1.5550321540083987,-1.5116216457830975,-1.4707566080082728,-1.4326548781894402,-1.3975424859373686,-1.3656500283747661,-1.3372079120316331,-1.3124404748406686,-1.2915591353089488,-1.2747548783981961,-1.2621905561364342,-1.253993620398445,-1.2502499750049987,-1.25,-1.25,-1.25,-1.25,-1.25,-1.25,-1.25,-1.25,-1.25,-1.25,-1.25,-1.25,-1.25,-1.25,-1.25,-1.25,-1.25,-1.25,-1.25,-1.25,-1.25,-1.25,-1.25,-1.25,-1.25,-1.25,-1.25,-1.25,-1.25,-1.25,-1.25,-1.25,-1.25,-1.25,-1.25,-1.25,-1.25,-1.25,-1.25,-1.25,-1.25,-1.25,-1.25,-1.25,-1.25,-1.25,-1.25,-1.25,-1.25,-1.25,-1.25,-1.25,-1.25,-1.2502499750049987,-1.253993620398445,-1.2621905561364337,-1.2747548783981961,-1.2915591353089493,-1.3124404748406686,-1.3372079120316331,-1.3656500283747661,-1.3975424859373686,-1.4326548781894406,-1.4707566080082728,-1.511621645783097,-1.5550321540083987,-1.6007810593582121
-1.505199322349037,-1.456451166362951,-1.410008865220357,-1.3661076092314248,-1.3250000000000002,-1.286953767623375,-1.2522479786368192,-1.2211674741819811,-1.193995393625955,-1.171003842863037,-1.1524430571616109,-1.13852975367357,-1.1294356998076518,-1.1252777434926902,-1.125,-1.125,-1.125,-1.125,-1.125,-1.125,-1.125,-1.125,-1.125,-1.125,-1.125,-1.125,-1.125,-1.125,-1.125,-1.125,-1.125,-1.125,-1.125,-1.125,-1.125,-1.125,-1.125,-1.125,-1.125,-1.125,-1.125,-1.125,-1.125,-1.125,-1.125,-1.125,-1.125,-1.125,-1.125,-1.125,-1.125,-1.125,-1.125,-1.125,-1.125,-1.125,-1.125,-1.125,-1.125,-1.125,-1.125,-1.125,-1.125,-1.125,-1.125,-1.125,-1.125,-1.1252777434926902,-1.1294356998076518,-1.13852975367357,-1.1524430571616109,-1.171003842863037,-1.1939953936259555,-1.2211674741819811,-1.2522479786368192,-1.286953767623375,-1.3250000000000002,-1.3661076092314253,-1.410008865220357,-1.456451166362951,-1.505199322349037
-1.414213562373095,-1.3622132725825278,-1.3124404748406686,-1.2651580928879995,-1.2206555615733703,-1.1792476415070752,-1.1412712210513325,-1.1070794912742263,-1.0770329614269007,-1.0514870422406544,-1.0307764064044154,-1.0151970252123474,-1.0049875621120892,-1.0003124511871277,-1.0,-1.0,-1.0,-1.0,-1.0,-1.0,-1.0,-1.0,-1.0,-1.0,-1.0,-1.0,-1.0,-1.0,-1.0,-1.0,-1.0,-1.0,-1.0,-1.0,-1.0,-1.0,-1.0,-1.0,-1.0,-1.0,-1.0,-1.0,-1.0,-1.0,-1.0,-1.0,-1.0,-1.0,-1.0,-1.0,-1.0,-1.0,-1.0,-1.0,-1.0,-1.0,-1.0,-1.0,-1.0,-1.0,-1.0,-1.0,-1.0,-1.0,-1.0,-1.0,-1.0,-1.0003124511871277,-1.0049875621120892,-1.0151970252123474,-1.0307764064044154,-1.0514870422406544,-1.0770329614269007,-1.1070794912742263,-1.1412712210513325,-1.1792476415070752,-1.2206555615733703,-1.265158092888,-1.3124404748406686,-1.3622132725825278,-1.414213562373095
-1.3287682265918312,-1.2732831578246842,-1.2198872898755853,-1.1688669727560956,-1.1205467415507488,-1.0752906583803283,-1.0335013304297194,-0.995615387586994,-0.9620940702446927,-0.9334077351297232,-0.9100137361600646,-0.8923284148787376,-0.8806957476904271,-0.8753570700005797,-0.875,-0.875,-0.875,-0.875,-0.875,-0.875,-0.875,-0.875,-0.875,-0.875,-0.875,-0.875,-0.875,-0.875,-0.875,-0.875,-0.875,-0.875,-0.875,-0.875,-0.875,-0.875,-0.875,-0.875,-0.875,-0.875,-0.875,-0.875,-0.875,-0.875,-0.875,-0.875,-0.875,-0.875,-0.875,-0.875,-0.875,-0.875,-0.875,-0.875,-0.875,-0.875,-0.875,-0.875,-0.875,-0.875,-0.875,-0.875,-0.875,-0.875,-0.875,-0.875,-0.875,-0.8753570700005797,-0.8806957476904267,-0.8923284148787372,-0.9100137361600646,-0.9334077351297236,-0.9620940702446932,-0.9956153875869935,-1.0335013304297194,-1.0752906583803283,-1.1205467415507488,-1.168866972756096,-1.2198872898755848,-1.2732831578246842,-1.3287682265918312
-1.25,-1.1908505363814554,-1.1335784048754634,-1.0784827305061495,-1.0259142264341596,-0.9762812094883317,-0.9300537618869136,-0.8877640452282352,-0.8500000000000001,-0.817389136213591,-0.790569415042095,-0.7701460900374681,-0.7566372975210776,-0.7504165509901819,-0.75,-0.75,-0.75,-0.75,-0.75,-0.75,-0.75,-0.75,-0.75,-0.75,-0.75,-0.75,-0.75,-0.75,-0.75,-0.75,-0.75,-0.75,-0.75,-0.75,-0.75,-0.75,-0.75,-0.75,-0.75,-0.75,-0.75,-0.75,-0.75,-0.75,-0.75,-0.75,-0.75,-0.75,-0.75,-0.75,-0.75,-0.75,-0.75,-0.75,-0.75,-0.75,-0.75,-0.75,-0.75,-0.75,-0.75,-0.75,-0.75,-0.75,-0.75,-0.75,-0.75,-0.7504165509901819,-0.7566372975210776,-0.7701460900374681,-0.790569415042095,-0.817389136213591,-0.8500000000000001,-0.8877640452282352,-0.9300537618869136,-0.9762812094883317,-1.0259142264341596,-1.07848273050615,-1.133578404875463,-1.190850536381455,-1.25
-1.1792476415070752,-1.116355678088305,-1.0550473923004597,-0.995615387586994,-0.9384162189561729,-0.8838834764831844,-0.8325412902673355,-0.7850159234053793,-0.7420411039827917,-0.7044501401802687,-0.6731456008918131,-0.6490377492873582,-0.6329494450586082,-0.6254998001598402,-0.625,-0.625,-0.625,-0.625,-0.625,-0.625,-0.625,-0.625,-0.625,-0.625,-0.625,-0.625,-0.625,-0.625,-0.625,-0.625,-0.625,-0.625,-0.625,-0.625,-0.625,-0.625,-0.625,-0.625,-0.625,-0.625,-0.625,-0.625,-0.625,-0.625,-0.625,-0.625,-0.625,-0.625,-0.625,-0.625,-0.625,-0.625,-0.625,-0.625,-0.625,-0.625,-0.625,-0.625,-0.625,-0.625,-0.625,-0.625,-0.625,-0.625,-0.625,-0.625,-0.625,-0.6254998001598402,-0.6329494450586082,-0.6490377492873582,-0.6731456008918131,-0.7044501401802687,-0.7420411039827917,-0.7850159234053788,-0.8325412902673355,-0.8838834764831844,-0.9384162189561733,-0.995615387586994,-1.0550473923004593,-1.116355678088305,-1.1792476415070752
-1.118033988749895,-1.0514870422406544,-0.9861541461658012,-0.9222933372848359,-0.8602325267042628,-0.8003905296791061,-0.7433034373659253,-0.6896557112066861,-0.6403124237432847,-0.5963430220938282,-0.5590169943749475,-0.5297405025104274,-0.5099019513592786,-0.5006246098625198,-0.5,-0.5,-0.5,-0.5,-0.5,-0.5,-0.5,-0.5,-0.5,-0.5,-0.5,-0.5,-0.5,-0.5,-0.5,-0.5,-0.5,-0.5,-0.5,-0.5,-0.5,-0.5,-0.5,-0.5,-0.5,-0.5,-0.5,-0.5,-0.5,-0.5,-0.5,-0.5,-0.5,-0.5,-0.5,-0.5,-0.5,-0.5,-0.5,-0.5,-0.5,-0.5,-0.5,-0.5,-0.5,-0.5,-0.5,-0.5,-0.5,-0.5,-0.5,-0.5,-0.5,-0.5006246098625198,-0.5099019513592786,-0.5297405025104274,-0.5590169943749475,-0.5963430220938282,-0.6403124237432851,-0.6896557112066857,-0.7433034373659249,-0.8003905296791061,-0.8602325267042628,-0.9222933372848363,-0.9861541461658008,-1.0514870422406544,-1.118033988749895
-1.0680004681646915,-0.9981232388838563,-0.9290452088031023,-0.8609587678861281,-0.7941190087134293,-0.7288689868556624,-0.6656763477847174,-0.6051859218455102,-0.5482928049865325,-0.4962358310319801,-0.4506939094329985,-0.4138236339311714,-0.38810436740650056,-0.37583240945932284,-0.375,-0.375,-0.375,-0.375,-0.375,-0.375,-0.375,-0.375,-0.375,-0.375,-0.375,-0.375,-0.375,-0.375,-0.375,-0.375,-0.375,-0.375,-0.375,-0.375,-0.375,-0.375,-0.375,-0.375,-0.375,-0.375,-0.375,-0.375,-0.375,-0.375,-0.375,-0.375,-0.375,-0.375,-0.375,-0.375,-0.375,-0.375,-0.375,-0.375,-0.375,-0.375,-0.375,-0.375,-0.375,-0.375,-0.375,-0.375,-0.375,-0.375,-0.375,-0.375,-0.375,-0.37583240945932284,-0.38810436740650056,-0.41382363393117094,-0.4506939094329985,-0.49623583103198055,-0.548292804986533,-0.6051859218455098,-0.6656763477847174,-0.7288689868556624,-0.7941190087134298,-0.8609587678861286,-0.9290452088031018,-0.9981232388838563,-1.0680004681646915
-1.0307764064044154,-0.9581883948368399,-0.8860022573334674,-0.8143248737451168,-0.7433034373659253,-0.6731456008918131,-0.6041522986797285,-0.5367727638395969,-0.47169905660283007,-0.41003048667141817,-0.35355339059327395,-0.30516389039334246,-0.2692582403567254,-0.25124689052802207,-0.25,-0.25,-0.25,-0.25,-0.25,-0.25,-0.25,-0.25,-0.25,-0.25,-0.25,-0.25,-0.25,-0.25,-0.25,-0.25,-0.25,-0.25,-0.25,-0.25,-0.25,-0.25,-0.25,-0.25,-0.25,-0.25,-0.25,-0.25,-0.25,-0.25,-0.25,-0.25,-0.25,-0.25,-0.25,-0.25,-0.25,-0.25,-0.25,-0.25,-0.25,-0.25,-0.25,-0.25,-0.25,-0.25,-0.25,-0.25,-0.25,-0.25,-0.25,-0.25,-0.25,-0.25124689052802207,-0.26925824035672496,-0.30516389039334246,-0.35355339059327395,-0.41003048667141817,-0.4716990566028305,-0.5367727638395969,-0.6041522986797285,-0.6731456008918131,-0.7433034373659253,-0.8143248737451168,-0.8860022573334669,-0.9581883948368399,-1.0307764064044154
-1.0077822185373186,-0.9334077351297236,-0.859142013871979,-0.7850159234053793,-0.7110731326663946,-0.6373774391990983,-0.564025708633924,-0.49117206760971266,-0.41907636535600545,-0.34820970692960307,-0.2795084971874737,-0.21505813167606558,-0.1600781059358214,-0.12747548783981966,-0.125,-0.125,-0.125,-0.125,-0.125,-0.125,-0.125,-0.125,-0.125,-0.125,-0.125,-0.125,-0.125,-0.125,-0.125,-0.125,-0.125,-0.125,-0.125,-0.125,-0.125,-0.125,-0.125,-0.125,-0.125,-0.125,-0.125,-0.125,-0.125,-0.125,-0.125,-0.125,-0.125,-0.125,-0.125,-0.125,-0.125,-0.125,-0.125,-0.125,-0.125,-0.125,-0.125,-0.125,-0.125,-0.125,-0.125,-0.125,-0.125,-0.125,-0.125,-0.125,-0.125,-0.12747548783981966,-0.16007810593582095,-0.21505813167606558,-0.2795084971874737,-0.34820970692960307,-0.41907636535600545,-0.4911720676097122,-0.564025708633924,-0.6373774391990983,-0.7110731326663946,-0.7850159234053793,-0.8591420138719785,-0.9334077351297232,-1.0077822185373186
-1.0,-0.9249999999999998,-0.8500000000000001,-0.7749999999999999,-0.7000000000000002,-0.625,-0.5499999999999998,-0.4750000000000001,-0.3999999999999999,-0.3250000000000002,-0.25,-0.17499999999999982,-0.10000000000000009,-0.02499999999999991,-0.22526321031300878,-0.15100947278182097,-0.07675573525063362,-0.0025019977194458143,-0.1307447221491591,-0.11232226425985203,-0.05374275479990143,0.0,-0.10389575680202112,-0.042604103733164145,-0.004756727924771553,0.0,-0.05451935750325143,0.0,0.0,0.0,0.0,0.0,0.0,0.0,0.0,0.0,0.0,0.0,0.0,0.0,0.0,0.0,0.0,0.0,0.0,0.0,0.0,0.0,0.0,0.0,0.0,0.0,0.0,0.0,0.0,0.0,0.0,0.0,0.0,0.0,0.0,0.0,0.0,0.0,0.0,0.0,0.0,-0.025000000000000355,-0.09999999999999964,-0.17499999999999982,-0.25,-0.3250000000000002,-0.40000000000000036,-0.47499999999999964,-0.5499999999999998,-0.625,-0.7000000000000002,-0.7750000000000004,-0.8499999999999996,-0.9249999999999998,-1.0
-1.0,-0.9249999999999998,-0.8500000000000001,-0.7749999999999999,-0.7000000000000002,-0.625,-0.5499999999999998,-0.4750000000000001,-0.3999999999999999,-0.3250000000000002,-0.25,-0.17499999999999982,-0.10000000000000009,-0.02499999999999991,-0.22526321031300878,-0.15100947278182097,-0.07675573525063362,-0.0025019977194458143,-0.14419117821603056,-0.08314871499910437,-0.05374275479990098,0.01977214569810526,-0.10374217234672001,0.012711291679101233,0.030179311282974464,0.041824657685556765,0.008172153401438287,0.06365774351248454,0.06365774351248454,0.07662724930839371,0.08127842292276277,0.08527358650566619,0.1008599851156271,0.11413065682047696,0.11955945142808444,0.12407128933575251,0.125,0.125,0.125,0.125,0.125,0.125,0.125,0.125,0.125,0.125,0.125,0.125,0.125,0.125,0.125,0.125,0.125,0.125,0.125,0.125,0.125,0.125,0.125,0.125,0.125,0.125,0.125,0.125,0.125,0.125,0.04999999999999982,-0.025000000000000355,-0.09999999999999964,-0.17499999999999982,-0.25,-0.3250000000000002,-0.40000000000000036,-0.47499999999999964,-0.5499999999999998,-0.625,-0.7000000000000002,-0.7750000000000004,-0.8499999999999996,-0.9249999999999998,-1.0
-1.0,-0.9249999999999998,-0.8500000000000001,-0.7749999999999999,-0.7000000000000002,-0.625,-0.5499999999999998,-0.4750000000000001,-0.3999999999999999,-0.3250000000000002,-0.25,-0.17499999999999982,-0.10000000000000009,-0.02499999999999991,-0.22526321031300878,-0.15100947278182097,-0.07675573525063362,-0.0025019977194458143,-0.1272576552979081,-0.05374275479990187,-0.009633814501097682,0.01977214569810526,-0.06007212333703649,0.04182465768555632,0.04182465768555632,0.041824657685556765,0.053569454401385386,0.06365774351248499,0.06365774351248499,0.08527358650566574,0.08890943795481032,0.09533666694143017,0.11674280062809173,0.12328379533018419,0.13020548580125757,0.14617958948867438,0.16374841718671806,0.1887602173226952,0.21805346590398855,0.24233008282023194,0.25,0.25,0.25,0.25,0.25,0.25,0.25,0.25,0.25,0.25,0.25,0.25,0.25,0.25,0.25,0.25,0.25,0.25,0.25,0.25,0.25,0.25,0.25,0.25,0.20000000000000018,0.125,0.04999999999999982,-0.025000000000000355,-0.09999999999999964,-0.17499999999999982,-0.25,-0.3250000000000002,-0.40000000000000036,-0.47499999999999964,-0.5499999999999998,-0.625,-0.7000000000000002,-0.7750000000000004,-0.8499999999999996,-0.9249999999999998,-1.0
-1.0,-0.9249999999999998,-0.8500000000000001,-0.7749999999999999,-0.7000000000000002,-0.625,-0.5499999999999998,-0.4750000000000001,-0.3999999999999999,-0.3250000000000002,-0.25,-0.17499999999999982,-0.10000000000000009,-0.02499999999999991,-0.15100947278182097,-0.07675573525063362,-0.07675573525063362,-0.0025019977194458143,-0.1272576552979081,0.01977214569810526,0.01977214569810526,0.01977214569810526,0.016350462429908674,0.041824657685556765,0.041824657685556765,0.06365774351248499,0.06365774351248454,0.06365774351248499,0.08989615104620352,0.0978256626720877,0.10454068654012438,0.10785117160320556,0.12620967819704365,0.14813259474623042,0.17359720738330964,0.193760293161648,0.22641962794390746,0.22641962794390746,0.3139571609848979,0.3709758477701379,0.375,0.375,0.375,0.375,0.375,0.375,0.375,0.375,0.375,0.375,0.375,0.375,0.375,0.375,0.375,0.375,0.375,0.375,0.375,0.375,0.375,0.375,0.3500000000000001,0.2749999999999999,0.20000000000000018,0.125,0.04999999999999982,-0.025000000000000355,-0.09999999999999964,-0.17499999999999982,-0.25,-0.3250000000000002,-0.40000000000000036,-0.47499999999999964,-0.5499999999999998,-0.625,-0.7000000000000002,-0.7750000000000004,-0.8499999999999996,-0.9249999999999998,-1.0
-1.0,-0.9249999999999998,-0.8500000000000001,-0.7749999999999999,-0.7000000000000002,-0.625,-0.5499999999999998,-0.4750000000000001,-0.3999999999999999,-0.3250000000000002,-0.25,-0.17499999999999982,-0.10000000000000009,-0.02499999999999991,-0.15100947278182097,-0.07675573525063362,-0.0025019977194458143,-0.1272576552979081,-0.05374275479990098,0.01977214569810526,0.019772145698104815,-0.030958757330580955,0.041824657685556765,0.04182465768555632,0.041824657685556765,0.06365774351248499,0.06977839745198766,0.0805981036383594,0.09914128012727819,0.10486616036293084,0.11204156881226046,0.1367256556010319,0.1540623134582768,0.18155232393618403,0.21388866655142058,0.24131427765334434,0.2820917275768591,0.3735253523155604,0.41071477546810753,0.49697116360308025,0.5,0.5,0.5,0.5,0.5,0.5,0.5,0.5,0.5,0.5,0.5,0.5,0.5,0.5,0.5,0.5,0.5,0.5,0.5,0.5,0.5,0.4249999999999998,0.3500000000000001,0.2749999999999999,0.20000000000000018,0.125,0.04999999999999982,-0.025000000000000355,-0.09999999999999964,-0.17499999999999982,-0.25,-0.3250000000000002,-0.40000000000000036,-0.47499999999999964,-0.5499999999999998,-0.625,-0.7000000000000002,-0.7750000000000004,-0.8499999999999996,-0.9249999999999998,-1.0
-1.0,-0.9249999999999998,-0.8500000000000001,-0.7749999999999999,-0.7000000000000002,-0.625,-0.5499999999999998,-0.4750000000000001,-0.3999999999999999,-0.3250000000000002,-0.25,-0.17499999999999982,-0.10000000000000009,-0.02499999999999991,-0.15100947278182097,-0.07675573525063362,-0.0025019977194458143,-0.1272576552979081,-0.05374275479990098,0.01977214569810526,-0.03333901106116999,-0.011569255570282433,0.041824657685556765,0.04182465768555632,0.05365016071427364,0.07143944699003013,0.08070768526806216,0.08479873277695482,0.10891456285703693,0.11735670341517324,0.13721977960618004,0.16363128216169098,0.18601639052243257,0.2226689944599598,0.2937647809599122,0.3301898584388332,0.39899104075577396,0.46844236449694754,0.502041025395926,0.6162151377655567,0.625,0.625,0.625,0.625,0.625,0.625,0.625,0.625,0.625,0.625,0.625,0.625,0.625,0.625,0.625,0.625,0.625,0.625,0.625,0.5750000000000002,0.5,0.4249999999999998,0.3500000000000001,0.2749999999999999,0.20000000000000018,0.125,0.04999999999999982,-0.025000000000000355,-0.09999999999999964,-0.17499999999999982,-0.25,-0.3250000000000002,-0.40000000000000036,-0.47499999999999964,-0.5499999999999998,-0.625,-0.7000000000000002,-0.7750000000000004,-0.8499999999999996,-0.9249999999999998,-1.0
-1.0,-0.9249999999999998,-0.8500000000000001,-0.7749999999999999,-0.7000000000000002,-0.625,-0.5499999999999998,-0.4750000000000001,-0.3999999999999999,-0.3250000000000002,-0.25,-0.17499999999999982,-0.10000000000000009,-0.02499999999999991,-0.15100947278182097,-0.07675573525063362,-0.0025019977194458143,-0.1272576552979081,-0.05374275479990098,0.01977214569810526,-0.042604103733164145,0.0210959410889604,0.041824657685556765,0.05212827024265643,0.06245867829242213,0.08181505162675684,0.08527358650566574,0.09462542567164167,0.12010181559378452,0.1436585454973449,0.17669364416393307,0.2135215228959444,0.24476685578192203,0.288977236671091,0.3955009589118499,0.4338228790408929,0.5331604420281304,0.5617801266444553,0.6086667860381307,0.7133622267312945,0.75,0.75,0.75,0.75,0.75,0.75,0.75,0.75,0.75,0.75,0.75,0.75,0.75,0.75,0.75,0.75,0.75,0.7250000000000001,0.6499999999999999,0.5750000000000002,0.5,0.4249999999999998,0.3500000000000001,0.2749999999999999,0.20000000000000018,0.125,0.04999999999999982,-0.025000000000000355,-0.09999999999999964,-0.17499999999999982,-0.25,-0.3250000000000002,-0.40000000000000036,-0.47499999999999964,-0.5499999999999998,-0.625,-0.7000000000000002,-0.7750000000000004,-0.8499999999999996,-0.9249999999999998,-1.0
-1.0,-0.9249999999999998,-0.8500000000000001,-0.7749999999999999,-0.7000000000000002,-0.625,-0.5499999999999998,-0.4750000000000001,-0.3999999999999999,-0.3250000000000002,-0.25,-0.17499999999999982,-0.10000000000000009,-0.02499999999999991,-0.15100947278182097,-0.07675573525063362,-0.0025019977194458143,-0.08314871499910437,-0.0211021389787871,0.01977214569810526,0.012711291679101233,0.03879686762088541,0.05492450918171343,0.06365774351248454,0.06365774351248454,0.09135049162586117,0.10325644417541202,0.13045972377398174,0.1579370347744491,0.17991601890534925,0.21959423434623915,0.31472616691365984,0.3552145376457383,0.4415619345483768,0.4874616549695192,0.518474263308186,0.6444510494951019,0.7050458237575308,0.7375217317168081,0.8039334497135779,0.875,0.875,0.875,0.875,0.875,0.875,0.875,0.875,0.875,0.875,0.875,0.875,0.875,0.875,0.875,0.875,0.7999999999999998,0.7250000000000001,0.6499999999999999,0.5750000000000002,0.5,0.4249999999999998,0.3500000000000001,0.2749999999999999,0.20000000000000018,0.125,0.04999999999999982,-0.025000000000000355,-0.09999999999999964,-0.17499999999999982,-0.25,-0.3250000000000002,-0.40000000000000036,-0.47499999999999964,-0.5499999999999998,-0.625,-0.7000000000000002,-0.7750000000000004,-0.8499999999999996,-0.9249999999999998,-1.0
-1.0,-0.9249999999999998,-0.8500000000000001,-0.7749999999999999,-0.7000000000000002,-0.625,-0.5499999999999998,-0.4750000000000001,-0.3999999999999999,-0.3250000000000002,-0.25,-0.17499999999999982,-0.10000000000000009,-0.02499999999999991,-0.15100947278182097,-0.07675573525063362,-0.0025019977194458143,-0.05374275479990187,0.01212659604631261,0.01977214569810526,0.04182465768555632,0.04182465768555632,0.06365774351248499,0.06365774351248454,0.07940078803271566,0.10382634245306743,0.1355448390451124,0.17302116419244884,0.21669963196984288,0.25464589871937937,0.30261825943205256,0.418520810133282,0.4560403326941058,0.565701447602327,0.5832805916232957,0.6415348956189444,0.733796272044204,0.8301011113633181,0.8763752406494727,0.926910206120054,0.9986353624006867,1.0,1.0,1.0,1.0,1.0,1.0,1.0,1.0,1.0,1.0,1.0,1.0,1.0,0.9500000000000002,0.875,0.7999999999999998,0.7250000000000001,0.6499999999999999,0.5750000000000002,0.5,0.4249999999999998,0.3500000000000001,0.2749999999999999,0.20000000000000018,0.125,0.04999999999999982,-0.025000000000000355,-0.09999999999999964,-0.17499999999999982,-0.25,-0.3250000000000002,-0.40000000000000036,-0.47499999999999964,-0.5499999999999998,-0.625,-0.7000000000000002,-0.7750000000000004,-0.8499999999999996,-0.9249999999999998,-1.0
-1.0,-0.9249999999999998,-0.8500000000000001,-0.7749999999999999,-0.7000000000000002,-0.625,-0.5499999999999998,-0.4750000000000001,-0.3999999999999999,-0.3250000000000002,-0.25,-0.17499999999999982,-0.10000000000000009,-0.02499999999999991,-0.07675573525063362,-0.02180796947755459,-0.0025019977194458143,0.01977214569810526,0.01977214569810526,0.041824657685556765,0.04182465768555632,0.04182465768555632,0.07388770856583093,0.09393039083578136,0.12922948966191505,0.15920155766009003,0.17505568758832002,0.21686645104954927,0.3478941798392252,0.39075547804436983,0.5041324618889178,0.5041324618889178,0.5313265972386791,0.6702899753113638,0.7605765784360166,0.7764106730797256,0.8267022171342728,0.9060486880281999,1.025341407462498,1.1019057637299603,1.125,1.125,1.125,1.125,1.125,1.125,1.125,1.125,1.125,1.125,1.125,1.125,1.1,1.025,0.9500000000000002,0.875,0.7999999999999998,0.7250000000000001,0.6499999999999999,0.5750000000000002,0.5,0.4249999999999998,0.3500000000000001,0.2749999999999999,0.20000000000000018,0.125,0.04999999999999982,-0.025000000000000355,-0.09999999999999964,-0.17499999999999982,-0.25,-0.3250000000000002,-0.40000000000000036,-0.47499999999999964,-0.5499999999999998,-0.625,-0.7000000000000002,-0.7750000000000004,-0.8499999999999996,-0.9249999999999998,-1.0
-1.0,-0.9249999999999998,-0.8500000000000001,-0.7749999999999999,-0.7000000000000002,-0.625,-0.5499999999999998,-0.4750000000000001,-0.3999999999999999,-0.3250000000000002,-0.25,-0.17499999999999982,-0.10000000000000009,-0.02499999999999991,-0.07675573525063362,-0.0025019977194458143,-0.05374275479990098,0.01977214569810526,0.019772145698104815,0.041824657685556765,0.04182465768555632,0.06832676559901163,0.08806979055116138,0.12810345700861703,0.167659005252474,0.22120669938125292,0.2745166678800832,0.3274003104946923,0.4351608091370056,0.4697476103860394,0.5787678040614093,0.6083609508784631,0.6882972909186631,0.7509696290096524,0.8528996465701859,0.9202424837214476,0.9717865404194435,1.039632339256452,1.0966038112195882,1.1805721322713014,1.2332672012715922,1.25,1.25,1.25,1.25,1.25,1.25,1.25,1.25,1.25,1.25,1.1749999999999998,1.1,1.025,0.9500000000000002,0.875,0.7999999999999998,0.7250000000000001,0.6499999999999999,0.5750000000000002,0.5,0.4249999999999998,0.3500000000000001,0.2749999999999999,0.20000000000000018,0.125,0.04999999999999982,-0.025000000000000355,-0.09999999999999964,-0.17499999999999982,-0.25,-0.3250000000000002,-0.40000000000000036,-0.47499999999999964,-0.5499999999999998,-0.625,-0.7000000000000002,-0.7750000000000004,-0.8499999999999996,-0.9249999999999998,-1.0
-1.0,-0.9249999999999998,-0.8500000000000001,-0.7749999999999999,-0.7000000000000002,-0.625,-0.5499999999999998,-0.4750000000000001,-0.3999999999999999,-0.3250000000000002,-0.25,-0.17499999999999982,-0.10000000000000009,-0.02499999999999991,-0.07675573525063362,-0.0025019977194458143,-0.05374275479990098,0.01977214569810526,-0.0020421426042296353,0.041824657685556765,0.05904595420455294,0.08925253077538953,0.12137915769887497,0.1718346448479,0.2158492270518808,0.26574800119618613,0.36518508422792695,0.4020827581741051,0.5211030216026593,0.5438242223595293,0.6325266066129838,0.6853481625463942,0.7840468955310873,0.8535829481696997,0.9192029567719779,0.985971930819938,1.0407646299450783,1.1244238428788231,1.1763608633236622,1.2381202008373906,1.298638728303428,1.3561222338554944,1.375,1.375,1.375,1.375,1.375,1.375,1.375,1.3250000000000002,1.25,1.1749999999999998,1.1,1.025,0.9500000000000002,0.875,0.7999999999999998,0.7250000000000001,0.6499999999999999,0.5750000000000002,0.5,0.4249999999999998,0.3500000000000001,0.2749999999999999,0.20000000000000018,0.125,0.04999999999999982,-0.025000000000000355,-0.09999999999999964,-0.17499999999999982,-0.25,-0.3250000000000002,-0.40000000000000036,-0.47499999999999964,-0.5499999999999998,-0.625,-0.7000000000000002,-0.7750000000000004,-0.8499999999999996,-0.9249999999999998,-1.0
-1.0,-0.9249999999999998,-0.8500000000000001,-0.7749999999999999,-0.7000000000000002,-0.625,-0.5499999999999998,-0.4750000000000001,-0.3999999999999999,-0.3250000000000002,-0.25,-0.17499999999999982,-0.10000000000000009,-0.02499999999999991,-0.07675573525063362,-0.0025019977194458143,-0.05374275479990098,0.01977214569810526,0.030179311282974464,0.04968456858325032,0.07143944699002969,0.11869508176671317,0.1638658106724118,0.22037191490930397,0.2807717644224754,0.336531135091114,0.4516455958345229,0.48527115383789354,0.5894501932036029,0.624120476243222,0.6995511028278867,0.7698410008508301,0.8756326735689708,0.942641613755411,0.9856651689438356,1.05536530689842,1.114743589973365,1.2003244758643021,1.2544075676481685,1.30427126763129,1.3727138196898208,1.4401073478948667,1.5,1.5,1.5,1.5,1.5,1.475,1.4,1.3250000000000002,1.25,1.1749999999999998,1.1,1.025,0.9500000000000002,0.875,0.7999999999999998,0.7250000000000001,0.6499999999999999,0.5750000000000002,0.5,0.4249999999999998,0.3500000000000001,0.2749999999999999,0.20000000000000018,0.125,0.04999999999999982,-0.025000000000000355,-0.09999999999999964,-0.17499999999999982,-0.25,-0.3250000000000002,-0.40000000000000036,-0.47499999999999964,-0.5499999999999998,-0.625,-0.7000000000000002,-0.7750000000000004,-0.8499999999999996,-0.9249999999999998,-1.0
-1.0,-0.9249999999999998,-0.8500000000000001,-0.7749999999999999,-0.7000000000000002,-0.625,-0.5499999999999998,-0.4750000000000001,-0.3999999999999999,-0.3250000000000002,-0.25,-0.17499999999999982,-0.10000000000000009,-0.02499999999999991,-0.07675573525063362,-0.0025019977194458143,-0.009633814501097682,0.01977214569810526,0.04182465768555632,0.07967141567272895,0.11925067155473812,0.17268453707892517,0.21666561132391093,0.2629953171022339,0.390122821311073,0.4150640770892382,0.5386816589431971,0.5545138746423328,0.6343835181392901,0.7001911534070981,0.8160551573064871,0.8862537279571274,0.9261919050620964,0.9939193374101243,1.0574759400139244,1.1518425180472993,1.199688656294275,1.2466014476582319,1.3124239677669192,1.3759502084239186,1.489205254243898,1.5598642996428702,1.5992304863472617,1.625,1.625,1.625,1.5499999999999998,1.475,1.4,1.3250000000000002,1.25,1.1749999999999998,1.1,1.025,0.9500000000000002,0.875,0.7999999999999998,0.7250000000000001,0.6499999999999999,0.5750000000000002,0.5,0.4249999999999998,0.3500000000000001,0.2749999999999999,0.20000000000000018,0.125,0.04999999999999982,-0.025000000000000355,-0.09999999999999964,-0.17499999999999982,-0.25,-0.3250000000000002,-0.40000000000000036,-0.47499999999999964,-0.5499999999999998,-0.625,-0.7000000000000002,-0.7750000000000004,-0.8499999999999996,-0.9249999999999998,-1.0
-1.0,-0.9249999999999998,-0.8500000000000001,-0.7749999999999999,-0.7000000000000002,-0.625,-0.5499999999999998,-0.4750000000000001,-0.3999999999999999,-0.3250000000000002,-0.25,-0.17499999999999982,-0.10000000000000009,-0.02499999999999991,-0.07675573525063362,-0.0025019977194458143,0.01977214569810526,0.03300365289057572,0.05492450918171343,0.10924427352669452,0.1588992734028789,0.21840002976300177,0.29075744375407364,0.3537372426691352,0.4627712070427161,0.5027495373232775,0.5957140009913449,0.6435239118124101,0.7172583954148279,0.7917142716727188,0.8925632525247602,0.9585682589215663,1.0043694162841625,1.076552188030173,1.1341395275293382,1.2152967889960082,1.274443756652562,1.3271099599089022,1.3984456317404201,1.4695462120089178,1.5689507706545105,1.6400970529949905,1.682914657534723,1.75,1.7000000000000002,1.625,1.5499999999999998,1.475,1.4,1.3250000000000002,1.25,1.1749999999999998,1.1,1.025,0.9500000000000002,0.875,0.7999999999999998,0.7250000000000001,0.6499999999999999,0.5750000000000002,0.5,0.4249999999999998,0.3500000000000001,0.2749999999999999,0.20000000000000018,0.125,0.04999999999999982,-0.025000000000000355,-0.09999999999999964,-0.17499999999999982,-0.25,-0.3250000000000002,-0.40000000000000036,-0.47499999999999964,-0.5499999999999998,-0.625,-0.7000000000000002,-0.7750000000000004,-0.8499999999999996,-0.9249999999999998,-1.0
-1.0,-0.9249999999999998,-0.8500000000000001,-0.7749999999999999,-0.7000000000000002,-0.625,-0.5499999999999998,-0.4750000000000001,-0.3999999999999999,-0.3250000000000002,-0.25,-0.17499999999999982,-0.10000000000000009,-0.02499999999999991,-0.0025019977194458143,-0.0025019977194458143,0.01977214569810526,0.0746630146173537,0.12667750045107962,0.1804157988888555,0.221350951287548,0.2596759921513918,0.42544631093589547,0.42544631093589547,0.5608567205054547,0.5608567205054547,0.6333337684599329,0.7122426244846274,0.858133879248826,0.9266702177744002,0.9266702177744002,0.996680387442042,1.0731385443324284,1.1838749930180408,1.2260284332364133,1.2508973801845495,1.3222728141363143,1.3941031619484732,1.5372015106501196,1.608749758156521,1.608749758156521,1.7621437669672364,1.8396970899162934,1.775,1.7000000000000002,1.625,1.5499999999999998,1.475,1.4,1.3250000000000002,1.25,1.1749999999999998,1.1,1.025,0.9500000000000002,0.875,0.7999999999999998,0.7250000000000001,0.6499999999999999,0.5750000000000002,0.5,0.4249999999999998,0.3500000000000001,0.2749999999999999,0.20000000000000018,0.125,0.04999999999999982,-0.025000000000000355,-0.09999999999999964,-0.17499999999999982,-0.25,-0.3250000000000002,-0.40000000000000036,-0.47499999999999964,-0.5499999999999998,-0.625,-0.7000000000000002,-0.7750000000000004,-0.8499999999999996,-0.9249999999999998,-1.0
-1.0,-0.9249999999999998,-0.8500000000000001,-0.7749999999999999,-0.7000000000000002,-0.625,-0.5499999999999998,-0.4750000000000001,-0.3999999999999999,-0.3250000000000002,-0.25,-0.17499999999999982,-0.10000000000000009,-0.02499999999999991,-0.0025019977194458143,0.01977214569810526,0.041824657685556765,0.09667355682709244,0.14558730114044938,0.20992635035389196,0.304443945573865,0.38491517902644445,0.4579512563924162,0.5252514550251279,0.591475234458062,0.6719594696479438,0.7477673380192487,0.8205019508721554,0.8930120897681035,0.9584351436501972,1.0355375880614275,1.1103778427207602,1.1563492412656105,1.2191464513160415,1.2906131654438324,1.3626930464763336,1.4351971025959673,1.5070021256878237,1.5789425450015742,1.651012570606338,1.7230924516388393,1.8154951151100756,1.85,1.775,1.7000000000000002,1.625,1.5499999999999998,1.475,1.4,1.3250000000000002,1.25,1.1749999999999998,1.1,1.025,0.9500000000000002,0.875,0.7999999999999998,0.7250000000000001,0.6499999999999999,0.5750000000000002,0.5,0.4249999999999998,0.3500000000000001,0.2749999999999999,0.20000000000000018,0.125,0.04999999999999982,-0.025000000000000355,-0.09999999999999964,-0.17499999999999982,-0.25,-0.3250000000000002,-0.40000000000000036,-0.47499999999999964,-0.5499999999999998,-0.625,-0.7000000000000002,-0.7750000000000004,-0.8499999999999996,-0.9249999999999998,-1.0
-1.0,-0.9249999999999998,-0.8500000000000001,-0.7749999999999999,-0.7000000000000002,-0.625,-0.5499999999999998,-0.4750000000000001,-0.3999999999999999,-0.3250000000000002,-0.25,-0.17499999999999982,-0.10000000000000009,-0.02499999999999991,-0.0025019977194458143,0.01977214569810526,0.06035111754935629,0.11134725163358539,0.16920205095117113,0.25973730388879046,0.3478101872815762,0.42213864841689475,0.49075379809225406,0.5565330465770171,0.6343926458518485,0.713573391577186,0.7871406510994405,0.86014105163595,0.9271761926704731,1.0014171293663987,1.0787264566623822,1.1296661723160972,1.184600968688277,1.2555627842478425,1.3280729231437904,1.400940093804431,1.473375984327108,1.5456282260227154,1.618113478727582,1.6906236176235299,1.7802396146843606,1.849192417041249,1.85,1.775,1.7000000000000002,1.625,1.5499999999999998,1.475,1.4,1.3250000000000002,1.25,1.1749999999999998,1.1,1.025,0.9500000000000002,0.875,0.7999999999999998,0.7250000000000001,0.6499999999999999,0.5750000000000002,0.5,0.4249999999999998,0.3500000000000001,0.2749999999999999,0.20000000000000018,0.125,0.04999999999999982,-0.025000000000000355,-0.09999999999999964,-0.17499999999999982,-0.25,-0.3250000000000002,-0.40000000000000036,-0.47499999999999964,-0.5499999999999998,-0.625,-0.7000000000000002,-0.7750000000000004,-0.8499999999999996,-0.9249999999999998,-1.0
-1.0,-0.9249999999999998,-0.8500000000000001,-0.7749999999999999,-0.7000000000000002,-0.625,-0.5499999999999998,-0.4750000000000001,-0.3999999999999999,-0.3250000000000002,-0.25,-0.17499999999999982,-0.10000000000000009,-0.02499999999999991,-0.0025019977194458143,0.01977214569810526,0.08505306403442248,0.1333978673389673,0.203137446807367,0.30189313292283315,0.3786445153180542,0.452042378138962,0.5195932398116694,0.5872221149067203,0.6708045134994038,0.7456338294225926,0.8190316922435006,0.8924295550644084,0.9578737385493348,1.038175342185653,1.1126231435271319,1.1560523643935199,1.2251430543184958,1.2981434548550048,1.3711438553915143,1.444620298280947,1.5172074972181822,1.5901450570010418,1.663145457537551,1.7361458580740603,1.8319540694970802,1.885157441730595,1.85,1.775,1.7000000000000002,1.625,1.5499999999999998,1.475,1.4,1.3250000000000002,1.25,1.1749999999999998,1.1,1.025,0.9500000000000002,0.875,0.7999999999999998,0.7250000000000001,0.6499999999999999,0.5750000000000002,0.5,0.4249999999999998,0.3500000000000001,0.2749999999999999,0.20000000000000018,0.125,0.04999999999999982,-0.025000000000000355,-0.09999999999999964,-0.17499999999999982,-0.25,-0.3250000000000002,-0.40000000000000036,-0.47499999999999964,-0.5499999999999998,-0.625,-0.7000000000000002,-0.7750000000000004,-0.8499999999999996,-0.9249999999999998,-1.0
-1.0,-0.9249999999999998,-0.8500000000000001,-0.7749999999999999,-0.7000000000000002,-0.625,-0.5499999999999998,-0.4750000000000001,-0.3999999999999999,-0.3250000000000002,-0.25,-0.17499999999999982,-0.10000000000000009,-0.02499999999999991,-0.0025019977194458143,0.050959902166286764,0.09328704619611194,0.15845092685533047,0.26436645280414606,0.34679271303794823,0.42075091575586354,0.4873269128654276,0.5530265828403811,0.6390108086189106,0.7165837266275243,0.7905419293454397,0.864500132063355,0.9284163158534682,1.0097653110538585,1.086374740217101,1.1224956531682062,1.1860210063480394,1.2594188691689472,1.332816731989855,1.4068156281333994,1.4797711384159782,1.5530103204525783,1.6264081832734858,1.6998060460943938,1.8020002004112317,1.8542043753650461,1.919999634557117,1.85,1.775,1.7000000000000002,1.625,1.5499999999999998,1.475,1.4,1.3250000000000002,1.25,1.1749999999999998,1.1,1.025,0.9500000000000002,0.875,0.7999999999999998,0.7250000000000001,0.6499999999999999,0.5750000000000002,0.5,0.4249999999999998,0.3500000000000001,0.2749999999999999,0.20000000000000018,0.125,0.04999999999999982,-0.025000000000000355,-0.09999999999999964,-0.17499999999999982,-0.25,-0.3250000000000002,-0.40000000000000036,-0.47499999999999964,-0.5499999999999998,-0.625,-0.7000000000000002,-0.7750000000000004,-0.8499999999999996,-0.9249999999999998,-1.0
-1.0,-0.9249999999999998,-0.8500000000000001,-0.7749999999999999,-0.7000000000000002,-0.625,-0.5499999999999998,-0.4750000000000001,-0.3999999999999999,-0.3250000000000002,-0.25,-0.17499999999999982,-0.10000000000000009,-0.02499999999999991,-0.0025019977194458143,0.07175173981174154,0.1249181048842023,0.19887630760211739,0.2945129524053045,0.3687666899364923,0.4430204274676799,0.5123526945933001,0.5824000772176687,0.6657816400612426,0.7400353775924304,0.8142891151236182,0.8885428526548058,0.9561019109007918,1.0370503277171812,1.111304065248369,1.1603329429350162,1.2342911456529315,1.3082493483708468,1.382207551088762,1.4565664426884353,1.5301239565245925,1.6040821592425076,1.6780403619604232,1.7519985646783383,1.8451542950602071,1.899914970114169,1.9249999999999998,1.85,1.775,1.7000000000000002,1.625,1.5499999999999998,1.475,1.4,1.3250000000000002,1.25,1.1749999999999998,1.1,1.025,0.9500000000000002,0.875,0.7999999999999998,0.7250000000000001,0.6499999999999999,0.5750000000000002,0.5,0.4249999999999998,0.3500000000000001,0.2749999999999999,0.20000000000000018,0.125,0.04999999999999982,-0.025000000000000355,-0.09999999999999964,-0.17499999999999982,-0.25,-0.3250000000000002,-0.40000000000000036,-0.47499999999999964,-0.5499999999999998,-0.625,-0.7000000000000002,-0.7750000000000004,-0.8499999999999996,-0.9249999999999998,-1.0
-1.0,-0.9249999999999998,-0.8500000000000001,-0.7749999999999999,-0.7000000000000002,-0.625,-0.5499999999999998,-0.4750000000000001,-0.3999999999999999,-0.3250000000000002,-0.25,-0.17499999999999982,-0.10000000000000009,-0.02499999999999991,0.04999999999999982,0.07175173981174154,0.14600547734292935,0.2749999999999999,0.3500000000000001,0.42500000000000004,0.4875726699863925,0.5519506969652683,0.6499999999999999,0.7250000000000001,0.8,0.875,0.9330950951735182,1.025,1.1,1.111304065248369,1.1855578027795564,1.2598115403107442,1.3340652778419315,1.40933080505304,1.4825727529043071,1.5568264904354945,1.6310802279666823,1.7053339654978699,1.828063868090505,1.8538414405602452,1.9280951780914328,1.9249999999999998,1.85,1.775,1.7000000000000002,1.625,1.5499999999999998,1.475,1.4,1.3250000000000002,1.25,1.1749999999999998,1.1,1.025,0.9500000000000002,0.875,0.7999999999999998,0.7250000000000001,0.6499999999999999,0.5750000000000002,0.5,0.4249999999999998,0.3500000000000001,0.2749999999999999,0.20000000000000018,0.125,0.04999999999999982,-0.025000000000000355,-0.09999999999999964,-0.17499999999999982,-0.25,-0.3250000000000002,-0.40000000000000036,-0.47499999999999964,-0.5499999999999998,-0.625,-0.7000000000000002,-0.7750000000000004,-0.8499999999999996,-0.9249999999999998,-1.0
-1.0,-0.9249999999999998,-0.8500000000000001,-0.7749999999999999,-0.7000000000000002,-0.625,-0.5499999999999998,-0.4750000000000001,-0.3999999999999999,-0.3250000000000002,-0.25,-0.17499999999999982,-0.10000000000000009,-0.02499999999999991,0.04999999999999982,0.125,0.20000000000000018,0.2749999999999999,0.3500000000000001,0.42500000000000004,0.5,0.575,0.6499999999999999,0.7250000000000001,0.8,0.875,0.95,1.025,1.1,1.175,1.25,1.325,1.4,1.475,1.55,1.625,1.7,1.775,1.85,1.925,2.0,1.9249999999999998,1.85,1.775,1.7000000000000002,1.625,1.5499999999999998,1.475,1.4,1.3250000000000002,1.25,1.1749999999999998,1.1,1.025,0.9500000000000002,0.875,0.7999999999999998,0.7250000000000001,0.6499999999999999,0.5750000000000002,0.5,0.4249999999999998,0.3500000000000001,0.2749999999999999,0.20000000000000018,0.125,0.04999999999999982,-0.025000000000000355,-0.09999999999999964,-0.17499999999999982,-0.25,-0.3250000000000002,-0.40000000000000036,-0.47499999999999964,-0.5499999999999998,-0.625,-0.7000000000000002,-0.7750000000000004,-0.8499999999999996,-0.9249999999999998,-1.0
-1.0,-0.9249999999999998,-0.8500000000000001,-0.7749999999999999,-0.7000000000000002,-0.625,-0.5499999999999998,-0.4750000000000001,-0.3999999999999999,-0.3250000000000002,-0.25,-0.17499999999999982,-0.10000000000000009,-0.02499999999999991,0.04999999999999982,0.125,0.20000000000000018,0.2749999999999999,0.3500000000000001,0.42500000000000004,0.5,0.575,0.6499999999999999,0.7250000000000001,0.8,0.875,0.95,1.025,1.1,1.175,1.25,1.325,1.4,1.475,1.55,1.625,1.7,1.775,1.85,1.925,2.0,1.9249999999999998,1.85,1.775,1.7000000000000002,1.625,1.5499999999999998,1.475,1.4,1.3250000000000002,1.25,1.1749999999999998,1.1,1.025,0.9500000000000002,0.875,0.7999999999999998,0.7250000000000001,0.6499999999999999,0.5750000000000002,0.5,0.4249999999999998,0.3500000000000001,0.2749999999999999,0.20000000000000018,0.125,0.04999999999999982,-0.025000000000000355,-0.09999999999999964,-0.17499999999999982,-0.25,-0.3250000000000002,-0.40000000000000036,-0.47499999999999964,-0.5499999999999998,-0.625,-0.7000000000000002,-0.7750000000000004,-0.8499999999999996,-0.9249999999999998,-1.0
-1.0,-0.9249999999999998,-0.8500000000000001,-0.7749999999999999,-0.7000000000000002,-0.625,-0.5499999999999998,-0.4750000000000001,-0.3999999999999999,-0.3250000000000002,-0.25,-0.17499999999999982,-0.10000000000000009,-0.02499999999999991,0.04999999999999982,0.125,0.20000000000000018,0.2749999999999999,0.3500000000000001,0.42500000000000004,0.5,0.575,0.6499999999999999,0.7250000000000001,0.8,0.875,0.95,1.025,1.1,1.175,1.25,1.325,1.4,1.475,1.55,1.625,1.7,1.775,1.85,1.925,2.0,1.9249999999999998,1.85,1.775,1.7000000000000002,1.625,1.5499999999999998,1.475,1.4,1.3250000000000002,1.25,1.1749999999999998,1.1,1.025,0.9500000000000002,0.875,0.7999999999999998,0.7250000000000001,0.6499999999999999,0.5750000000000002,0.5,0.4249999999999998,0.3500000000000001,0.2749999999999999,0.20000000000000018,0.125,0.04999999999999982,-0.025000000000000355,-0.09999999999999964,-0.17499999999999982,-0.25,-0.3250000000000002,-0.40000000000000036,-0.47499999999999964,-0.5499999999999998,-0.625,-0.7000000000000002,-0.7750000000000004,-0.8499999999999996,-0.9249999999999998,-1.0
-1.0,-0.9249999999999998,-0.8500000000000001,-0.7749999999999999,-0.7000000000000002,-0.625,-0.5499999999999998,-0.4750000000000001,-0.3999999999999999,-0.3250000000000002,-0.25,-0.17499999999999982,-0.10000000000000009,-0.02499999999999991,0.04999999999999982,0.125,0.20000000000000018,0.2749999999999999,0.3500000000000001,0.42500000000000004,0.5,0.575,0.6499999999999999,0.7250000000000001,0.8,0.875,0.95,1.025,1.1,1.175,1.25,1.325,1.4,1.475,1.55,1.625,1.7,1.775,1.85,1.925,2.0,1.9249999999999998,1.85,1.775,1.7000000000000002,1.625,1.5499999999999998,1.475,1.4,1.3250000000000002,1.25,1.1749999999999998,1.1,1.025,0.9500000000000002,0.875,0.7999999999999998,0.7250000000000001,0.6499999999999999,0.5750000000000002,0.5,0.4249999999999998,0.3500000000000001,0.2749999999999999,0.20000000000000018,0.125,0.04999999999999982,-0.025000000000000355,-0.09999999999999964,-0.17499999999999982,-0.25,-0.3250000000000002,-0.40000000000000036,-0.47499999999999964,-0.5499999999999998,-0.625,-0.7000000000000002,-0.7750000000000004,-0.8499999999999996,-0.9249999999999998,-1.0
-1.0,-0.9249999999999998,-0.8500000000000001,-0.7749999999999999,-0.7000000000000002,-0.625,-0.5499999999999998,-0.4750000000000001,-0.3999999999999999,-0.3250000000000002,-0.25,-0.17499999999999982,-0.10000000000000009,-0.02499999999999991,0.04999999999999982,0.125,0.20000000000000018,0.2749999999999999,0.3500000000000001,0.42500000000000004,0.5,0.575,0.6499999999999999,0.7250000000000001,0.8,0.875,0.95,1.025,1.1,1.175,1.25,1.325,1.4,1.475,1.55,1.625,1.7,1.775,1.85,1.925,2.0,1.9249999999999998,1.85,1.775,1.7000000000000002,1.625,1.5499999999999998,1.475,1.4,1.3250000000000002,1.25,1.1749999999999998,1.1,1.025,0.9500000000000002,0.875,0.7999999999999998,0.7250000000000001,0.6499999999999999,0.5750000000000002,0.5,0.4249999999999998,0.3500000000000001,0.2749999999999999,0.20000000000000018,0.125,0.04999999999999982,-0.025000000000000355,-0.09999999999999964,-0.17499999999999982,-0.25,-0.3250000000000002,-0.40000000000000036,-0.47499999999999964,-0.5499999999999998,-0.625,-0.7000000000000002,-0.7750000000000004,-0.8499999999999996,-0.9249999999999998,-1.0
-1.0,-0.9249999999999998,-0.8500000000000001,-0.7749999999999999,-0.7000000000000002,-0.625,-0.5499999999999998,-0.4750000000000001,-0.3999999999999999,-0.3250000000000002,-0.25,-0.17499999999999982,-0.10000000000000009,-0.02499999999999991,0.04999999999999982,0.125,0.20000000000000018,0.2749999999999999,0.3500000000000001,0.42500000000000004,0.5,0.575,0.6499999999999999,0.7250000000000001,0.8,0.875,0.95,1.025,1.1,1.175,1.25,1.325,1.4,1.475,1.55,1.625,1.7,1.775,1.85,1.925,1.9414608508470463,1.8538414405602452,1.85,1.70533396549787,1.6811681603986157,1.5568264904354945,1.4825727529043071,1.4083190153731193,1.334065277841932,1.302136170703521,1.1855578027795564,1.111304065248369,1.0541286873493543,0.9627965901859938,0.8885428526548058,0.814289115123618,0.7400353775924304,0.6657816400612426,0.5915279025300553,0.5595987953916448,0.44302042746767967,0.3687666899364923,0.3368375827980814,0.22025921487411715,0.18833010773570624,0.1186466240419497,0.01457636191272682,-0.025000000000000355,-0.09999999999999964,-0.17499999999999982,-0.25,-0.3250000000000002,-0.40000000000000036,-0.47499999999999964,-0.5499999999999998,-0.625,-0.7000000000000002,-0.7750000000000004,-0.8499999999999996,-0.9249999999999998,-1.0
-1.0,-0.9249999999999998,-0.8500000000000001,-0.7749999999999999,-0.7000000000000002,-0.625,-0.5499999999999998,-0.4750000000000001,-0.3999999999999999,-0.3250000000000002,-0.25,-0.17499999999999982,-0.10000000000000009,-0.02499999999999991,0.04999999999999982,0.125,0.20000000000000018,0.2749999999999999,0.3500000000000001,0.42500000000000004,0.5,0.575,0.6499999999999999,0.7250000000000001,0.8,0.875,0.95,1.025,1.1,1.175,1.25,1.325,1.4,1.475,1.55,1.625,1.7,1.775,1.85,1.925,1.8978014545158741,1.8538414405602452,1.7499293793020345,1.697316847841257,1.6020573040881947,1.5281212664812749,1.454185228874355,1.3802491912674353,1.324331655772577,1.2323771160535957,1.1584410784466757,1.0917756644990086,1.010569003232836,0.9366329656259162,0.8626969280189962,0.7887608904120764,0.7148248528051564,0.6408888151982366,0.5849712797033784,0.49301673998439677,0.41908070237747697,0.36316316688261874,0.27120862716363736,0.2152910916687789,0.14330070905419312,0.056671138002130306,-0.0025019977194462584,-0.025000000000000355,-0.09999999999999964,-0.17499999999999982,-0.25,-0.3250000000000002,-0.40000000000000036,-0.47499999999999964,-0.5499999999999998,-0.625,-0.7000000000000002,-0.7750000000000004,-0.8499999999999996,-0.9249999999999998,-1.0
-1.0,-0.9249999999999998,-0.8500000000000001,-0.7749999999999999,-0.7000000000000002,-0.625,-0.5499999999999998,-0.4750000000000001,-0.3999999999999999,-0.3250000000000002,-0.25,-0.17499999999999982,-0.10000000000000009,-0.02499999999999991,0.04999999999999982,0.125,0.20000000000000018,0.2749999999999999,0.3500000000000001,0.42500000000000004,0.5,0.575,0.6499999999999999,0.7250000000000001,0.8,0.875,0.95,1.025,1.1,1.175,1.25,1.325,1.4,1.475,1.55,1.625,1.7,1.775,1.85,1.925,1.8576446581482733,1.8112392329646105,1.7072017983709369,1.6530103190720369,1.5513646272086947,1.4779849783762857,1.4046053295438763,1.338896543170263,1.2817310230508605,1.1844663830466489,1.1141819945046307,1.0473448888371188,0.9643274365494214,0.8909477877170116,0.8175681388846023,0.7441884900521931,0.6708088412197837,0.6051000548461707,0.5479345347267679,0.4506698947225558,0.38496110834894304,0.32779558822954,0.23820181068412438,0.18953546004624577,0.11333102608230927,0.02940994915339301,-0.0025019977194462584,-0.025000000000000355,-0.09999999999999964,-0.17499999999999982,-0.25,-0.3250000000000002,-0.40000000000000036,-0.47499999999999964,-0.5499999999999998,-0.625,-0.7000000000000002,-0.7750000000000004,-0.8499999999999996,-0.9249999999999998,-1.0
-1.0,-0.9249999999999998,-0.8500000000000001,-0.7749999999999999,-0.7000000000000002,-0.625,-0.5499999999999998,-0.4750000000000001,-0.3999999999999999,-0.3250000000000002,-0.25,-0.17499999999999982,-0.10000000000000009,-0.02499999999999991,0.04999999999999982,0.125,0.20000000000000018,0.2749999999999999,0.3500000000000001,0.42500000000000004,0.5,0.575,0.6499999999999999,0.7250000000000001,0.8,0.875,0.95,1.025,1.1,1.175,1.25,1.325,1.4,1.475,1.55,1.625,1.7,1.775,1.85,1.8840716539425686,1.8395079854728889,1.7365764923841933,1.683815272429136,1.5867848568771965,1.5138213617602863,1.4408578666433756,1.371160022050344,1.3152675815328738,1.2219673812926442,1.150321604808176,1.0842464299682324,1.0030768959419127,0.930113400825002,0.8571499057080914,0.7841864105911811,0.7112229154742704,0.6415250708812388,0.5856326303637689,0.49233243012353856,0.42263458553050737,0.36674214501303726,0.2767075952966864,0.22443343335205723,0.15136535505267856,0.06675082662204446,0.019772145698104815,-0.0025019977194462584,-0.025000000000000355,-0.09999999999999964,-0.17499999999999982,-0.25,-0.3250000000000002,-0.40000000000000036,-0.47499999999999964,-0.5499999999999998,-0.625,-0.7000000000000002,-0.7750000000000004,-0.8499999999999996,-0.9249999999999998,-1.0
-1.0,-0.9249999999999998,-0.8500000000000001,-0.7749999999999999,-0.7000000000000002,-0.625,-0.5499999999999998,-0.4750000000000001,-0.3999999999999999,-0.3250000000000002,-0.25,-0.17499999999999982,-0.10000000000000009,-0.02499999999999991,0.04999999999999982,0.125,0.20000000000000018,0.2749999999999999,0.3500000000000001,0.42500000000000004,0.5,0.575,0.6499999999999999,0.7250000000000001,0.8,0.875,0.95,1.025,1.1,1.175,1.25,1.325,1.4,1.475,1.55,1.625,1.7,1.775,1.85,1.8536888628891905,1.783680821024341,1.702507959545831,1.630618241337749,1.5421945667788854,1.469722223206029,1.3986401370392194,1.3377641927948107,1.2657841714645435,1.1803938299731838,1.1126007352521572,1.0403270480228017,0.9624158181960345,0.8899434746231776,0.8174711310503213,0.7449987874774653,0.6739167013106555,0.613040757066247,0.5410607357359796,0.4564996705920865,0.39562372634767784,0.3250339624234575,0.25221941792474967,0.19364896720832148,0.11462242260109168,0.04726354393946686,0.019772145698104815,-0.0025019977194462584,-0.025000000000000355,-0.09999999999999964,-0.17499999999999982,-0.25,-0.3250000000000002,-0.40000000000000036,-0.47499999999999964,-0.5499999999999998,-0.625,-0.7000000000000002,-0.7750000000000004,-0.8499999999999996,-0.9249999999999998,-1.0
-1.0,-0.9249999999999998,-0.8500000000000001,-0.7749999999999999,-0.7000000000000002,-0.625,-0.5499999999999998,-0.4750000000000001,-0.3999999999999999,-0.3250000000000002,-0.25,-0.17499999999999982,-0.10000000000000009,-0.02499999999999991,0.04999999999999982,0.125,0.20000000000000018,0.2749999999999999,0.3500000000000001,0.42500000000000004,0.5,0.575,0.6499999999999999,0.7250000000000001,0.8,0.875,0.95,1.025,1.1,1.175,1.25,1.325,1.4,1.475,1.55,1.625,1.7,1.775,1.85,1.8196870031231667,1.7270428112347076,1.6666631625882302,1.574262289872826,1.5022338873995214,1.430797347295118,1.3655486798617194,1.3033635505346344,1.214359099163929,1.145066379250586,1.0770098238362822,0.9980350700863874,0.9260066676130823,0.8539782651397771,0.7819498626664727,0.7105133225620694,0.6452646551286709,0.5830795258015857,0.4944281151421548,0.4291794477087565,0.36758618075057314,0.28577841499246004,0.23134392459954745,0.15646623903855694,0.08003973910261131,0.04182465768555632,0.019772145698104815,-0.0025019977194462584,-0.025000000000000355,-0.09999999999999964,-0.17499999999999982,-0.25,-0.3250000000000002,-0.40000000000000036,-0.47499999999999964,-0.5499999999999998,-0.625,-0.7000000000000002,-0.7750000000000004,-0.8499999999999996,-0.9249999999999998,-1.0
-1.0,-0.9249999999999998,-0.8500000000000001,-0.7749999999999999,-0.7000000000000002,-0.625,-0.5499999999999998,-0.4750000000000001,-0.3999999999999999,-0.3250000000000002,-0.25,-0.17499999999999982,-0.10000000000000009,-0.02499999999999991,0.04999999999999982,0.125,0.20000000000000018,0.2749999999999999,0.3500000000000001,0.42500000000000004,0.5,0.575,0.6499999999999999,0.7250000000000001,0.8,0.875,0.95,1.025,1.1,1.175,1.25,1.325,1.4,1.475,1.55,1.625,1.7,1.775,1.764070134005285,1.764070134005285,1.6925570722637522,1.532086605062891,1.532086605062891,1.3928849408537232,1.3928849408537232,1.3320573742316388,1.2240465056969259,1.1758583104604616,1.0471000871669824,1.034220267802327,0.9595887133297494,0.8164642403964635,0.8164642403964635,0.6899300415538545,0.6772625761872955,0.6164350095652111,0.4625758667873674,0.4625758667873674,0.32733714085511023,0.32733714085511023,0.2630718960696927,0.12100856914366487,0.12100856914366487,0.04269798111863343,0.04182465768555632,0.019772145698104815,-0.02180796947755459,-0.025000000000000355,-0.09999999999999964,-0.17499999999999982,-0.25,-0.3250000000000002,-0.40000000000000036,-0.47499999999999964,-0.5499999999999998,-0.625,-0.7000000000000002,-0.7750000000000004,-0.8499999999999996,-0.9249999999999998,-1.0
-1.0,-0.9249999999999998,-0.8500000000000001,-0.7749999999999999,-0.7000000000000002,-0.625,-0.5499999999999998,-0.4750000000000001,-0.3999999999999999,-0.3250000000000002,-0.25,-0.17499999999999982,-0.10000000000000009,-0.02499999999999991,0.04999999999999982,0.125,0.20000000000000018,0.2749999999999999,0.3500000000000001,0.42500000000000004,0.5,0.575,0.6499999999999999,0.7250000000000001,0.8,0.875,0.95,1.025,1.1,1.175,1.25,1.325,1.4,1.475,1.55,1.625,1.7,1.75,1.7174263782068904,1.6150367108466903,1.5628922737046969,1.4629834688667713,1.4226698001140028,1.3599525251222007,1.2788771490121533,1.208134661597637,1.114215676721219,1.07032621423944,0.9939862654196274,0.8924074368478905,0.8517597633483598,0.7572437699619141,0.711537289757666,0.6488200147658636,0.5482260458502142,0.4981975366507647,0.4038018366201914,0.3690430065043413,0.2955174687043307,0.20431913707287208,0.16206353219239844,0.08559539196405641,0.0636577435124841,0.04182465768555632,0.011553179822427762,-0.0025019977194462584,-0.07675573525063317,-0.025000000000000355,-0.09999999999999964,-0.17499999999999982,-0.25,-0.3250000000000002,-0.40000000000000036,-0.47499999999999964,-0.5499999999999998,-0.625,-0.7000000000000002,-0.7750000000000004,-0.8499999999999996,-0.9249999999999998,-1.0
-1.0,-0.9249999999999998,-0.8500000000000001,-0.7749999999999999,-0.7000000000000002,-0.625,-0.5499999999999998,-0.4750000000000001,-0.3999999999999999,-0.3250000000000002,-0.25,-0.17499999999999982,-0.10000000000000009,-0.02499999999999991,0.04999999999999982,0.125,0.20000000000000018,0.2749999999999999,0.3500000000000001,0.42500000000000004,0.5,0.575,0.6499999999999999,0.7250000000000001,0.8,0.875,0.95,1.025,1.1,1.175,1.25,1.325,1.4,1.475,1.55,1.625,1.6250000000000002,1.6250000000000002,1.6250000000000002,1.5096726509000455,1.4925102582500513,1.387254717178653,1.3527391922439242,1.2882958757790242,1.1873589501845647,1.1414802981511474,1.0363188232746707,0.9858060913467239,0.9263847996029386,0.8053781103203856,0.7859198822755711,0.6878129517328779,0.6378393330576961,0.5822144009886836,0.4552010440513077,0.4404034652409772,0.3327830137249954,0.29395792970492685,0.2397021101306449,0.1269776135101366,0.11763828647313623,0.06415058473272861,0.050770526713419084,0.03234207753095175,-0.022734169769841994,-0.0025019977194462584,-0.07675573525063317,-0.025000000000000355,-0.09999999999999964,-0.17499999999999982,-0.25,-0.3250000000000002,-0.40000000000000036,-0.47499999999999964,-0.5499999999999998,-0.625,-0.7000000000000002,-0.7750000000000004,-0.8499999999999996,-0.9249999999999998,-1.0
-1.0,-0.9249999999999998,-0.8500000000000001,-0.7749999999999999,-0.7000000000000002,-0.625,-0.5499999999999998,-0.4750000000000001,-0.3999999999999999,-0.3250000000000002,-0.25,-0.17499999999999982,-0.10000000000000009,-0.02499999999999991,0.04999999999999982,0.125,0.20000000000000018,0.2749999999999999,0.3500000000000001,0.42500000000000004,0.5,0.575,0.6499999999999999,0.7250000000000001,0.8,0.875,0.95,1.025,1.1,1.175,1.25,1.325,1.4,1.475,1.5,1.5,1.5,1.5,1.5,1.438436435905505,1.4009922889279423,1.3381642484075091,1.2494400985496368,1.1899865781626249,1.092215933896978,1.045943511133509,0.9775657923549468,0.8687268334003198,0.8375044119981807,0.7424001295634379,0.6953318241504571,0.6362579588322104,0.5254176170220768,0.49088546181951065,0.391798954603519,0.35565488920520916,0.2910644747000741,0.1916094319206203,0.16378744215856278,0.09786343773930373,0.07978722216042167,0.05962080594308494,0.019090612438435794,0.019772145698104815,-0.05374275479990098,-0.0025019977194462584,-0.07675573525063317,-0.025000000000000355,-0.09999999999999964,-0.17499999999999982,-0.25,-0.3250000000000002,-0.40000000000000036,-0.47499999999999964,-0.5499999999999998,-0.625,-0.7000000000000002,-0.7750000000000004,-0.8499999999999996,-0.9249999999999998,-1.0
-1.0,-0.9249999999999998,-0.8500000000000001,-0.7749999999999999,-0.7000000000000002,-0.625,-0.5499999999999998,-0.4750000000000001,-0.3999999999999999,-0.3250000000000002,-0.25,-0.17499999999999982,-0.10000000000000009,-0.02499999999999991,0.04999999999999982,0.125,0.20000000000000018,0.2749999999999999,0.3500000000000001,0.42500000000000004,0.5,0.575,0.6499999999999999,0.7250000000000001,0.8,0.875,0.95,1.025,1.1,1.175,1.25,1.325,1.375,1.375,1.375,1.375,1.375,1.375,1.375,1.3748016857431762,1.3175518227798233,1.255873991141767,1.1572893585481934,1.1116995700921688,1.023244102565942,0.9484032560289399,0.901578079381119,0.7928026364195426,0.761783819400214,0.6812702814133382,0.6058816402302654,0.5597898325819024,0.4459293380193612,0.4221913408143534,0.3339605395081331,0.269710298875089,0.227247781514353,0.1355688847707479,0.12260300491963472,0.08383309997666188,0.059027781295973636,0.04891822727072492,-0.01345973199191075,0.019772145698104815,-0.05374275479990098,-0.0025019977194462584,-0.07675573525063317,-0.025000000000000355,-0.09999999999999964,-0.17499999999999982,-0.25,-0.3250000000000002,-0.40000000000000036,-0.47499999999999964,-0.5499999999999998,-0.625,-0.7000000000000002,-0.7750000000000004,-0.8499999999999996,-0.9249999999999998,-1.0
-1.0,-0.9249999999999998,-0.8500000000000001,-0.7749999999999999,-0.7000000000000002,-0.625,-0.5499999999999998,-0.4750000000000001,-0.3999999999999999,-0.3250000000000002,-0.25,-0.17499999999999982,-0.10000000000000009,-0.02499999999999991,0.04999999999999982,0.125,0.20000000000000018,0.2749999999999999,0.3500000000000001,0.42500000000000004,0.5,0.575,0.6499999999999999,0.7250000000000001,0.8,0.875,0.95,1.025,1.1,1.175,1.2499999999999998,1.2499999999999998,1.2499999999999998,1.2499999999999998,1.2499999999999998,1.2499999999999998,1.2499999999999998,1.2499999999999998,1.2499999999999998,1.2499999999999998,1.2200266653010305,1.1670668050882358,1.074234665335832,1.0162604706924796,0.9577385006075838,0.8500095475084177,0.819184473138685,0.7312380866947354,0.6725815449457715,0.6196222145447705,0.508599008818867,0.47900575866387207,0.3855266852953094,0.3377768582857499,0.28324944912543426,0.18809447255482015,0.1668738805497445,0.11316591295338307,0.09240483533959054,0.07672050005506481,0.0367210640763771,0.04182465768555632,-0.0005202155133696706,0.019772145698104815,-0.05374275479990098,-0.0025019977194462584,-0.07675573525063317,-0.025000000000000355,-0.09999999999999964,-0.17499999999999982,-0.25,-0.3250000000000002,-0.40000000000000036,-0.47499999999999964,-0.5499999999999998,-0.625,-0.7000000000000002,-0.7750000000000004,-0.8499999999999996,-0.9249999999999998,-1.0
-1.0,-0.9249999999999998,-0.8500000000000001,-0.7749999999999999,-0.7000000000000002,-0.625,-0.5499999999999998,-0.4750000000000001,-0.3999999999999999,-0.3250000000000002,-0.25,-0.17499999999999982,-0.10000000000000009,-0.02499999999999991,0.04999999999999982,0.125,0.20000000000000018,0.2749999999999999,0.3500000000000001,0.42500000000000004,0.5,0.575,0.6499999999999999,0.7250000000000001,0.8,0.875,0.95,1.025,1.1,1.125,1.125,1.125,1.125,1.125,1.125,1.125,1.125,1.125,1.125,1.125,1.125,1.0074247633132511,1.0074247633132511,0.9062045292402656,0.8797797519776589,0.755982671707851,0.6704958738835092,0.5806869644920503,0.5420775674570562,0.5420775674570562,0.40430266081868194,0.33129802690396226,0.25453027851573995,0.22153341306893193,0.22153341306893193,0.13961476048924304,0.10222020861979741,0.07119324566280127,0.07119324566280127,0.06766084632392033,0.025316470656854495,0.019772145698104815,0.019772145698104815,0.004723645566163004,-0.05374275479990098,-0.04779677761347001,-0.15100947278182097,-0.025000000000000355,-0.09999999999999964,-0.17499999999999982,-0.25,-0.3250000000000002,-0.40000000000000036,-0.47499999999999964,-0.5499999999999998,-0.625,-0.7000000000000002,-0.7750000000000004,-0.8499999999999996,-0.9249999999999998,-1.0
-1.0,-0.9249999999999998,-0.8500000000000001,-0.7749999999999999,-0.7000000000000002,-0.625,-0.5499999999999998,-0.4750000000000001,-0.3999999999999999,-0.3250000000000002,-0.25,-0.17499999999999982,-0.10000000000000009,-0.02499999999999991,0.04999999999999982,0.125,0.20000000000000018,0.2749999999999999,0.3500000000000001,0.42500000000000004,0.5,0.575,0.6499999999999999,0.7250000000000001,0.8,0.875,0.95,1.0000000000000002,1.0000000000000002,1.0000000000000002,1.0000000000000002,1.0000000000000002,1.0000000000000002,1.0000000000000002,1.0000000000000002,1.0000000000000002,1.0000000000000002,1.0000000000000002,1.0000000000000002,1.0000000000000002,0.9815445855679392,0.937269381594249,0.8237718034358472,0.7699827766867555,0.6821185554792331,0.6325801551575909,0.6026937006899733,0.4813864219911561,0.4336064732872271,0.34817190138261633,0.3071778449615299,0.276406479108382,0.18783329713190566,0.15993825224706404,0.11642047755244178,0.10470441173164824,0.09434947772070457,0.054214646643448994,0.05426951660690493,0.0367210640763771,0.035418188712421195,0.019772145698104815,0.0004891872974774891,-0.08535416201404411,-0.0025019977194462584,-0.07675573525063317,-0.15100947278182097,-0.025000000000000355,-0.09999999999999964,-0.17499999999999982,-0.25,-0.3250000000000002,-0.40000000000000036,-0.47499999999999964,-0.5499999999999998,-0.625,-0.7000000000000002,-0.7750000000000004,-0.8499999999999996,-0.9249999999999998,-1.0
-1.0,-0.9249999999999998,-0.8500000000000001,-0.7749999999999999,-0.7000000000000002,-0.625,-0.5499999999999998,-0.4750000000000001,-0.3999999999999999,-0.3250000000000002,-0.25,-0.17499999999999982,-0.10000000000000009,-0.02499999999999991,0.04999999999999982,0.125,0.20000000000000018,0.2749999999999999,0.3500000000000001,0.42500000000000004,0.5,0.575,0.6499999999999999,0.7250000000000001,0.8,0.875,0.875,0.875,0.875,0.875,0.875,0.875,0.875,0.875,0.875,0.875,0.875,0.875,0.875,0.875,0.861444372549844,0.80912643837092,0.7181746709381236,0.6572087385639751,0.5548839119744355,0.5127545845020407,0.4763832565064865,0.3811809149014802,0.3268822964412017,0.24585257386074733,0.21535598704854442,0.19682953783988033,0.14561273499264793,0.12010160987232243,0.0855059557281499,0.0855293150473746,0.07606512948233002,0.05401462255781908,0.04182465768555632,0.03361548908930123,-0.011422160288534489,0.019772145698104815,-0.03740039241919435,-0.1272576552979081,-0.0025019977194462584,-0.07675573525063317,-0.15100947278182097,-0.025000000000000355,-0.09999999999999964,-0.17499999999999982,-0.25,-0.3250000000000002,-0.40000000000000036,-0.47499999999999964,-0.5499999999999998,-0.625,-0.7000000000000002,-0.7750000000000004,-0.8499999999999996,-0.9249999999999998,-1.0
-1.0,-0.9249999999999998,-0.8500000000000001,-0.7749999999999999,-0.7000000000000002,-0.625,-0.5499999999999998,-0.4750000000000001,-0.3999999999999999,-0.3250000000000002,-0.25,-0.17499999999999982,-0.10000000000000009,-0.02499999999999991,0.04999999999999982,0.125,0.20000000000000018,0.2749999999999999,0.3500000000000001,0.42500000000000004,0.5,0.575,0.6499999999999999,0.7250000000000001,0.75,0.75,0.75,0.75,0.75,0.75,0.75,0.75,0.75,0.75,0.75,0.75,0.75,0.75,0.75,0.75,0.736560243564016,0.6434140963846253,0.5975228124593159,0.5651729835602655,0.4561861635627342,0.4061064958911933,0.3233972509272627,0.28728008994051857,0.26202782769927646,0.190239374695774,0.16363677587271885,0.12435034817726986,0.11774858399971899,0.10787589400453346,0.07583929548092883,0.07068073090096849,0.05728282168834342,0.03737407968201856,0.04182465768555632,0.006603161924116474,-0.08009484080797691,0.019772145698104815,-0.05374275479990098,-0.1272576552979081,-0.0025019977194462584,-0.07675573525063317,-0.15100947278182097,-0.025000000000000355,-0.09999999999999964,-0.17499999999999982,-0.25,-0.3250000000000002,-0.40000000000000036,-0.47499999999999964,-0.5499999999999998,-0.625,-0.7000000000000002,-0.7750000000000004,-0.8499999999999996,-0.9249999999999998,-1.0
-1.0,-0.9249999999999998,-0.8500000000000001,-0.7749999999999999,-0.7000000000000002,-0.625,-0.5499999999999998,-0.4750000000000001,-0.3999999999999999,-0.3250000000000002,-0.25,-0.17499999999999982,-0.10000000000000009,-0.02499999999999991,0.04999999999999982,0.125,0.20000000000000018,0.2749999999999999,0.3500000000000001,0.42500000000000004,0.5,0.575,0.625,0.625,0.625,0.625,0.625,0.625,0.625,0.625,0.625,0.625,0.625,0.625,0.625,0.625,0.625,0.625,0.625,0.625,0.625,0.5295942264799001,0.48449946263315313,0.428762991191864,0.3596617562100004,0.31826907429323303,0.24197981740927843,0.2134444308352892,0.1862643551790133,0.15455074603052799,0.1359510777875652,0.102789100968113,0.10060617181342568,0.08956148601756242,0.06864218052337234,0.06365774351248454,0.04403053100034304,0.04182465768555632,0.04182465768555632,-0.02173629803047117,-0.029633581519825203,0.019772145698104815,-0.05374275479990098,-0.1272576552979081,-0.0025019977194462584,-0.07675573525063317,-0.15100947278182097,-0.025000000000000355,-0.09999999999999964,-0.17499999999999982,-0.25,-0.3250000000000002,-0.40000000000000036,-0.47499999999999964,-0.5499999999999998,-0.625,-0.7000000000000002,-0.7750000000000004,-0.8499999999999996,-0.9249999999999998,-1.0
-1.0,-0.9249999999999998,-0.8500000000000001,-0.7749999999999999,-0.7000000000000002,-0.625,-0.5499999999999998,-0.4750000000000001,-0.3999999999999999,-0.3250000000000002,-0.25,-0.17499999999999982,-0.10000000000000009,-0.02499999999999991,0.04999999999999982,0.125,0.20000000000000018,0.2749999999999999,0.3500000000000001,0.42500000000000004,0.5,0.5,0.5,0.5,0.5,0.5,0.5,0.5,0.5,0.5,0.5,0.5,0.5,0.5,0.5,0.5,0.5,0.5,0.5,0.5,0.5,0.43280377493374544,0.3869206442663098,0.307767496536689,0.27523743113992594,0.24941572162524084,0.19540229543737198,0.17247141593415094,0.13618320470145484,0.13152832193331232,0.12125492311844699,0.0942699639459339,0.08923685777860868,0.07332031209075707,0.06365774351248454,0.06365774351248454,0.04182465768555632,0.04182465768555632,0.04182465768555632,-0.030958757330580955,0.019772145698104815,0.019772145698104815,-0.05374275479990098,-0.1272576552979081,-0.0025019977194462584,-0.07675573525063317,-0.15100947278182097,-0.025000000000000355,-0.09999999999999964,-0.17499999999999982,-0.25,-0.3250000000000002,-0.40000000000000036,-0.47499999999999964,-0.5499999999999998,-0.625,-0.7000000000000002,-0.7750000000000004,-0.8499999999999996,-0.9249999999999998,-1.0
-1.0,-0.9249999999999998,-0.8500000000000001,-0.7749999999999999,-0.7000000000000002,-0.625,-0.5499999999999998,-0.4750000000000001,-0.3999999999999999,-0.3250000000000002,-0.25,-0.17499999999999982,-0.10000000000000009,-0.02499999999999991,0.04999999999999982,0.125,0.20000000000000018,0.2749999999999999,0.3500000000000001,0.375,0.375,0.375,0.375,0.375,0.375,0.375,0.375,0.375,0.375,0.375,0.375,0.375,0.375,0.375,0.375,0.375,0.375,0.375,0.375,0.375,0.3423910657959224,0.3080391445601325,0.2667538096619617,0.2161267809532852,0.20067811182915163,0.16546104926313854,0.1505911221265097,0.13910304675924579,0.11701421119020017,0.10400536670146554,0.08808644589502457,0.08527358650566574,0.0799592167586396,0.0636577435124841,0.0636577435124841,0.04182465768555632,0.04182465768555632,0.027913519210892357,-0.030958757330580955,0.019772145698104815,0.019772145698104815,-0.05374275479990098,-0.07800267196424349,-0.0025019977194462584,-0.03220349273192147,-0.15100947278182097,-0.22526321031300878,-0.025000000000000355,-0.09999999999999964,-0.17499999999999982,-0.25,-0.3250000000000002,-0.40000000000000036,-0.47499999999999964,-0.5499999999999998,-0.625,-0.7000000000000002,-0.7750000000000004,-0.8499999999999996,-0.9249999999999998,-1.0
-1.0,-0.9249999999999998,-0.8500000000000001,-0.7749999999999999,-0.7000000000000002,-0.625,-0.5499999999999998,-0.4750000000000001,-0.3999999999999999,-0.3250000000000002,-0.25,-0.17499999999999982,-0.10000000000000009,-0.02499999999999991,0.04999999999999982,0.125,0.20000000000000018,0.25,0.25,0.25,0.25,0.25,0.25,0.25,0.25,0.25,0.25,0.25,0.25,0.25,0.25,0.25,0.25,0.25,0.25,0.25,0.25,0.25,0.25,0.25,0.25,0.23344193880551867,0.1966301815210536,0.17879891500411205,0.14891675599763632,0.14075172956948911,0.12817713309384215,0.11175125960118981,0.10664849374404906,0.09072644842193567,0.08527358650566574,0.07597877401859776,0.06365774351248454,0.05773547376881982,0.0326722840998217,0.04182465768555632,0.04182465768555632,0.010527789228617301,-0.04128672392137078,0.019772145698104815,0.007127582812447741,-0.08535416201404411,-0.1588690625120508,-0.0025019977194462584,-0.07675573525063317,-0.15100947278182097,-0.22526321031300878,-0.025000000000000355,-0.09999999999999964,-0.17499999999999982,-0.25,-0.3250000000000002,-0.40000000000000036,-0.47499999999999964,-0.5499999999999998,-0.625,-0.7000000000000002,-0.7750000000000004,-0.8499999999999996,-0.9249999999999998,-1.0
-1.0,-0.9249999999999998,-0.8500000000000001,-0.7749999999999999,-0.7000000000000002,-0.625,-0.5499999999999998,-0.4750000000000001,-0.3999999999999999,-0.3250000000000002,-0.25,-0.17499999999999982,-0.10000000000000009,-0.02499999999999991,0.04999999999999982,0.125,0.125,0.125,0.125,0.125,0.125,0.125,0.125,0.125,0.125,0.125,0.125,0.125,0.125,0.125,0.125,0.125,0.125,0.125,0.125,0.125,0.125,0.125,0.125,0.125,0.125,0.125,0.125,0.125,0.125,0.119566624077033,0.10826172472076534,0.10271734741766547,0.09447297090568263,0.08275234937035814,0.0720824124614019,0.06365774351248454,0.0636577435124841,0.04248354537460086,-0.012798301114596455,0.04182465768555632,0.036441596310962776,-0.04441641076706526,-0.08940383958854037,0.019772145698104815,-0.028600658829583292,-0.1118072507757808,-0.14121321097498374,-0.0025019977194462584,-0.07675573525063317,-0.15100947278182097,-0.22526321031300878,-0.025000000000000355,-0.09999999999999964,-0.17499999999999982,-0.25,-0.3250000000000002,-0.40000000000000036,-0.47499999999999964,-0.5499999999999998,-0.625,-0.7000000000000002,-0.7750000000000004,-0.8499999999999996,-0.9249999999999998,-1.0
-1.0,-0.9249999999999998,-0.8500000000000001,-0.7749999999999999,-0.7000000000000002,-0.625,-0.5499999999999998,-0.4750000000000001,-0.3999999999999999,-0.3250000000000002,-0.25,-0.17499999999999982,-0.10000000000000009,-0.02499999999999991,0.0,0.0,0.0,0.0,0.0,0.0,0.0,0.0,0.0,0.0,0.0,0.0,0.0,0.0,0.0,0.0,0.0,0.0,0.0,0.0,0.0,0.0,0.0,0.0,0.0,0.0,0.0,0.0,0.0,0.0,0.0,0.0,0.0,0.0,0.0,0.0,0.0,0.0,0.0,0.0,-0.03911115324782921,0.0,0.0,-0.07351727252372608,-0.10322384630157933,0.0,-0.05374275479990098,-0.11000470358153258,-0.13025490905881787,-0.0025019977194462584,-0.07675573525063317,-0.15100947278182097,-0.22526321031300878,-0.025000000000000355,-0.09999999999999964,-0.17499999999999982,-0.25,-0.3250000000000002,-0.40000000000000036,-0.47499999999999964,-0.5499999999999998,-0.625,-0.7000000000000002,-0.7750000000000004,-0.8499999999999996,-0.9249999999999998,-1.0
-1.0077822185373186,-0.9334077351297236,-0.859142013871979,-0.7850159234053793,-0.7110731326663946,-0.6373774391990983,-0.564025708633924,-0.49117206760971266,-0.41907636535600545,-0.34820970692960307,-0.2795084971874737,-0.21505813167606558,-0.1600781059358214,-0.12747548783981966,-0.125,-0.125,-0.125,-0.125,-0.125,-0.125,-0.125,-0.125,-0.125,-0.125,-0.125,-0.125,-0.125,-0.125,-0.125,-0.125,-0.125,-0.125,-0.125,-0.125,-0.125,-0.125,-0.125,-0.125,-0.125,-0.125,-0.125,-0.125,-0.125,-0.125,-0.125,-0.125,-0.125,-0.125,-0.125,-0.125,-0.125,-0.125,-0.125,-0.125,-0.125,-0.125,-0.125,-0.125,-0.125,-0.125,-0.125,-0.125,-0.125,-0.125,-0.125,-0.125,-0.125,-0.12747548783981966,-0.16007810593582095,-0.21505813167606558,-0.2795084971874737,-0.34820970692960307,-0.41907636535600545,-0.4911720676097122,-0.564025708633924,-0.6373774391990983,-0.7110731326663946,-0.7850159234053793,-0.8591420138719785,-0.9334077351297232,-1.0077822185373186
-1.0307764064044154,-0.9581883948368399,-0.8860022573334674,-0.8143248737451168,-0.7433034373659253,-0.6731456008918131,-0.6041522986797285,-0.5367727638395969,-0.47169905660283007,-0.41003048667141817,-0.35355339059327395,-0.30516389039334246,-0.2692582403567254,-0.25124689052802207,-0.25,-0.25,-0.25,-0.25,-0.25,-0.25,-0.25,-0.25,-0.25,-0.25,-0.25,-0.25,-0.25,-0.25,-0.25,-0.25,-0.25,-0.25,-0.25,-0.25,-0.25,-0.25,-0.25,-0.25,-0.25,-0.25,-0.25,-0.25,-0.25,-0.25,-0.25,-0.25,-0.25,-0.25,-0.25,-0.25,-0.25,-0.25,-0.25,-0.25,-0.25,-0.25,-0.25,-0.25,-0.25,-0.25,-0.25,-0.25,-0.25,-0.25,-0.25,-0.25,-0.25,-0.25124689052802207,-0.26925824035672496,-0.30516389039334246,-0.35355339059327395,-0.41003048667141817,-0.4716990566028305,-0.5367727638395969,-0.6041522986797285,-0.6731456008918131,-0.7433034373659253,-0.8143248737451168,-0.8860022573334669,-0.9581883948368399,-1.0307764064044154
-1.0680004681646915,-0.9981232388838563,-0.9290452088031023,-0.8609587678861281,-0.7941190087134293,-0.7288689868556624,-0.6656763477847174,-0.6051859218455102,-0.5482928049865325,-0.4962358310319801,-0.4506939094329985,-0.4138236339311714,-0.38810436740650056,-0.37583240945932284,-0.375,-0.375,-0.375,-0.375,-0.375,-0.375,-0.375,-0.375,-0.375,-0.375,-0.375,-0.375,-0.375,-0.375,-0.375,-0.375,-0.375,-0.375,-0.375,-0.375,-0.375,-0.375,-0.375,-0.375,-0.375,-0.375,-0.375,-0.375,-0.375,-0.375,-0.375,-0.375,-0.375,-0.375,-0.375,-0.375,-0.375,-0.375,-0.375,-0.375,-0.375,-0.375,-0.375,-0.375,-0.375,-0.375,-0.375,-0.375,-0.375,-0.375,-0.375,-0.375,-0.375,-0.37583240945932284,-0.38810436740650056,-0.41382363393117094,-0.4506939094329985,-0.49623583103198055,-0.548292804986533,-0.6051859218455098,-0.6656763477847174,-0.7288689868556624,-0.7941190087134298,-0.8609587678861286,-0.9290452088031018,-0.9981232388838563,-1.0680004681646915
-1.118033988749895,-1.0514870422406544,-0.9861541461658012,-0.9222933372848359,-0.8602325267042628,-0.8003905296791061,-0.7433034373659253,-0.6896557112066861,-0.6403124237432847,-0.5963430220938282,-0.5590169943749475,-0.5297405025104274,-0.5099019513592786,-0.5006246098625198,-0.5,-0.5,-0.5,-0.5,-0.5,-0.5,-0.5,-0.5,-0.5,-0.5,-0.5,-0.5,-0.5,-0.5,-0.5,-0.5,-0.5,-0.5,-0.5,-0.5,-0.5,-0.5,-0.5,-0.5,-0.5,-0.5,-0.5,-0.5,-0.5,-0.5,-0.5,-0.5,-0.5,-0.5,-0.5,-0.5,-0.5,-0.5,-0.5,-0.5,-0.5,-0.5,-0.5,-0.5,-0.5,-0.5,-0.5,-0.5,-0.5,-0.5,-0.5,-0.5,-0.5,-0.5006246098625198,-0.5099019513592786,-0.5297405025104274,-0.5590169943749475,-0.5963430220938282,-0.6403124237432851,-0.6896557112066857,-0.7433034373659249,-0.8003905296791061,-0.8602325267042628,-0.9222933372848363,-0.9861541461658008,-1.0514870422406544,-1.118033988749895
-1.1792476415070752,-1.116355678088305,-1.0550473923004597,-0.995615387586994,-0.9384162189561729,-0.8838834764831844,-0.8325412902673355,-0.7850159234053793,-0.7420411039827917,-0.7044501401802687,-0.6731456008918131,-0.6490377492873582,-0.6329494450586082,-0.6254998001598402,-0.625,-0.625,-0.625,-0.625,-0.625,-0.625,-0.625,-0.625,-0.625,-0.625,-0.625,-0.625,-0.625,-0.625,-0.625,-0.625,-0.625,-0.625,-0.625,-0.625,-0.625,-0.625,-0.625,-0.625,-0.625,-0.625,-0.625,-0.625,-0.625,-0.625,-0.625,-0.625,-0.625,-0.625,-0.625,-0.625,-0.625,-0.625,-0.625,-0.625,-0.625,-0.625,-0.625,-0.625,-0.625,-0.625,-0.625,-0.625,-0.625,-0.625,-0.625,-0.625,-0.625,-0.6254998001598402,-0.6329494450586082,-0.6490377492873582,-0.6731456008918131,-0.7044501401802687,-0.7420411039827917,-0.7850159234053788,-0.8325412902673355,-0.8838834764831844,-0.9384162189561733,-0.995615387586994,-1.0550473923004593,-1.116355678088305,-1.1792476415070752
-1.25,-1.1908505363814554,-1.1335784048754634,-1.0784827305061495,-1.0259142264341596,-0.9762812094883317,-0.9300537618869136,-0.8877640452282352,-0.8500000000000001,-0.817389136213591,-0.790569415042095,-0.7701460900374681,-0.7566372975210776,-0.7504165509901819,-0.75,-0.75,-0.75,-0.75,-0.75,-0.75,-0.75,-0.75,-0.75,-0.75,-0.75,-0.75,-0.75,-0.75,-0.75,-0.75,-0.75,-0.75,-0.75,-0.75,-0.75,-0.75,-0.75,-0.75,-0.75,-0.75,-0.75,-0.75,-0.75,-0.75,-0.75,-0.75,-0.75,-0.75,-0.75,-0.75,-0.75,-0.75,-0.75,-0.75,-0.75,-0.75,-0.75,-0.75,-0.75,-0.75,-0.75,-0.75,-0.75,-0.75,-0.75,-0.75,-0.75,-0.7504165509901819,-0.7566372975210776,-0.7701460900374681,-0.790569415042095,-0.817389136213591,-0.8500000000000001,-0.8877640452282352,-0.9300537618869136,-0.9762812094883317,-1.0259142264341596,-1.07848273050615,-1.133578404875463,-1.190850536381455,-1.25
-1.3287682265918312,-1.2732831578246842,-1.2198872898755853,-1.1688669727560956,-1.1205467415507488,-1.0752906583803283,-1.0335013304297194,-0.995615387586994,-0.9620940702446927,-0.9334077351297232,-0.9100137361600646,-0.8923284148787376,-0.8806957476904271,-0.8753570700005797,-0.875,-0.875,-0.875,-0.875,-0.875,-0.875,-0.875,-0.875,-0.875,-0.875,-0.875,-0.875,-0.875,-0.875,-0.875,-0.875,-0.875,-0.875,-0.875,-0.875,-0.875,-0.875,-0.875,-0.875,-0.875,-0.875,-0.875,-0.875,-0.875,-0.875,-0.875,-0.875,-0.875,-0.875,-0.875,-0.875,-0.875,-0.875,-0.875,-0.875,-0.875,-0.875,-0.875,-0.875,-0.875,-0.875,-0.875,-0.875,-0.875,-0.875,-0.875,-0.875,-0.875,-0.8753570700005797,-0.8806957476904267,-0.8923284148787372,-0.9100137361600646,-0.9334077351297236,-0.9620940702446932,-0.9956153875869935,-1.0335013304297194,-1.0752906583803283,-1.1205467415507488,-1.168866972756096,-1.2198872898755848,-1.2732831578246842,-1.3287682265918312
-1.414213562373095,-1.3622132725825278,-1.3124404748406686,-1.2651580928879995,-1.2206555615733703,-1.1792476415070752,-1.1412712210513325,-1.1070794912742263,-1.0770329614269007,-1.0514870422406544,-1.0307764064044154,-1.0151970252123474,-1.0049875621120892,-1.0003124511871277,-1.0,-1.0,-1.0,-1.0,-1.0,-1.0,-1.0,-1.0,-1.0,-1.0,-1.0,-1.0,-1.0,-1.0,-1.0,-1.0,-1.0,-1.0,-1.0,-1.0,-1.0,-1.0,-1.0,-1.0,-1.0,-1.0,-1.0,-1.0,-1.0,-1.0,-1.0,-1.0,-1.0,-1.0,-1.0,-1.0,-1.0,-1.0,-1.0,-1.0,-1.0,-1.0,-1.0,-1.0,-1.0,-1.0,-1.0,-1.0,-1.0,-1.0,-1.0,-1.0,-1.0,-1.0003124511871277,-1.0049875621120892,-1.0151970252123474,-1.0307764064044154,-1.0514870422406544,-1.0770329614269007,-1.1070794912742263,-1.1412712210513325,-1.1792476415070752,-1.2206555615733703,-1.265158092888,-1.3124404748406686,-1.3622132725825278,-1.414213562373095
-1.505199322349037,-1.456451166362951,-1.410008865220357,-1.3661076092314248,-1.3250000000000002,-1.286953767623375,-1.2522479786368192,-1.2211674741819811,-1.193995393625955,-1.171003842863037,-1.1524430571616109,-1.13852975367357,-1.1294356998076518,-1.1252777434926902,-1.125,-1.125,-1.125,-1.125,-1.125,-1.125,-1.125,-1.125,-1.125,-1.125,-1.125,-1.125,-1.125,-1.125,-1.125,-1.125,-1.125,-1.125,-1.125,-1.125,-1.125,-1.125,-1.125,-1.125,-1.125,-1.125,-1.125,-1.125,-1.125,-1.125,-1.125,-1.125,-1.125,-1.125,-1.125,-1.125,-1.125,-1.125,-1.125,-1.125,-1.125,-1.125,-1.125,-1.125,-1.125,-1.125,-1.125,-1.125,-1.125,-1.125,-1.125,-1.125,-1.125,-1.1252777434926902,-1.1294356998076518,-1.13852975367357,-1.1524430571616109,-1.171003842863037,-1.1939953936259555,-1.2211674741819811,-1.2522479786368192,-1.286953767623375,-1.3250000000000002,-1.3661076092314253,-1.410008865220357,-1.456451166362951,-1.505199322349037
-1.6007810593582121,-1.5550321540083987,-1.5116216457830975,-1.4707566080082728,-1.4326548781894402,-1.3975424859373686,-1.3656500283747661,-1.3372079120316331,-1.3124404748406686,-1.2915591353089488,-1.2747548783981961,-1.2621905561364342,-1.253993620398445,-1.2502499750049987,-1.25,-1.25,-1.25,-1.25,-1.25,-1.25,-1.25,-1.25,-1.25,-1.25,-1.25,-1.25,-1.25,-1.25,-1.25,-1.25,-1.25,-1.25,-1.25,-1.25,-1.25,-1.25,-1.25,-1.25,-1.25,-1.25,-1.25,-1.25,-1.25,-1.25,-1.25,-1.25,-1.25,-1.25,-1.25,-1.25,-1.25,-1.25,-1.25,-1.25,-1.25,-1.25,-1.25,-1.25,-1.25,-1.25,-1.25,-1.25,-1.25,-1.25,-1.25,-1.25,-1.25,-1.2502499750049987,-1.253993620398445,-1.2621905561364337,-1.2747548783981961,-1.2915591353089493,-1.3124404748406686,-1.3372079120316331,-1.3656500283747661,-1.3975424859373686,-1.4326548781894406,-1.4707566080082728,-1.511621645783097,-1.5550321540083987,-1.6007810593582121
-1.7001838135919307,-1.657181341917655,-1.6165163160327212,-1.5783694117664595,-1.5429274124209473,-1.5103807466993215,-1.4809203219619889,-1.4547336525976156,-1.4320003491619686,-1.4128871150944793,-1.3975424859373686,-1.3860916275629114,-1.3786315678962238,-1.3752272539475068,-1.375,-1.375,-1.375,-1.375,-1.375,-1.375,-1.375,-1.375,-1.375,-1.375,-1.375,-1.375,-1.375,-1.375,-1.375,-1.375,-1.375,-1.375,-1.375,-1.375,-1.375,-1.375,-1.375,-1.375,-1.375,-1.375,-1.375,-1.375,-1.375,-1.375,-1.375,-1.375,-1.375,-1.375,-1.375,-1.375,-1.375,-1.375,-1.375,-1.375,-1.375,-1.375,-1.375,-1.375,-1.375,-1.375,-1.375,-1.375,-1.375,-1.375,-1.375,-1.375,-1.375,-1.3752272539475068,-1.3786315678962238,-1.3860916275629114,-1.3975424859373686,-1.4128871150944793,-1.4320003491619686,-1.4547336525976151,-1.4809203219619889,-1.5103807466993215,-1.5429274124209473,-1.5783694117664595,-1.6165163160327207,-1.657181341917655,-1.7001838135919307
-1.8027756377319948,-1.7622783548577106,-1.724093964956667,-1.6883794004903043,-1.6552945357246847,-1.625,-1.5976545308670458,-1.5734118977559564,-1.5524174696260022,-1.5348045478170826,-1.5206906325745546,-1.510173831053896,-1.5033296378372905,-1.5002083188677497,-1.5,-1.5,-1.5,-1.5,-1.5,-1.5,-1.5,-1.5,-1.5,-1.5,-1.5,-1.5,-1.5,-1.5,-1.5,-1.5,-1.5,-1.5,-1.5,-1.5,-1.5,-1.5,-1.5,-1.5,-1.5,-1.5,-1.5,-1.5,-1.5,-1.5,-1.5,-1.5,-1.5,-1.5,-1.5,-1.5,-1.5,-1.5,-1.5,-1.5,-1.5,-1.5,-1.5,-1.5,-1.5,-1.5,-1.5,-1.5,-1.5,-1.5,-1.5,-1.5,-1.5,-1.5002083188677497,-1.5033296378372905,-1.510173831053896,-1.5206906325745546,-1.5348045478170826,-1.5524174696260022,-1.573411897755956,-1.5976545308670458,-1.625,-1.6552945357246847,-1.6883794004903043,-1.7240939649566664,-1.7622783548577106,-1.8027756377319948
-1.9080421903092182,-1.8698261951315152,-1.8338824935093303,-1.8003471887388827,-1.7693572279220495,-1.741048534648015,-1.715553846429776,-1.693000295333701,-1.6735067971179562,-1.657181341917655,-1.6441183047457382,-1.6343959128681154,-1.6280740155164937,-1.6251922963145007,-1.625,-1.625,-1.625,-1.625,-1.625,-1.625,-1.625,-1.625,-1.625,-1.625,-1.625,-1.625,-1.625,-1.625,-1.625,-1.625,-1.625,-1.625,-1.625,-1.625,-1.625,-1.625,-1.625,-1.625,-1.625,-1.625,-1.625,-1.625,-1.625,-1.625,-1.625,-1.625,-1.625,-1.625,-1.625,-1.625,-1.625,-1.625,-1.625,-1.625,-1.625,-1.625,-1.625,-1.625,-1.625,-1.625,-1.625,-1.625,-1.625,-1.625,-1.625,-1.625,-1.625,-1.6251922963145007,-1.6280740155164937,-1.6343959128681154,-1.6441183047457382,-1.657181341917655,-1.6735067971179562,-1.693000295333701,-1.715553846429776,-1.741048534648015,-1.7693572279220495,-1.8003471887388836,-1.8338824935093303,-1.8698261951315152,-1.9080421903092182
-2.0155644370746373,-1.979425421681757,-1.9455076458343719,-1.9139292045423204,-1.884807682497076,-1.8582585934148135,-1.8343936327844137,-1.813318780578859,-1.7951323071016247,-1.779922751132756,-1.7677669529663689,-1.7587282336961558,-1.7528548142958105,-1.7501785623187138,-1.75,-1.75,-1.75,-1.75,-1.75,-1.75,-1.75,-1.75,-1.75,-1.75,-1.75,-1.75,-1.75,-1.75,-1.75,-1.75,-1.75,-1.75,-1.75,-1.75,-1.75,-1.75,-1.75,-1.75,-1.75,-1.75,-1.75,-1.75,-1.75,-1.75,-1.75,-1.75,-1.75,-1.75,-1.75,-1.75,-1.75,-1.75,-1.75,-1.75,-1.75,-1.75,-1.75,-1.75,-1.75,-1.75,-1.75,-1.75,-1.75,-1.75,-1.75,-1.75,-1.75,-1.7501785623187138,-1.7528548142958105,-1.7587282336961558,-1.7677669529663689,-1.7799227511327569,-1.7951323071016247,-1.813318780578859,-1.8343936327844137,-1.8582585934148135,-1.884807682497076,-1.9139292045423204,-1.9455076458343719,-1.979425421681757,-2.0155644370746373
-2.125,-2.090753452705507,-2.0586706876040175,-2.028854356527348,-2.0014057559625433,-1.9764235376052373,-1.954002302966913,-1.9342311133884698,-1.9171919570037845,-1.9029582233985067,-1.8915932438026948,-1.8831489585266485,-1.8776647730625395,-1.8751666592599179,-1.875,-1.875,-1.875,-1.875,-1.875,-1.875,-1.875,-1.875,-1.875,-1.875,-1.875,-1.875,-1.875,-1.875,-1.875,-1.875,-1.875,-1.875,-1.875,-1.875,-1.875,-1.875,-1.875,-1.875,-1.875,-1.875,-1.875,-1.875,-1.875,-1.875,-1.875,-1.875,-1.875,-1.875,-1.875,-1.875,-1.875,-1.875,-1.875,-1.875,-1.875,-1.875,-1.875,-1.875,-1.875,-1.875,-1.875,-1.875,-1.875,-1.875,-1.875,-1.875,-1.875,-1.8751666592599179,-1.8776647730625395,-1.8831489585266485,-1.8915932438026948,-1.9029582233985067,-1.9171919570037845,-1.9342311133884698,-1.954002302966913,-1.9764235376052373,-2.0014057559625433,-2.028854356527349,-2.0586706876040175,-2.090753452705507,-2.125
-2.23606797749979,-2.2035482749420314,-2.173131381210073,-2.1449067578801646,-2.1189620100417095,-2.0953818267800264,-2.0742468512691534,-2.0556325060671714,-2.0396078054371145,-2.026234191795213,-2.0155644370746373,-2.007641651291385,-2.002498439450079,-2.000156243896962,-2.0,-2.0,-2.0,-2.0,-2.0,-2.0,-2.0,-2.0,-2.0,-2.0,-2.0,-2.0,-2.0,-2.0,-2.0,-2.0,-2.0,-2.0,-2.0,-2.0,-2.0,-2.0,-2.0,-2.0,-2.0,-2.0,-2.0,-2.0,-2.0,-2.0,-2.0,-2.0,-2.0,-2.0,-2.0,-2.0,-2.0,-2.0,-2.0,-2.0,-2.0,-2.0,-2.0,-2.0,-2.0,-2.0,-2.0,-2.0,-2.0,-2.0,-2.0,-2.0,-2.0,-2.000156243896962,-2.002498439450079,-2.007641651291385,-2.0155644370746373,-2.026234191795213,-2.0396078054371145,-2.0556325060671714,-2.0742468512691534,-2.0953818267800264,-2.1189620100417095,-2.1449067578801646,-2.173131381210073,-2.2035482749420314,-2.23606797749979
