0.0,0.0,0.0,0.0,0.0,0.0,0.0,0.0,0.0,0.0,0.0,0.0,0.0,0.0,0.0,0.0,0.0,0.0,0.0,0.0,0.0,0.0,0.0,0.0,0.0,0.0,0.0,0.0,0.0,0.0,0.0,0.0,0.0,0.0,0.0,0.0,0.0,0.0,0.0,0.0,0.0,0.0,0.0,0.0,0.0,0.0,0.0,0.0,0.0,0.0,0.0,0.0,0.0,0.0,0.0,0.0,0.0,0.0,0.0,0.0,0.0,0.0,0.0,0.0,0.0,0.0,0.0,0.0,0.0,0.0,0.0,0.0,0.0,0.0,0.0,0.0,0.0,0.0,0.0,0.0,0.0,0.0,0.0,0.0,0.0,0.0,0.0,0.0,0.0,0.0,0.0
0.0,0.0,0.0,0.0,0.0,0.0,0.0,0.0,0.0,0.0,0.0,0.0,0.0,0.0,0.0,0.0,0.0,0.0,0.0,0.0,0.0,0.0,0.0,0.0,0.0,0.0,0.0,0.0,0.0,0.0,0.0,0.0,0.0,0.0,0.0,0.0,0.0,0.0,0.0,0.0,0.0,0.0,0.0,0.0,0.0,0.0,0.0,0.0,0.0,0.0,0.0,0.0,0.0,0.0,0.0,0.0,0.0,0.0,0.0,0.0,0.0,0.0,0.0,0.0,0.0,0.0,0.0,0.0,0.0,0.0,0.0,0.0,0.0,0.0,0.0,0.0,0.0,0.0,0.0,0.0,0.0,0.0,0.0,0.0,0.0,0.0,0.0,0.0,0.0,0.0,0.0
0.0,0.0,0.0,0.0,0.0,0.0,0.0,0.0,0.0,0.0,0.0,0.0,0.0,0.0,0.0,0.0,0.0,0.0,0.0,0.0,0.0,0.0,0.0,0.0,0.0,0.0,0.0,0.0,0.0,0.0,0.0,0.0,0.0,0.0,0.0,0.0,0.0,0.0,0.0,0.0,0.0,0.0,0.0,0.0,0.0,0.0,0.0,0.0,0.0,0.0,0.0,0.0,0.0,0.0,0.0,0.0,0.0,0.0,0.0,0.0,0.0,0.0,0.0,0.0,0.0,0.0,0.0,0.0,0.0,0.0,0.0,0.0,0.0,0.0,0.0,0.0,0.0,0.0,0.0,0.0,0.0,0.0,0.0,0.0,0.0,0.0,0.0,0.0,0.0,0.0,0.0
0.0,0.0,0.0,0.0,0.0,0.0,0.0,0.0,0.0,0.0,0.0,0.0,0.0,0.0,0.0,0.0,0.0,0.0,0.0,0.0,0.0,0.0,0.0,0.0,0.0,0.0,0.0,0.0,0.0,0.0,0.0,0.0,0.0,0.0,0.0,0.0,0.0,0.0,0.0,0.0,0.0,0.0,0.0,0.0,0.0,0.0,0.0,0.0,0.0,0.0,0.0,0.0,0.0,0.0,0.0,0.0,0.0,0.0,0.0,0.0,0.0,0.0,0.0,0.0,0.0,0.0,0.0,0.0,0.0,0.0,0.0,0.0,0.0,0.0,0.0,0.0,0.0,0.0,0.0,0.0,0.0,0.0,0.0,0.0,0.0,0.0,0.0,0.0,0.0,0.0,0.0
0.0,0.0,0.0,0.0,0.0,0.0,0.0,0.0,0.0,0.0,0.0,0.0,0.0,0.0,0.0,0.0,0.0,0.0,0.0,0.0,0.0,0.0,0.0,0.0,0.0,0.0,0.0,0.0,0.0,0.0,0.0,0.0,0.0,0.0,0.0,0.0,0.0,0.0,0.0,0.0,0.0,0.0,0.0,0.0,0.0,0.0,0.0,0.0,0.0,0.0,0.0,0.0,0.0,0.0,0.0,0.0,0.0,0.0,0.0,0.0,0.0,0.0,0.0,0.0,0.0,0.0,0.0,0.0,0.0,0.0,0.0,0.0,0.0,0.0,0.0,0.0,0.0,0.0,0.0,0.0,0.0,0.0,0.0,0.0,0.0,0.0,0.0,0.0,0.0,0.0,0.0
0.0,0.0,0.0,0.0,0.0,0.0,0.0,0.0,0.0,0.0,0.0,0.0,0.0,0.0,0.0,0.0,0.0,0.0,0.0,0.0,0.0,0.0,0.0,0.0,0.0,0.0,0.0,0.0,0.0,0.0,0.0,0.0,0.0,0.0,0.0,0.0,0.0,0.0,0.0,0.0,0.0,0.0,0.0,0.0,0.0,0.0,0.0,0.0,0.0,0.0,0.0,0.0,0.0,0.0,0.0,0.0,0.0,0.0,0.0,0.0,0.0,0.0,0.0,0.0,0.0,0.0,0.0,0.0,0.0,0.0,0.0,0.0,0.0,0.0,0.0,0.0,0.0,0.0,0.0,0.0,0.0,0.0,0.0,0.0,0.0,0.0,0.0,0.0,0.0,0.0,0.0
0.0,0.0,0.0,0.0,0.0,0.0,0.0,0.0,0.0,0.0,0.0,0.0,0.0,0.0,0.0,0.0,0.0,0.0,0.0,0.0,0.0,0.0,0.0,0.0,0.0,0.0,0.0,0.0,0.0,0.0,0.0,0.0,0.0,0.0,0.0,0.0,0.0,0.0,0.0,0.0,0.0,0.0,0.0,0.0,0.0,0.0,0.0,0.0,0.0,0.0,0.0,0.0,0.0,0.0,0.0,0.0,0.0,0.0,0.0,0.0,0.0,0.0,0.0,0.0,0.0,0.0,0.0,0.0,0.0,0.0,0.0,0.0,0.0,0.0,0.0,0.0,0.0,0.0,0.0,0.0,0.0,0.0,0.0,0.0,0.0,0.0,0.0,0.0,0.0,0.0,0.0
0.0,0.0,0.0,0.0,0.0,0.0,0.0,0.0,0.0,0.0,0.0,0.0,0.0,0.0,0.0,0.0,0.0,0.0,0.0,0.0,0.0,0.0,0.0,0.0,0.0,0.0,0.0,0.0,0.0,0.0,0.0,0.0,0.0,0.0,0.0,0.0,0.0,0.0,0.0,0.0,0.0,0.0,0.0,0.0,0.0,0.0,0.0,0.0,0.0,0.0,0.0,0.0,0.0,0.0,0.0,0.0,0.0,0.0,0.0,0.0,0.0,0.0,0.0,0.0,0.0,0.0,0.0,0.0,0.0,0.0,0.0,0.0,0.0,0.0,0.0,0.0,0.0,0.0,0.0,0.0,0.0,0.0,0.0,0.0,0.0,0.0,0.0,0.0,0.0,0.0,0.0
0.0,0.0,0.0,0.0,0.0,0.0,0.0,0.0,0.0,0.0,0.0,0.0,0.0,0.0,0.0,0.0,0.0,0.0,0.0,0.0,0.0,0.0,0.0,0.0,0.0,0.0,0.0,0.0,0.0,0.0,0.0,0.0,0.0,0.0,0.0,0.0,0.0,0.0,0.0,0.0,0.0,0.0,0.0,0.0,0.0,0.0,0.0,0.0,0.0,0.0,0.0,0.0,0.0,0.0,0.0,0.0,0.0,0.0,0.0,0.0,0.0,0.0,0.0,0.0,0.0,0.0,0.0,0.0,0.0,0.0,0.0,0.0,0.0,0.0,0.0,0.0,0.0,0.0,0.0,0.0,0.0,0.0,0.0,0.0,0.0,0.0,0.0,0.0,0.0,0.0,0.0
0.0,0.0,0.0,0.0,0.0,0.0,0.0,0.0,0.0,0.0,0.0,0.0,0.0,0.0,0.0,0.0,0.0,0.0,0.0,0.0,0.0,0.0,0.0,0.0,0.0,0.0,0.0,0.0,0.0,0.0,0.0,0.0,0.0,0.0,0.0,0.0,0.0,0.0,0.0,0.0,0.0,0.0,0.0,0.0,0.0,0.0,0.0,0.0,0.0,0.0,0.0,0.0,0.0,0.0,0.0,0.0,0.0,0.0,0.0,0.0,0.0,0.0,0.0,0.0,0.0,0.0,0.0,0.0,0.0,0.0,0.0,0.0,0.0,0.0,0.0,0.0,0.0,0.0,0.0,0.0,0.0,0.0,0.0,0.0,0.0,0.0,0.0,0.0,0.0,0.0,0.0
0.0,0.0,0.0,0.0,0.0,0.0,0.0,0.0,0.0,0.0,0.0,0.0,0.0,0.0,0.0,0.0,0.0,0.0,0.0,0.0,0.0,0.0,0.0,0.0,0.0,0.0,0.0,0.0,0.0,0.0,0.0,0.0,0.0,0.0,0.0,0.0,0.0,0.0,0.0,0.0,0.0,0.0,0.0,0.0,0.0,0.0,0.0,0.0,0.0,0.0,0.0,0.0,0.0,0.0,0.0,0.0,0.0,0.0,0.0,0.0,0.0,0.0,0.0,0.0,0.0,0.0,0.0,0.0,0.0,0.0,0.0,0.0,0.0,0.0,0.0,0.0,0.0,0.0,0.0,0.0,0.0,0.0,0.0,0.0,0.0,0.0,0.0,0.0,0.0,0.0,0.0
0.0,0.0,0.0,0.0,0.0,0.0,0.0,0.0,0.0,0.0,0.0,0.0,0.0,0.0,0.0,0.0,0.0,0.0,0.0,0.0,0.0,0.0,0.0,0.0,0.0,0.0,0.0,0.0,0.0,0.0,0.0,0.0,0.0,0.0,0.0,0.0,0.0,0.0,0.0,0.0,0.0,0.0,0.0,0.0,0.0,0.0,0.0,0.0,0.0,0.0,0.0,0.0,0.0,0.0,0.0,0.0,0.0,0.0,0.0,0.0,0.0,0.0,0.0,0.0,0.0,0.0,0.0,0.0,0.0,0.0,0.0,0.0,0.0,0.0,0.0,0.0,0.0,0.0,0.0,0.0,0.0,0.0,0.0,0.0,0.0,0.0,0.0,0.0,0.0,0.0,0.0
0.0,0.0,0.0,0.0,0.0,0.0,0.0,0.0,0.0,0.0,0.0,0.0,0.0,0.0,0.0,0.0,0.0,0.0,0.0,0.0,0.0,0.0,0.0,0.0,0.0,0.0,0.0,0.0,0.0,0.0,0.0,0.0,0.0,0.0,0.0,0.0,0.0,0.0,0.0,0.0,0.0,0.0,0.0,0.0,0.0,0.0,0.0,0.0,0.0,0.0,0.0,0.0,0.0,0.0,0.0,0.0,0.0,0.0,0.0,0.0,0.0,0.0,0.0,0.0,0.0,0.0,0.0,0.0,0.0,0.0,0.0,0.0,0.0,0.0,0.0,0.0,0.0,0.0,0.0,0.0,0.0,0.0,0.0,0.0,0.0,0.0,0.0,0.0,0.0,0.0,0.0
0.0,0.0,0.0,0.0,0.0,0.0,0.0,0.0,0.0,0.0,0.0,0.0,0.0,0.0,0.0,0.0,0.0,0.0,0.0,0.0,0.0,0.0,0.0,0.0,0.0,0.0,0.0,0.0,0.0,0.0,0.0,0.0,0.0,0.0,0.0,0.0,0.0,0.0,0.0,0.0,0.0,0.0,0.0,0.0,0.0,0.0,0.0,0.0,0.0,0.0,0.0,0.0,0.0,0.0,0.0,0.0,0.0,0.0,0.0,0.0,0.0,0.0,0.0,0.0,0.0,0.0,0.0,0.0,0.0,0.0,0.0,0.0,0.0,0.0,0.0,0.0,0.0,0.0,0.0,0.0,0.0,0.0,0.0,0.0,0.0,0.0,0.0,0.0,0.0,0.0,0.0
0.0,0.0,0.0,0.0,0.0,0.0,0.0,0.0,0.0,0.0,0.0,0.0,0.0,0.0,0.0,0.0,0.0,0.0,0.0,0.0,0.0,0.0,0.0,0.0,0.0,0.0,0.0,0.0,0.0,0.0,0.0,0.0,0.0,0.0,0.0,0.0,0.0,0.0,0.0,0.0,0.0,0.0,0.0,0.0,0.0,0.0,0.0,0.0,0.0,0.0,0.0,0.0,0.0,0.0,0.0,0.0,0.0,0.0,0.0,0.0,0.0,0.0,0.0,0.0,0.0,0.0,0.0,0.0,0.0,0.0,0.0,0.0,0.0,0.0,0.0,0.0,0.0,0.0,0.0,0.0,0.0,0.0,0.0,0.0,0.0,0.0,0.0,0.0,0.0,0.0,0.0
0.0,0.0,0.0,0.0,0.0,0.0,0.0,0.0,0.0,0.0,0.0,0.0,0.0,0.0,0.0,0.0,0.0,0.0,0.0,0.0,0.0,0.0,0.0,0.0,0.0,0.0,0.0,0.0,0.0,0.0,0.0,0.0,0.0,0.0,0.0,0.0,0.0,0.0,0.0,0.0,0.0,0.0,0.0,0.0,0.0,0.0,0.0,0.0,0.0,0.0,0.0,0.0,0.0,0.0,0.0,0.0,0.0,0.0,0.0,0.0,0.0,0.0,0.0,0.0,0.0,0.0,0.0,0.0,0.0,0.0,0.0,0.0,0.0,0.0,0.0,0.0,0.0,0.0,0.0,0.0,0.0,0.0,0.0,0.0,0.0,0.0,0.0,0.0,0.0,0.0,0.0
0.0,0.0,0.0,0.0,0.0,0.0,0.0,0.0,0.0,0.0,0.0,0.0,0.0,0.0,0.0,0.0,0.0,0.0,0.0,0.0,0.0,0.0,0.0,0.0,0.0,0.0,0.0,0.0,0.0,0.0,0.0,0.0,0.0,0.0,0.0,0.0,0.0,0.0,0.0,0.0,0.0,0.0,0.0,0.0,0.0,0.0,0.0,0.0,0.0,0.0,0.0,0.0,0.0,0.0,0.0,0.0,0.0,0.0,0.0,0.0,0.0,0.0,0.0,0.0,0.0,0.0,0.0,0.0,0.0,0.0,0.0,0.0,0.0,0.0,0.0,0.0,0.0,0.0,0.0,0.0,0.0,0.0,0.0,0.0,0.0,0.0,0.0,0.0,0.0,0.0,0.0
0.0,0.0,0.0,0.0,0.0,0.0,0.0,0.0,0.0,0.0,0.0,0.0,0.0,0.0,0.0,0.0,0.0,0.0,0.0,0.0,0.0,0.0,0.0,0.0,0.0,0.0,0.0,0.0,0.0,0.0,0.0,0.0,0.0,0.0,0.0,0.0,0.0,0.0,0.0,0.0,0.0,0.0,0.0,0.0,0.0,0.0,0.0,0.0,0.0,0.0,0.0,0.0,0.0,0.0,0.0,0.0,0.0,0.0,0.0,0.0,0.0,0.0,0.0,0.0,0.0,0.0,0.0,0.0,0.0,0.0,0.0,0.0,0.0,0.0,0.0,0.0,0.0,0.0,0.0,0.0,0.0,0.0,0.0,0.0,0.0,0.0,0.0,0.0,0.0,0.0,0.0
0.0,0.0,0.0,0.0,0.0,0.0,0.0,0.0,0.0,0.0,0.0,0.0,0.0,0.0,0.0,0.0,8.753979043945264e-10,8.464215345228249e-10,8.027396035757007e-10,7.940186490587672e-10,6.526600234742118e-9,6.9179813198016245e-9,8.698000618123702e-9,7.256737330315796e-9,7.88580304828204e-9,1.1495829620051716e-8,1.3965626160436273e-8,1.360942048508454e-8,1.7013918116331233e-8,2.2003379289605303e-8,1.806639377114135e-8,2.1622794810216672e-8,2.806434559619747e-8,3.147367007089602e-8,2.9661554317232945e-8,3.28592474929106e-8,3.62096932373499e-8,4.318463721181166e-8,4.433053263554315e-8,0.0009790656173606074,0.003861721692258928,0.010878273730131605,0.01582533651302436,0.015825336517165233,0.0414254764164109,0.11856308919037153,0.14474402380387355,0.19207620982781035,0.2706898270502316,0.36405606119195494,0.5465792308198841,0.5791256131027123,0.6639364255309186,0.8037577845902318,0.8728240039634149,0.9115757114482027,0.9423670380768223,0.9568693656764339,0.9568693656809817,0.9773651536394272,0.9858452744798035,0.994526827611173,0.9975447759218761,0.9985985292487403,0.9994104008733351,0.9994104008965263,0.99961147020613,0.9998488740860171,0.9999249713129411,0.9999725917210736,0.9999852729724414,0.9999941583192474,0.9999996276886663,0.9999996276950052,0.9999997313126234,1.0000000165067306,0.0,0.0,0.0,0.0,0.0,0.0,0.0,0.0,0.0,0.0,0.0,0.0,0.0,0.0,0.0
0.0,0.0,0.0,0.0,0.0,0.0,0.0,0.0,0.0,0.0,0.0,0.0,0.0,0.0,0.0,0.0,8.606709013167166e-10,7.78840219628091e-10,7.998309906551905e-10,8.053482546796965e-10,5.979297029704956e-9,6.36484985341853e-9,7.3837807394934345e-9,6.774614684866415e-9,1.167892659658751e-8,1.1931767188460699e-8,1.4041767458433969e-8,1.376889691381596e-8,1.7952382929282103e-8,2.2333740376944157e-8,2.0142236267700837e-8,2.3011967633001993e-8,3.195029142849143e-8,4.022703464538268e-8,3.3737636392048303e-8,3.75527896518102e-8,4.681320708670118e-5,0.0004749135011651551,0.0013834966776981004,0.00785681589437204,0.021689720577720725,0.04809464192041508,0.06429312080605705,0.11868288854497042,0.19029238854602248,0.2964994296979642,0.384462625054311,0.4796413622330614,0.5793256090797009,0.6753236249912761,0.7728096038701067,0.8356710986195692,0.8867171190984159,0.9152775119395556,0.9533751327322144,0.9703486069009168,0.9835815132488851,0.9877786282422701,0.9944503140277633,0.9967554334073204,0.9986059623502732,0.9990544761492685,0.999600240007581,0.9998057708425031,0.9999287879978745,0.9999623826368259,0.9999843084991514,0.9999969864963736,0.9999989889905845,0.9999992388600571,0.9999999732782928,1.0000000028164089,1.0000000113002152,1.000000023954763,1.0000000265310398,1.0000000285030097,0.0,0.0,0.0,0.0,0.0,0.0,0.0,0.0,0.0,0.0,0.0,0.0,0.0,0.0,0.0
0.0,0.0,0.0,0.0,0.0,0.0,0.0,0.0,0.0,0.0,0.0,0.0,0.0,0.0,0.0,0.0,7.423149317533904e-10,7.466780822094832e-10,7.04886032238755e-10,6.958985758118332e-10,5.635127612154334e-9,5.934046677306098e-9,6.374858245195062e-9,6.509228679011293e-9,1.173012730930806e-8,1.2507664612256748e-8,1.3261133897481321e-8,1.408588430842804e-8,1.93037892914143e-8,2.219448086938067e-8,2.091315090380056e-8,2.4753498862147542e-8,3.204950405220111e-8,3.6833368371182266e-8,3.301614702264648e-8,3.716156124769259e-8,0.0005659393506951294,0.004329065075494852,0.010547688390845978,0.03435635789274854,0.07345701119337793,0.14058761288970714,0.18248469406395784,0.26806169019757353,0.3728242869174846,0.5006132138854194,0.6168840166543128,0.7071687483046435,0.7857094529894643,0.8402586040677859,0.9063188707793365,0.9391951949831681,0.9642752893049987,0.9731813394139903,0.9875967305234317,0.9926343391412172,0.9967501000975756,0.9977101444342886,0.9990391007266506,0.9994978792916477,0.9998151089417551,0.9999042816534649,0.9999579047357001,0.9999919453727528,0.9999973156463265,0.9999979162414953,0.9999998959554061,0.9999999747791174,0.9999999897843477,1.0000000170284464,1.0000000197832943,1.0000000205302875,1.0000000263499902,1.0000000308222425,1.0000000342009923,1.0000000364930042,0.0,0.0,0.0,0.0,0.0,0.0,0.0,0.0,0.0,0.0,0.0,0.0,0.0,0.0,0.0
0.0,0.0,0.0,0.0,0.0,0.0,0.0,0.0,0.0,0.0,0.0,0.0,0.0,0.0,0.0,0.0,6.819285462919208e-10,7.111092016980853e-10,7.124524199168816e-10,7.356542917087821e-10,5.701089833878527e-9,5.9809905251689605e-9,5.943022717949385e-9,6.716527134292521e-9,1.1983297534448798e-8,1.2980220271969807e-8,1.273111800147132e-8,1.4863149318584062e-8,2.1068268552394012e-8,2.2882916735520838e-8,2.1969714152183355e-8,2.800402452578472e-8,3.141818736573645e-8,3.355955898356153e-8,3.1491246723938e-8,0.004079317534201343,0.015098681737187813,0.03755924863420005,0.04666601482618535,0.10466447709421019,0.17950339545648236,0.30049932066068985,0.40466135060279884,0.5093045783624542,0.6176933552457987,0.715038827947771,0.817873646108618,0.8778054558018792,0.9230634626204759,0.9424466145419104,0.972583711060455,0.983713661003365,0.9925597537305038,0.994483181667298,0.9977234555243228,0.9987037389776069,0.9995202240370928,0.9997574102998296,0.9998871251997933,0.9999785232918047,0.9999929245359369,0.9999943486138033,0.9999996912364645,0.9999999032689171,0.9999999429779891,1.000000013095337,1.0000000164651999,1.000000017363871,1.000000018606845,1.000000020274515,1.0000000222570853,1.0000000237322566,1.0000000332694299,1.0000000371808058,1.0000000403388252,1.0000000430188807,0.0,0.0,0.0,0.0,0.0,0.0,0.0,0.0,0.0,0.0,0.0,0.0,0.0,0.0,0.0
0.0,0.0,0.0,0.0,0.0,0.0,0.0,0.0,0.0,0.0,0.0,0.0,0.0,0.0,0.0,0.0,7.165064262984548e-10,7.323814386811713e-10,6.877757711736657e-10,7.11573598076379e-10,5.76221885192153e-9,6.138972333192754e-9,5.8700640459426364e-9,7.797168445906977e-9,1.2313417267764224e-8,1.310766651065348e-8,1.2326721094606748e-8,1.6360040489232762e-8,2.3508771239479116e-8,2.5339042766787077e-8,2.4470319615230128e-8,2.7865543637872533e-8,0.00019494719959625603,0.001978689127402767,0.005764464180620871,0.026107781316352514,0.06496598321159108,0.1326865861547954,0.17579470778310347,0.27146620719596304,0.3879457075942793,0.5303636546349983,0.6630223387046464,0.7576239628752104,0.835334225255438,0.880131636503838,0.9399658147358646,0.965310557480319,0.9833744620034661,0.9867818692330136,0.9947062626782033,0.9966585698968533,0.9987556332509437,0.9993878816917778,0.9996973994139625,0.9999427895603757,0.99998140721344,0.9999847183539793,0.9999991399334043,0.9999997126869198,0.999999819562622,1.0000000082164926,1.000000015129952,1.0000000153681599,1.0000000157336506,1.0000000161197748,1.0000000173658279,1.000000018723389,1.0000000209761333,1.0000000233971313,1.000000025053616,1.0000000275658274,1.0000000364483537,1.0000000421765292,1.0000000443805892,1.00000004702456,0.0,0.0,0.0,0.0,0.0,0.0,0.0,0.0,0.0,0.0,0.0,0.0,0.0,0.0,0.0
0.0,0.0,0.0,0.0,0.0,0.0,0.0,0.0,0.0,0.0,0.0,0.0,0.0,0.0,0.0,0.0,6.701985611196123e-10,7.371929148609283e-10,6.907116754646078e-10,6.041744579241902e-10,5.7517017531782166e-9,6.233228835705656e-9,5.957795392663721e-9,9.621254315714573e-9,1.261433173946336e-8,1.3466263291007069e-8,1.26770029758903e-8,1.8148484856917296e-8,2.197028526625373e-8,2.372009730671163e-8,2.2923321657510013e-8,2.863852439849907e-8,0.002041237524751564,0.014822346028277943,0.034581396156860116,0.09443739693123301,0.17722402141357893,0.312262173573841,0.40274305047690717,0.5144333849554356,0.6462883517243612,0.7607776653307309,0.8690858530171821,0.9302196193807891,0.964094014704736,0.9685120806935987,0.9879956409985371,0.9914002449476086,0.9967740325471773,0.9984631788457334,0.9991888119017401,0.999847675744559,0.9999512253905004,0.9999587217427917,0.9999976509385027,0.999999198897056,0.999999487575339,0.9999999974813233,1.000000014318828,1.0000000143210015,1.0000000143314807,1.0000000143337051,1.0000000147273633,1.000000016008404,1.0000000165457044,1.0000000177076311,1.0000000182358382,1.0000000203266362,1.0000000226986336,1.0000000256651622,1.0000000275523708,1.000000030685878,1.0000000362241988,1.0000000444294797,1.0000000465191787,1.0000000494223593,0.0,0.0,0.0,0.0,0.0,0.0,0.0,0.0,0.0,0.0,0.0,0.0,0.0,0.0,0.0
0.0,0.0,0.0,0.0,0.0,0.0,0.0,0.0,0.0,0.0,0.0,0.0,0.0,0.0,0.0,0.0,6.936290888259658e-10,7.211902897538163e-10,7.021340064325488e-10,5.408411169833643e-9,5.669421515334524e-9,6.3020120675654405e-9,6.017346506477158e-9,1.0731838543090455e-8,1.2671661110806071e-8,1.4175956608715187e-8,1.4102915725322937e-8,2.297952331026924e-8,2.324186167523041e-8,2.2737666269134622e-8,2.234647340557435e-8,0.016997063987384913,0.05929361701198064,0.12936007667692487,0.12936007587259415,0.2423917202424675,0.35978588689245095,0.5400959830356804,0.76061466220631,0.867637756020522,0.9254207755984292,0.9254207755908389,0.9733829084171179,0.9779122411695158,0.991638055807939,0.9961591561495367,0.9978252479820823,0.9995944129450911,0.9998722082901573,0.9998885425581499,0.9999937566461907,0.9999978103361163,0.999998590567966,0.9999999687252973,1.0000000143175194,1.0000000143177437,1.0000000143178382,1.000000014317952,1.0000000143186258,1.0000000143192207,1.0000000143238454,1.000000014323835,1.0000000143814405,1.0000000168075935,1.000000017907644,1.0000000193445142,1.0000000190158627,1.000000021629116,1.000000023199316,1.000000026918583,1.000000028440497,1.0000000319604783,1.000000034580356,1.0000000453929847,1.0000000480010711,1.0000000552073582,0.0,0.0,0.0,0.0,0.0,0.0,0.0,0.0,0.0,0.0,0.0,0.0,0.0,0.0,0.0
0.0,0.0,0.0,0.0,0.0,0.0,0.0,0.0,0.0,0.0,0.0,0.0,0.0,0.0,0.0,0.0,5.993807295078785e-10,7.101126962468752e-10,7.239647001411811e-10,5.233619215781018e-9,5.70629397426161e-9,6.488012769412481e-9,1.0107673860003181e-8,1.196964318028421e-8,1.3733447348798174e-8,1.8874755849309107e-8,1.8439547351378638e-8,2.7759408327578235e-8,0.000812204244780151,0.008244461577792463,0.024018526607507175,0.08116214750849544,0.17119255976662634,0.31979953164606406,0.4689548389174056,0.5916316627766737,0.7585680152093598,0.8507884038276453,0.9056987153803746,0.9537703562927089,0.9803893022205165,0.9905408240218645,0.9949363114118778,0.9989313506766401,0.9996701445821243,0.9997097016769277,0.9999834529685236,0.99999440890451,0.9999961662295825,0.9999998910279155,0.9999998909964881,1.0000000143172438,1.000000014317366,1.0000000143173786,1.0000000143176413,1.0000000143178949,1.000000014317899,1.0000000143183005,1.000000014318656,1.0000000143186396,1.0000000143197023,1.0000000143202314,1.0000000143249401,1.0000000143545098,1.0000000143724872,1.0000000158778486,1.0000000197434478,1.0000000218056806,1.000000023394262,1.0000000263575701,1.0000000306447745,1.0000000333958505,1.0000000363694737,1.0000000487293095,1.0000000514118794,1.0000000549645203,0.0,0.0,0.0,0.0,0.0,0.0,0.0,0.0,0.0,0.0,0.0,0.0,0.0,0.0,0.0
0.0,0.0,0.0,0.0,0.0,0.0,0.0,0.0,0.0,0.0,0.0,0.0,0.0,0.0,0.0,0.0,6.245580774931091e-10,7.063653621548615e-10,7.206824981173203e-10,5.277037764164735e-9,5.799231340205186e-9,6.608063639110013e-9,1.0867822787565583e-8,1.1821200571657298e-8,1.476454657073043e-8,1.8250521214919783e-8,1.885028933250976e-8,2.2020521230100648e-8,0.007185286130707353,0.04836248813647456,0.10505900926144311,0.2353968551224831,0.3688345181871113,0.5819880319097291,0.7166143131056212,0.8083837496161406,0.9055251981931164,0.9547278085075213,0.9768163705207296,0.9884300442413927,0.9972354156215584,0.9991478011506562,0.9992450139955887,0.999956203649591,0.9999858143138232,0.9999896139702533,0.9999996809363869,0.9999996809214364,1.000000014317127,1.0000000143172025,1.0000000143172243,1.0000000143173653,1.0000000143175147,1.000000014317505,1.0000000143176884,1.000000014317963,1.0000000143178995,1.0000000143181205,1.0000000143185754,1.00000001431844,1.0000000143186856,1.0000000143193002,1.0000000143197827,1.0000000143256442,1.0000000143258587,1.0000000144361154,1.0000000191935674,1.0000000208075106,1.0000000219899667,1.0000000255730257,1.0000000298879324,1.0000000318464557,1.0000000353102412,1.0000000486315617,1.0000000509370577,1.000000054651665,0.0,0.0,0.0,0.0,0.0,0.0,0.0,0.0,0.0,0.0,0.0,0.0,0.0,0.0,0.0
0.0,0.0,0.0,0.0,0.0,0.0,0.0,0.0,0.0,0.0,0.0,0.0,0.0,0.0,0.0,0.0,5.653764000136047e-10,7.122992466768984e-10,7.216948527316165e-10,5.4209676544529356e-9,5.893999541492748e-9,6.490726671378002e-9,1.1588667969132236e-8,1.245780233256576e-8,1.7207742426316683e-8,1.7046584320628933e-8,1.8572786616347238e-8,0.007213031317104158,0.057892859965774784,0.1557574812378034,0.33125086342201515,0.5023206328671742,0.6358299066168829,0.8116450992280326,0.8976110604198395,0.9435053523741044,0.9742198459585629,0.9928550866516158,0.9977957103419003,0.99803955008125,0.999884174263247,0.9999642031432391,0.999971905169308,0.9999991131731135,0.9999991131553673,1.0000000143170928,1.000000014317112,1.000000014317129,1.0000000143172307,1.0000000143173156,1.0000000143173353,1.0000000143174501,1.000000014317617,1.0000000143176009,1.0000000143177377,1.0000000143180123,1.0000000143179206,1.0000000143180223,1.0000000143184582,1.000000014318298,1.0000000143184335,1.0000000143189707,1.0000000143187682,1.0000000143207306,1.0000000143207113,1.0000000143339542,1.0000000191292144,1.000000020275344,1.0000000210047373,1.0000000245987284,1.000000028209336,1.0000000298664198,1.0000000343402147,1.000000047354086,1.0000000495601706,1.0000000541098968,0.0,0.0,0.0,0.0,0.0,0.0,0.0,0.0,0.0,0.0,0.0,0.0,0.0,0.0,0.0
0.0,0.0,0.0,0.0,0.0,0.0,0.0,0.0,0.0,0.0,0.0,0.0,0.0,0.0,0.0,0.0,6.090105448035703e-10,6.956168106994098e-10,7.291815030954104e-10,5.055154268147586e-9,5.977703078236393e-9,6.600396298861924e-9,1.3317601758911172e-8,1.4908819936066784e-8,1.417748253622091e-8,0.0033841256172110717,0.034351862125956596,0.08835598299852952,0.23302239802073157,0.38563758819403254,0.6322494223232453,0.7748039810734849,0.8632884475207492,0.9445452276708471,0.9815533098735415,0.9942901688227154,0.9949178874369606,0.9996938717150867,0.9999101660003649,0.9999240435493929,0.9999975786781281,0.9999975786694195,1.0000000143170615,1.0000000143170804,1.0000000143170789,1.0000000143171377,1.0000000143172072,1.0000000143172565,1.0000000143173164,1.0000000143174028,1.0000000143174503,1.0000000143175327,1.00000001431769,1.0000000143176138,1.000000014317738,1.000000014318063,1.0000000143178507,1.0000000143179608,1.0000000143184256,1.0000000143181815,1.0000000143182302,1.0000000143188517,1.0000000143185654,1.0000000143188807,1.0000000143193823,1.0000000143203962,1.0000000143294023,1.0000000143329,1.0000000146715546,1.000000023204684,1.0000000258741248,1.0000000276440602,1.000000033715945,1.0000000429788882,1.0000000475333088,1.0000000530903657,0.0,0.0,0.0,0.0,0.0,0.0,0.0,0.0,0.0,0.0,0.0,0.0,0.0,0.0,0.0
0.0,0.0,0.0,0.0,0.0,0.0,0.0,0.0,0.0,0.0,0.0,0.0,0.0,0.0,0.0,0.0,6.680102564435989e-10,6.977724962616692e-10,7.180856120870995e-10,4.629269662752569e-9,6.1919688457425875e-9,7.386918666689139e-9,1.0834397110829164e-8,1.3963523604142415e-8,1.373857079214161e-8,0.024439459407249963,0.1456885610371204,0.28304730682708523,0.5129073347163319,0.6700232942281233,0.8868664069930586,0.9524255260957742,0.9851841232528854,0.9868494692608647,0.9991913552114681,0.9997759343652438,0.9997946878233912,0.9999934314139576,0.9999934314108371,1.0000000143170913,1.0000000143170948,1.0000000143170578,1.0000000143171668,1.000000014317148,1.000000014317184,1.0000000143172598,1.0000000143172958,1.0000000143173542,1.000000014317405,1.0000000143174812,1.0000000143175654,1.0000000143175676,1.000000014317681,1.0000000143176084,1.000000014317723,1.0000000143180026,1.000000014317802,1.0000000143179184,1.0000000143182917,1.0000000143180947,1.0000000143180947,1.0000000143186227,1.0000000143184133,1.0000000143184047,1.0000000143190177,1.0000000143188392,1.000000014321054,1.000000014321249,1.0000000143490413,1.000000021306232,1.000000023273201,1.0000000249294607,1.0000000327227134,1.0000000377432818,1.0000000455512053,1.000000051747241,0.0,0.0,0.0,0.0,0.0,0.0,0.0,0.0,0.0,0.0,0.0,0.0,0.0,0.0,0.0
0.0,0.0,0.0,0.0,0.0,0.0,0.0,0.0,0.0,0.0,0.0,0.0,0.0,0.0,0.0,0.0,6.821254926210029e-10,6.831817508523319e-10,6.281299035718165e-10,4.3746342530099145e-9,8.778982431331449e-9,1.1953274568163947e-8,9.027177313941734e-9,1.4018568456447084e-8,0.030054251451035362,0.1962889312786803,0.3592864689183196,0.7840445831302301,0.9002853541538733,0.9659788090954996,0.9659788091202857,0.9978651341141649,0.9994450777654849,0.9994450777597078,0.9999822226014062,0.9999822226010833,1.0000000143170824,1.0000000143171017,1.0000000143170615,1.0000000143171979,1.0000000143171446,1.0000000143170722,1.0000000143171983,1.0000000143172005,1.0000000143173176,1.0000000143172803,1.0000000143173258,1.0000000143174335,1.0000000143174705,1.000000014317506,1.0000000143176189,1.0000000143175714,1.0000000143176575,1.0000000143176289,1.0000000143177892,1.0000000143178698,1.000000014317759,1.0000000143178869,1.0000000143180465,1.0000000143180106,1.0000000143179908,1.0000000143182897,1.000000014318251,1.0000000143182821,1.0000000143185934,1.00000001431866,1.0000000143190884,1.000000014319461,1.0000000143224832,1.000000020232676,1.0000000219277758,1.000000022708175,1.000000029414206,1.0000000350511224,1.0000000440269232,1.0000000546948449,0.0,0.0,0.0,0.0,0.0,0.0,0.0,0.0,0.0,0.0,0.0,0.0,0.0,0.0,0.0
0.0,0.0,0.0,0.0,0.0,0.0,0.0,0.0,0.0,0.0,0.0,0.0,0.0,0.0,0.0,0.0,6.918378013657903e-10,6.936666684121837e-10,5.257933423572658e-9,4.649721985484823e-9,1.1180922038707497e-8,1.0544019081418844e-8,0.01410048970977731,0.14313271267710992,0.319311748214718,0.6142796433941766,0.7983795734435639,0.9239355471935371,0.9746540793914895,0.9943670543867554,0.9986371723591532,0.9999519285160291,0.9999519285162283,1.0000000143171233,1.0000000143171128,1.0000000143172139,1.0000000143171395,1.0000000143172039,1.0000000143171026,1.0000000143172763,1.000000014317103,1.0000000143173335,1.000000014317284,1.0000000143173393,1.000000014317363,1.0000000143174193,1.000000014317466,1.000000014317495,1.0000000143175185,1.0000000143175634,1.0000000143176437,1.0000000143176115,1.000000014317689,1.0000000143176453,1.0000000143177512,1.0000000143177996,1.0000000143178673,1.0000000143178294,1.0000000143179655,1.0000000143179997,1.00000001431806,1.0000000143181804,1.000000014318151,1.000000014318456,1.000000014318411,1.0000000143184606,1.0000000143189536,1.0000000143190129,1.0000000143219048,1.000000014322777,1.0000000143987609,1.0000000247268417,1.0000000291125648,1.000000033719449,1.000000047997053,1.000000053591718,0.0,0.0,0.0,0.0,0.0,0.0,0.0,0.0,0.0,0.0,0.0,0.0,0.0,0.0,0.0
0.0,0.0,0.0,0.0,0.0,0.0,0.0,0.0,0.0,0.0,0.0,0.0,0.0,0.0,0.0,0.0,7.271904818674128e-10,6.980188495907491e-10,5.389916748910647e-9,5.4377271764222534e-9,1.0432766364894825e-8,1.0320568417809533e-8,0.07891776898573942,0.37444498734445364,0.6141485496688064,0.8362973715616634,0.9404969459974727,0.9851460324430545,0.9966868918788082,0.999870052616636,0.9998700526157405,1.0000000143171492,1.000000014317135,1.00000001431716,1.000000014317158,1.000000014317205,1.0000000143171823,1.0000000143172445,1.0000000143171937,1.0000000143173244,1.000000014317283,1.0000000143172998,1.00000001431734,1.000000014317385,1.00000001431743,1.0000000143174446,1.0000000143174306,1.000000014317508,1.0000000143175345,1.0000000143175611,1.000000014317619,1.0000000143176122,1.0000000143176595,1.0000000143176737,1.0000000143177246,1.000000014317754,1.000000014317812,1.0000000143178203,1.000000014317897,1.0000000143179288,1.0000000143179684,1.0000000143180725,1.000000014318095,1.0000000143182195,1.0000000143182726,1.0000000143184067,1.0000000143186039,1.000000014318597,1.000000014319384,1.0000000143195766,1.0000000143273629,1.0000000219705927,1.0000000255541317,1.0000000319299862,1.0000000454963438,1.0000000517875214,0.0,0.0,0.0,0.0,0.0,0.0,0.0,0.0,0.0,0.0,0.0,0.0,0.0,0.0,0.0
0.0,0.0,0.0,0.0,0.0,0.0,0.0,0.0,0.0,0.0,0.0,0.0,0.0,0.0,0.0,0.0,7.58352934096623e-10,7.202938901846202e-10,5.810592583292846e-9,7.0448784132998e-9,1.0050123320793307e-8,0.12522600903405026,0.3292830585109854,0.6678909171024633,0.8606531732770033,0.9608547505220202,0.9920462624800047,0.9996487664051039,0.999648766416978,1.0000000143171754,1.000000014317161,1.0000000143171766,1.0000000143171732,1.0000000143171908,1.0000000143172054,1.00000001431724,1.00000001431724,1.000000014317301,1.0000000143172874,1.0000000143173307,1.0000000143173313,1.0000000143173786,1.0000000143173815,1.000000014317417,1.0000000143174352,1.0000000143174663,1.0000000143175025,1.0000000143175174,1.0000000143175454,1.0000000143175753,1.0000000143175982,1.0000000143176142,1.0000000143176475,1.0000000143176713,1.0000000143177175,1.000000014317732,1.0000000143177674,1.0000000143178118,1.000000014317846,1.0000000143178749,1.0000000143179355,1.0000000143179961,1.0000000143180432,1.0000000143181451,1.000000014318169,1.0000000143183287,1.000000014318388,1.0000000143184566,1.0000000143188539,1.000000014318901,1.0000000143211425,1.000000020978679,1.0000000237703535,1.0000000300913743,1.0000000421174655,1.0000000499270616,0.0,0.0,0.0,0.0,0.0,0.0,0.0,0.0,0.0,0.0,0.0,0.0,0.0,0.0,0.0
0.0,0.0,0.0,0.0,0.0,0.0,0.0,0.0,0.0,0.0,0.0,0.0,0.0,0.0,0.0,0.0,7.556806702588722e-10,7.120863872750101e-10,7.310437195876597e-9,6.125919410263859e-9,0.058752006257585435,0.3928940192928324,0.6737157514932719,0.8969064181769704,0.9812078018594175,0.9990506955752225,0.9990506955891084,1.0000000143172076,1.0000000143171919,1.000000014317203,1.0000000143171928,1.0000000143171854,1.000000014317218,1.0000000143172365,1.000000014317262,1.0000000143172862,1.0000000143173182,1.0000000143173415,1.0000000143173167,1.0000000143173684,1.0000000143173824,1.000000014317396,1.0000000143174146,1.0000000143174401,1.000000014317469,1.000000014317523,1.000000014317483,1.000000014317523,1.0000000143175694,1.0000000143175594,1.0000000143175949,1.0000000143176344,1.000000014317631,1.000000014317663,1.0000000143176675,1.0000000143177132,1.0000000143177328,1.000000014317794,1.0000000143178112,1.0000000143178573,1.0000000143178882,1.0000000143178969,1.000000014318005,1.0000000143180074,1.0000000143180898,1.000000014318237,1.0000000143182324,1.000000014318414,1.0000000143185475,1.00000001431857,1.0000000143196321,1.000000014319884,1.0000000143379804,1.0000000282111345,1.0000000360475931,1.0000000476572735,0.0,0.0,0.0,0.0,0.0,0.0,0.0,0.0,0.0,0.0,0.0,0.0,0.0,0.0,0.0
0.0,0.0,0.0,0.0,0.0,0.0,0.0,0.0,0.0,0.0,0.0,0.0,0.0,0.0,0.0,0.0,7.754520171305789e-10,3.596946711690944e-10,5.843719541384038e-9,7.969051895685945e-9,0.2333520064902478,0.7286779011858315,0.9565194786876775,0.9974342879216515,0.9974342879364466,1.0000000143172734,1.0000000143172079,1.0000000143172572,1.0000000143171943,1.000000014317241,1.0000000143172347,1.000000014317222,1.0000000143172738,1.0000000143172738,1.0000000143173142,1.0000000143173335,1.0000000143173904,1.000000014317374,1.000000014317351,1.0000000143174104,1.000000014317439,1.000000014317399,1.0000000143174603,1.0000000143174796,1.0000000143174683,1.0000000143175003,1.0000000143175394,1.0000000143175505,1.0000000143175964,1.0000000143175423,1.000000014317615,1.0000000143176495,1.0000000143176133,1.0000000143176824,1.0000000143176073,1.0000000143176866,1.0000000143177659,1.0000000143176986,1.0000000143177925,1.000000014317839,1.0000000143178374,1.0000000143178154,1.0000000143179089,1.00000001431797,1.0000000143180139,1.0000000143181493,1.0000000143181018,1.0000000143182948,1.0000000143183299,1.000000014318426,1.000000014318802,1.00000001431885,1.0000000143217127,1.0000000244681315,1.0000000298976137,1.000000044747232,0.0,0.0,0.0,0.0,0.0,0.0,0.0,0.0,0.0,0.0,0.0,0.0,0.0,0.0,0.0
0.0,0.0,0.0,0.0,0.0,0.0,0.0,0.0,0.0,0.0,0.0,0.0,0.0,0.0,0.0,0.0,7.210288996505432e-10,1.2509942336236006e-9,4.670052129521098e-9,0.5217750089445713,0.902239723159253,0.9930656185819399,0.9930656185955467,1.0000000143173093,1.000000014317191,1.0000000143172776,1.0000000143172314,1.0000000143172032,1.0000000143172858,1.0000000143172982,1.0000000143172738,1.0000000143172545,1.0000000143173053,1.0000000143173147,1.0000000143173648,1.0000000143173797,1.0000000143174526,1.0000000143173982,1.0000000143173735,1.0000000143174226,1.0000000143174776,1.0000000143174044,1.0000000143174652,1.000000014317526,1.0000000143174377,1.0000000143175687,1.0000000143174557,1.0000000143175365,1.0000000143176067,1.0000000143175252,1.00000001431759,1.0000000143176477,1.0000000143175956,1.0000000143175491,1.0000000143176788,1.0000000143176493,1.0000000143177468,1.0000000143176635,1.000000014317738,1.000000014317794,1.00000001431778,1.0000000143177736,1.0000000143178525,1.0000000143178691,1.0000000143179453,1.0000000143180348,1.0000000143179983,1.0000000143181804,1.0000000143181371,1.0000000143183734,1.000000014318469,1.0000000143184928,1.0000000143196952,1.0000000215478775,1.0000000259715467,1.0000000483619214,0.0,0.0,0.0,0.0,0.0,0.0,0.0,0.0,0.0,0.0,0.0,0.0,0.0,0.0,0.0
0.0,0.0,0.0,0.0,0.0,0.0,0.0,0.0,0.0,0.0,0.0,0.0,0.0,0.0,0.0,0.0,8.72577928616741e-10,9.03086795720924e-9,0.2448000066315471,0.7891740116529837,0.981258404144064,1.0000000143173444,1.0000000143173426,1.0000000143173353,1.0000000143172951,1.0000000143173235,1.0000000143173298,1.0000000143173235,1.0000000143172698,1.0000000143173677,1.0000000143173484,1.000000014317298,1.0000000143173589,1.0000000143173933,1.0000000143174226,1.0000000143174446,1.0000000143175005,1.0000000143174608,1.0000000143174077,1.0000000143174606,1.0000000143175296,1.0000000143174526,1.0000000143174945,1.0000000143175674,1.0000000143174912,1.0000000143175767,1.0000000143175132,1.0000000143175627,1.0000000143176258,1.0000000143175547,1.0000000143175942,1.0000000143176662,1.0000000143176204,1.0000000143175805,1.0000000143176413,1.0000000143176802,1.0000000143177326,1.000000014317675,1.000000014317718,1.0000000143177947,1.0000000143177712,1.000000014317745,1.0000000143178034,1.0000000143178707,1.0000000143179022,1.0000000143179812,1.0000000143179621,1.0000000143180385,1.0000000143181804,1.0000000143182044,1.00000001431835,1.000000014318602,1.0000000143188457,1.0000000143237984,1.0000000272457483,1.0000000451995135,0.0,0.0,0.0,0.0,0.0,0.0,0.0,0.0,0.0,0.0,0.0,0.0,0.0,0.0,0.0
0.0,0.0,0.0,0.0,0.0,0.0,0.0,0.0,0.0,0.0,0.0,0.0,0.0,0.0,0.0,0.0,1.4227594325388482e-9,6.581692861086683e-9,0.5745000088556985,0.9493470136989753,1.000000014317385,1.0000000143173673,1.0000000143173666,1.000000014317343,1.0000000143173386,1.000000014317366,1.0000000143173584,1.0000000143173524,1.0000000143173535,1.0000000143173826,1.0000000143173768,1.000000014317366,1.0000000143173984,1.000000014317423,1.0000000143174494,1.0000000143174719,1.0000000143174963,1.000000014317473,1.0000000143174583,1.0000000143174923,1.0000000143175143,1.0000000143174916,1.0000000143175225,1.0000000143175305,1.0000000143175651,1.0000000143175378,1.00000001431758,1.0000000143175753,1.0000000143175958,1.0000000143175773,1.000000014317602,1.0000000143176266,1.0000000143176138,1.000000014317605,1.0000000143176264,1.0000000143176648,1.0000000143176906,1.0000000143176722,1.0000000143177055,1.0000000143177383,1.0000000143177354,1.0000000143177428,1.000000014317772,1.0000000143178136,1.0000000143178502,1.000000014317901,1.000000014317897,1.0000000143179615,1.0000000143180223,1.0000000143181098,1.0000000143182248,1.0000000143182952,1.0000000143184735,1.0000000143196328,1.0000000217623553,1.0000000425305224,0.0,0.0,0.0,0.0,0.0,0.0,0.0,0.0,0.0,0.0,0.0,0.0,0.0,0.0,0.0
0.0,0.0,0.0,0.0,0.0,0.0,0.0,0.0,0.0,0.0,0.0,0.0,0.0,0.0,0.0,0.0,4.279633583996468e-10,0.2400000047396396,0.8631000124892536,1.000000014317417,1.0000000143173993,1.0000000143173933,1.000000014317381,1.0000000143173793,1.000000014317394,1.0000000143173944,1.000000014317381,1.0000000143173853,1.0000000143173948,1.0000000143174044,1.0000000143174148,1.0000000143174206,1.0000000143174415,1.0000000143174492,1.000000014317472,1.0000000143174939,1.0000000143175038,1.0000000143174894,1.000000014317503,1.0000000143175154,1.0000000143175138,1.00000001431753,1.0000000143175423,1.0000000143175516,1.0000000143175487,1.0000000143175811,1.0000000143175518,1.000000014317594,1.0000000143175842,1.0000000143175911,1.0000000143176098,1.00000001431761,1.0000000143176067,1.0000000143176153,1.000000014317629,1.0000000143176495,1.0000000143176595,1.000000014317679,1.000000014317698,1.0000000143177044,1.000000014317714,1.0000000143177434,1.0000000143177499,1.0000000143177743,1.0000000143178107,1.000000014317834,1.0000000143178664,1.0000000143179073,1.0000000143179337,1.0000000143180252,1.0000000143181158,1.000000014318219,1.0000000143183754,1.0000000143187604,1.0000000193135976,1.0000000314037891,0.0,0.0,0.0,0.0,0.0,0.0,0.0,0.0,0.0,0.0,0.0,0.0,0.0,0.0,0.0
0.0,0.0,0.0,0.0,0.0,0.0,0.0,0.0,0.0,0.0,0.0,0.0,0.0,0.0,0.0,0.0,1.1663183037722815e-9,0.6300000091809039,1.0000000143174046,1.0000000143174324,1.0000000143174117,1.0000000143174046,1.000000014317409,1.0000000143174212,1.0000000143174081,1.0000000143174057,1.0000000143174177,1.000000014317397,1.0000000143174261,1.0000000143174,1.000000014317465,1.0000000143174486,1.0000000143174426,1.0000000143174812,1.0000000143174914,1.0000000143175076,1.0000000143174705,1.0000000143175392,1.0000000143175214,1.0000000143174983,1.000000014317537,1.0000000143175405,1.0000000143175327,1.0000000143175725,1.0000000143175636,1.000000014317524,1.0000000143175989,1.0000000143175407,1.0000000143176118,1.0000000143175942,1.000000014317569,1.000000014317624,1.0000000143176078,1.000000014317614,1.000000014317619,1.0000000143176193,1.0000000143176562,1.000000014317661,1.0000000143176384,1.000000014317706,1.0000000143177075,1.0000000143176981,1.0000000143177372,1.0000000143177477,1.0000000143177705,1.0000000143177918,1.0000000143178136,1.0000000143178052,1.0000000143179029,1.0000000143179235,1.0000000143180416,1.000000014318131,1.0000000143181786,1.0000000143183914,1.000000014319993,1.0000000235015132,0.0,0.0,0.0,0.0,0.0,0.0,0.0,0.0,0.0,0.0,0.0,0.0,0.0,0.0,0.0
0.0,0.0,0.0,0.0,0.0,0.0,0.0,0.0,0.0,0.0,0.0,0.0,0.0,0.0,0.0,0.0,2.9344550875216295e-10,1.0000000143172887,1.0000000143174828,1.0000000143174481,1.0000000143174566,1.0000000143174443,1.0000000143174255,1.0000000143174603,1.0000000143175194,1.0000000143174315,1.0000000143174697,1.0000000143174075,1.000000014317446,1.000000014317524,1.0000000143175125,1.000000014317496,1.000000014317489,1.0000000143175092,1.0000000143175214,1.0000000143175205,1.0000000143175436,1.0000000143175312,1.000000014317532,1.0000000143175622,1.0000000143175445,1.00000001431755,1.000000014317556,1.0000000143174916,1.0000000143176127,1.000000014317584,1.0000000143175753,1.0000000143175896,1.0000000143175194,1.0000000143176309,1.0000000143175956,1.0000000143175232,1.000000014317642,1.0000000143176053,1.0000000143176089,1.000000014317625,1.0000000143176304,1.0000000143176395,1.0000000143176608,1.0000000143176138,1.0000000143177132,1.0000000143176995,1.0000000143177084,1.0000000143177192,1.0000000143177328,1.0000000143177459,1.0000000143177579,1.0000000143178007,1.0000000143177956,1.0000000143177887,1.000000014317898,1.0000000143180592,1.0000000143181433,1.000000014318212,1.0000000143185797,1.0000000191468885,0.0,0.0,0.0,0.0,0.0,0.0,0.0,0.0,0.0,0.0,0.0,0.0,0.0,0.0,0.0
0.0,0.0,0.0,0.0,0.0,0.0,0.0,0.0,0.0,0.0,0.0,0.0,0.0,0.0,0.0,0.0,1.0000000143176448,1.0000000143176113,1.0000000143175243,1.0000000143174623,1.000000014317551,1.000000014317436,1.0000000143174972,1.0000000143175398,1.0000000143175145,1.000000014317448,1.0000000143175207,1.0000000143174743,1.0000000143174705,1.0000000143174606,1.000000014317553,1.000000014317547,1.0000000143174634,1.0000000143175682,1.000000014317553,1.0000000143175602,1.0000000143175742,1.0000000143175432,1.000000014317575,1.0000000143174832,1.0000000143176002,1.0000000143175825,1.0000000143175831,1.0000000143176115,1.0000000143175607,1.000000014317617,1.0000000143175771,1.0000000143176233,1.0000000143175969,1.0000000143175745,1.0000000143176204,1.0000000143175949,1.0000000143175871,1.0000000143176326,1.000000014317611,1.0000000143176464,1.0000000143176397,1.0000000143176457,1.0000000143176593,1.0000000143176129,1.0000000143176775,1.0000000143177186,1.0000000143175998,1.0000000143177217,1.000000014317722,1.0000000143177414,1.0000000143177437,1.0000000143177974,1.0000000143177623,1.0000000143177312,1.0000000143178926,1.0000000143178835,1.0000000143180674,1.0000000143180607,1.0000000143182823,1.0000000238437707,0.0,0.0,0.0,0.0,0.0,0.0,0.0,0.0,0.0,0.0,0.0,0.0,0.0,0.0,0.0
0.0,0.0,0.0,0.0,0.0,0.0,0.0,0.0,0.0,0.0,0.0,0.0,0.0,0.0,0.0,0.0,1.0000000143178125,1.0000000143178223,1.0000000143176395,1.000000014317532,1.0000000143178218,1.0000000143174865,1.0000000143175964,1.0000000143176286,1.0000000143175753,1.0000000143174852,1.0000000143177097,1.0000000143174406,1.00000001431768,1.0000000143174848,1.0000000143176968,1.0000000143175707,1.0000000143174825,1.0000000143177068,1.000000014317569,1.0000000143175747,1.0000000143175884,1.000000014317554,1.0000000143175856,1.000000014317584,1.0000000143176029,1.0000000143175931,1.0000000143175902,1.000000014317616,1.0000000143175785,1.0000000143176249,1.0000000143175778,1.0000000143176349,1.0000000143175918,1.0000000143175818,1.0000000143176249,1.0000000143175107,1.0000000143176644,1.0000000143176309,1.0000000143175984,1.000000014317647,1.000000014317628,1.0000000143176306,1.000000014317649,1.000000014317668,1.0000000143176382,1.0000000143177101,1.0000000143175993,1.000000014317728,1.0000000143176893,1.0000000143177126,1.0000000143176981,1.0000000143177699,1.000000014317712,1.000000014317732,1.0000000143178445,1.0000000143178012,1.000000014317979,1.0000000143178305,1.0000000143183694,1.0000000238436535,0.0,0.0,0.0,0.0,0.0,0.0,0.0,0.0,0.0,0.0,0.0,0.0,0.0,0.0,0.0
0.0,0.0,0.0,0.0,0.0,0.0,0.0,0.0,0.0,0.0,0.0,0.0,0.0,0.0,0.0,0.0,1.0000000143180383,1.0000000143179042,1.000000014317724,1.0000000143176382,1.0000000143178476,1.00000001431758,1.0000000143176728,1.0000000143175745,1.0000000143176262,1.000000014317554,1.0000000143177112,1.0000000143175243,1.0000000143176706,1.0000000143175702,1.0000000143176753,1.0000000143175933,1.0000000143175516,1.00000001431767,1.0000000143175864,1.0000000143175878,1.0000000143176084,1.000000014317558,1.0000000143175942,1.0000000143175969,1.0000000143175602,1.0000000143176169,1.0000000143175964,1.0000000143176209,1.0000000143175742,1.0000000143176389,1.0000000143175702,1.00000001431765,1.0000000143175856,1.000000014317571,1.0000000143176304,1.0000000143175893,1.0000000143175782,1.000000014317632,1.0000000143175833,1.0000000143176087,1.0000000143176302,1.0000000143176153,1.0000000143176382,1.0000000143176635,1.000000014317592,1.00000001431771,1.0000000143176127,1.0000000143176233,1.0000000143176697,1.0000000143176895,1.0000000143176597,1.0000000143177585,1.0000000143176666,1.0000000143176717,1.0000000143178025,1.0000000143177337,1.0000000143179122,1.0000000143178132,1.0000000143180836,1.0000000238436018,0.0,0.0,0.0,0.0,0.0,0.0,0.0,0.0,0.0,0.0,0.0,0.0,0.0,0.0,0.0
0.0,0.0,0.0,0.0,0.0,0.0,0.0,0.0,0.0,0.0,0.0,0.0,0.0,0.0,0.0,0.0,1.0000000143181897,1.0000000143179395,1.0000000143177792,1.0000000143177308,1.0000000143178602,1.0000000143176697,1.0000000143177012,1.0000000143176724,1.000000014317632,1.0000000143176289,1.0000000143176957,1.0000000143175962,1.000000014317686,1.0000000143176073,1.000000014317642,1.0000000143176162,1.0000000143175871,1.000000014317661,1.000000014317605,1.0000000143176029,1.0000000143176326,1.000000014317563,1.000000014317605,1.0000000143176198,1.000000014317604,1.0000000143175896,1.000000014317598,1.000000014317635,1.0000000143175758,1.000000014317656,1.0000000143175618,1.0000000143176655,1.0000000143175805,1.0000000143175654,1.0000000143176428,1.0000000143175758,1.0000000143175531,1.0000000143176404,1.0000000143175638,1.0000000143176566,1.0000000143175816,1.0000000143176007,1.0000000143176302,1.0000000143176673,1.000000014317556,1.0000000143177084,1.0000000143175976,1.0000000143175771,1.0000000143176422,1.000000014317678,1.0000000143176206,1.0000000143177448,1.0000000143176262,1.0000000143176615,1.000000014317728,1.000000014317683,1.000000014317917,1.000000014317735,1.0000000143179817,1.0000000238435827,0.0,0.0,0.0,0.0,0.0,0.0,0.0,0.0,0.0,0.0,0.0,0.0,0.0,0.0,0.0
0.0,0.0,0.0,0.0,0.0,0.0,0.0,0.0,0.0,0.0,0.0,0.0,0.0,0.0,0.0,0.0,1.0000000143183392,1.000000014317982,1.0000000143178358,1.0000000143178036,1.0000000143178756,1.0000000143177814,1.0000000143177221,1.0000000143177616,1.0000000143176504,1.0000000143177317,1.0000000143176846,1.000000014317653,1.0000000143177068,1.0000000143176628,1.0000000143176098,1.0000000143176382,1.0000000143176258,1.000000014317654,1.0000000143176224,1.0000000143176164,1.0000000143177035,1.0000000143175523,1.0000000143176146,1.0000000143176746,1.0000000143176295,1.0000000143175514,1.0000000143176089,1.0000000143176642,1.0000000143175358,1.000000014317715,1.0000000143175323,1.000000014317724,1.000000014317583,1.0000000143175132,1.0000000143176486,1.0000000143176233,1.00000001431749,1.0000000143176455,1.0000000143175516,1.0000000143177004,1.0000000143175303,1.0000000143175871,1.0000000143176189,1.0000000143177084,1.0000000143174914,1.0000000143177417,1.0000000143175973,1.0000000143174952,1.0000000143176428,1.0000000143176484,1.00000001431755,1.0000000143177645,1.0000000143175416,1.0000000143176262,1.000000014317745,1.0000000143175818,1.0000000143179155,1.000000014317656,1.0000000143178365,1.000000023843579,0.0,0.0,0.0,0.0,0.0,0.0,0.0,0.0,0.0,0.0,0.0,0.0,0.0,0.0,0.0
0.0,0.0,0.0,0.0,0.0,0.0,0.0,0.0,0.0,0.0,0.0,0.0,0.0,0.0,0.0,0.0,1.0000000143187022,1.0000000143180658,1.000000014317921,1.0000000143179093,1.0000000143179248,1.00000001431792,1.0000000143177465,1.000000014317822,1.0000000143176657,1.0000000143178098,1.0000000143176844,1.000000014317789,1.000000014317746,1.000000014317682,1.0000000143175987,1.0000000143176595,1.0000000143176668,1.000000014317664,1.000000014317644,1.0000000143176326,1.0000000143177548,1.0000000143175525,1.000000014317624,1.0000000143176697,1.0000000143176895,1.000000014317506,1.0000000143176166,1.0000000143176377,1.000000014317587,1.0000000143177528,1.0000000143175158,1.0000000143177583,1.000000014317523,1.0000000143175611,1.0000000143177163,1.000000014317612,1.0000000143174537,1.0000000143177001,1.0000000143174814,1.0000000143177235,1.0000000143174996,1.000000014317573,1.000000014317614,1.0000000143177168,1.000000014317429,1.0000000143177428,1.0000000143175867,1.0000000143174428,1.0000000143175736,1.0000000143176846,1.0000000143174965,1.0000000143177437,1.0000000143174606,1.000000014317599,1.0000000143177006,1.000000014317495,1.0000000143178893,1.0000000143175893,1.0000000143176953,1.0000000238435338,0.0,0.0,0.0,0.0,0.0,0.0,0.0,0.0,0.0,0.0,0.0,0.0,0.0,0.0,0.0
0.0,0.0,0.0,0.0,0.0,0.0,0.0,0.0,0.0,0.0,0.0,0.0,0.0,0.0,0.0,0.0,1.000000014318516,1.0000000143183208,1.0000000143180898,1.0000000143180796,1.0000000143179304,1.0000000143179002,1.0000000143178673,1.0000000143177665,1.0000000143176948,1.000000014317792,1.0000000143176981,1.000000014317793,1.000000014317731,1.0000000143176593,1.0000000143175989,1.0000000143176826,1.0000000143177052,1.0000000143175936,1.000000014317665,1.0000000143176508,1.000000014317667,1.0000000143175605,1.0000000143176324,1.0000000143176766,1.0000000143175358,1.000000014317604,1.0000000143176233,1.0000000143176218,1.0000000143175927,1.0000000143176218,1.000000014317511,1.000000014317629,1.000000014317483,1.0000000143175627,1.0000000143176373,1.0000000143175152,1.0000000143174328,1.0000000143175816,1.0000000143174692,1.0000000143175758,1.0000000143174863,1.0000000143175583,1.0000000143175938,1.00000001431743,1.0000000143174894,1.000000014317587,1.0000000143174785,1.0000000143174148,1.0000000143175505,1.0000000143175314,1.0000000143174619,1.0000000143174936,1.0000000143174765,1.000000014317563,1.0000000143174896,1.0000000143174497,1.0000000143175394,1.0000000143176202,1.0000000143175682,1.1120084715520086e-9,0.0,0.0,0.0,0.0,0.0,0.0,0.0,0.0,0.0,0.0,0.0,0.0,0.0,0.0,0.0
0.0,0.0,0.0,0.0,0.0,0.0,0.0,0.0,0.0,0.0,0.0,0.0,0.0,0.0,0.0,0.0,1.0000000143193033,1.0000000143184178,1.0000000143182608,1.0000000143182068,1.0000000143180214,1.000000014318018,1.0000000143178671,1.0000000143179242,1.0000000143177767,1.0000000143178616,1.0000000143177699,1.0000000143178425,1.000000014317775,1.0000000143177168,1.000000014317634,1.0000000143176904,1.0000000143176897,1.0000000143176897,1.0000000143176595,1.000000014317657,1.000000014317669,1.0000000143175756,1.0000000143176278,1.000000014317632,1.000000014317627,1.000000014317618,1.000000014317602,1.0000000143176004,1.000000014317602,1.0000000143176178,1.0000000143175503,1.0000000143176044,1.000000014317579,1.000000014317471,1.0000000143175842,1.000000014317518,1.0000000143174579,1.0000000143175485,1.0000000143174828,1.0000000143175494,1.0000000143174772,1.00000001431754,1.0000000143175658,1.0000000143174976,1.0000000143174415,1.000000014317524,1.000000014317462,1.0000000143174292,1.0000000143174705,1.0000000143174763,1.0000000143174352,1.0000000143174452,1.000000014317469,1.0000000143175107,1.0000000143174483,1.0000000143174617,1.0000000143174943,1.000000014317392,0.6700000165102858,2.1770910759806403e-9,0.0,0.0,0.0,0.0,0.0,0.0,0.0,0.0,0.0,0.0,0.0,0.0,0.0,0.0,0.0
0.0,0.0,0.0,0.0,0.0,0.0,0.0,0.0,0.0,0.0,0.0,0.0,0.0,0.0,0.0,0.0,1.0000000143207015,1.0000000143189185,1.0000000143184675,1.0000000143182857,1.0000000143182142,1.0000000143181087,1.0000000143179908,1.0000000143179153,1.0000000143179364,1.000000014317893,1.0000000143178487,1.000000014317858,1.0000000143178183,1.0000000143177654,1.0000000143177132,1.000000014317722,1.0000000143177172,1.0000000143177021,1.0000000143176924,1.0000000143176722,1.000000014317658,1.0000000143176448,1.0000000143176335,1.0000000143176455,1.0000000143176178,1.0000000143176035,1.000000014317624,1.000000014317592,1.0000000143176022,1.000000014317598,1.00000001431757,1.0000000143175682,1.0000000143175414,1.0000000143175685,1.0000000143175356,1.0000000143175083,1.0000000143174992,1.0000000143174927,1.000000014317529,1.0000000143175158,1.0000000143175267,1.0000000143174566,1.0000000143174785,1.000000014317468,1.0000000143174368,1.0000000143174557,1.0000000143174383,1.0000000143174619,1.0000000143174603,1.0000000143174241,1.0000000143174266,1.000000014317421,1.000000014317408,1.0000000143174257,1.0000000143174228,1.0000000143174472,1.0000000143174383,0.8911000151024528,0.18000000617424125,7.526261359265314e-10,0.0,0.0,0.0,0.0,0.0,0.0,0.0,0.0,0.0,0.0,0.0,0.0,0.0,0.0,0.0
0.0,0.0,0.0,0.0,0.0,0.0,0.0,0.0,0.0,0.0,0.0,0.0,0.0,0.0,0.0,0.0,1.0000000343207118,1.0000000143194603,1.000000014318721,1.0000000143184367,1.0000000143182772,1.0000000143181793,1.0000000143181003,1.0000000143180094,1.0000000143179708,1.0000000143179237,1.0000000143179069,1.0000000143178744,1.000000014317846,1.0000000143178136,1.0000000143177783,1.0000000143177608,1.0000000143177445,1.0000000143177337,1.0000000143177157,1.0000000143176933,1.0000000143176673,1.000000014317654,1.0000000143176477,1.0000000143176369,1.0000000143176417,1.0000000143176282,1.0000000143176244,1.0000000143176142,1.0000000143176098,1.0000000143175922,1.0000000143175802,1.0000000143175736,1.0000000143175412,1.0000000143175432,1.0000000143175203,1.0000000143174983,1.0000000143174923,1.0000000143174959,1.0000000143174912,1.0000000143175063,1.0000000143174876,1.000000014317483,1.000000014317456,1.0000000143174324,1.0000000143174397,1.0000000143174226,1.0000000143174235,1.0000000143174272,1.0000000143174097,1.000000014317397,1.0000000143173882,1.0000000143173777,1.0000000143173962,1.0000000143173875,1.0000000143174075,1.0000000143174315,0.9640630146361047,0.5677000127948549,5.328303690456716e-9,1.512647488534872e-9,0.0,0.0,0.0,0.0,0.0,0.0,0.0,0.0,0.0,0.0,0.0,0.0,0.0,0.0,0.0
0.0,0.0,0.0,0.0,0.0,0.0,0.0,0.0,0.0,0.0,0.0,0.0,0.0,0.0,0.0,0.0,1.000000036254904,1.000000014320265,1.0000000143190602,1.000000014318552,1.0000000143183758,1.0000000143182834,1.0000000143181655,1.0000000143181063,1.0000000143180143,1.000000014318015,1.0000000143179484,1.0000000143178944,1.0000000143179013,1.0000000143178531,1.0000000143178078,1.0000000143177614,1.000000014317798,1.0000000143177665,1.0000000143177397,1.0000000143177115,1.000000014317684,1.0000000143176557,1.000000014317624,1.0000000143176262,1.0000000143176673,1.0000000143176295,1.0000000143175949,1.0000000143176446,1.0000000143176209,1.0000000143175969,1.000000014317575,1.0000000143175132,1.0000000143175707,1.0000000143175327,1.0000000143175067,1.0000000143174828,1.000000014317447,1.0000000143174754,1.0000000143175187,1.0000000143174952,1.0000000143174705,1.0000000143174528,1.0000000143174281,1.000000014317407,1.00000001431737,1.0000000143173933,1.0000000143174232,1.0000000143174017,1.0000000143173793,1.000000014317362,1.0000000143173524,1.0000000143173566,1.0000000143173384,1.0000000143173684,1.0000000143173884,0.9881408044785204,0.8039800142853384,0.20880000790206205,6.072696440560974e-9,1.1279105736810471e-9,0.0,0.0,0.0,0.0,0.0,0.0,0.0,0.0,0.0,0.0,0.0,0.0,0.0,0.0,0.0
0.0,0.0,0.0,0.0,0.0,0.0,0.0,0.0,0.0,0.0,0.0,0.0,0.0,0.0,0.0,0.0,1.0000000412521044,1.0000000143236745,1.0000000143195316,1.0000000143187537,1.0000000143185646,1.0000000143183827,1.0000000143183605,1.0000000143182104,1.0000000143181027,1.0000000143181182,1.0000000143180083,1.000000014317953,1.0000000143179686,1.0000000143179166,1.0000000143178414,1.0000000143177938,1.000000014317854,1.0000000143177996,1.0000000143177727,1.000000014317732,1.0000000143177123,1.000000014317663,1.0000000143176164,1.0000000143177328,1.0000000143176475,1.0000000143176233,1.000000014317593,1.0000000143176733,1.0000000143176218,1.000000014317605,1.0000000143175745,1.0000000143175702,1.000000014317543,1.0000000143175194,1.0000000143174985,1.00000001431746,1.000000014317402,1.000000014317469,1.0000000143175254,1.0000000143174723,1.0000000143174574,1.000000014317422,1.0000000143174026,1.0000000143173715,1.0000000143173087,1.0000000143173757,1.0000000143174108,1.0000000143173573,1.000000014317339,1.0000000143173253,1.0000000143173073,1.000000014317292,1.0000000143173344,1.0000000143173118,0.9960864751303723,0.9177042845439137,0.5074750116398118,0.03240000662275269,7.068911357768054e-9,1.0312589911873845e-9,0.0,0.0,0.0,0.0,0.0,0.0,0.0,0.0,0.0,0.0,0.0,0.0,0.0,0.0,0.0
0.0,0.0,0.0,0.0,0.0,0.0,0.0,0.0,0.0,0.0,0.0,0.0,0.0,0.0,0.0,0.0,1.0000000341374788,1.0000000282619985,1.0000000143203531,1.0000000143193448,1.0000000143186039,1.0000000143185943,1.0000000143183867,1.0000000143183472,1.0000000143181715,1.0000000143181575,1.000000014318086,1.0000000143179806,1.0000000143180447,1.0000000143178887,1.0000000143178966,1.0000000143177925,1.0000000143179004,1.0000000143178027,1.0000000143177785,1.000000014317743,1.000000014317687,1.0000000143176753,1.0000000143176035,1.000000014317638,1.0000000143176895,1.0000000143176202,1.0000000143175587,1.0000000143176802,1.0000000143176029,1.000000014317595,1.0000000143175503,1.0000000143175392,1.000000014317504,1.0000000143174903,1.000000014317436,1.000000014317429,1.0000000143173695,1.000000014317428,1.0000000143174805,1.0000000143174241,1.000000014317394,1.0000000143173748,1.000000014317322,1.0000000143173176,1.0000000143172694,1.0000000143173196,1.0000000143173395,1.0000000143172976,1.0000000143172847,1.0000000143172572,1.0000000143172685,1.0000000143171963,1.0000000143173124,0.9670314107287445,0.7349483035281709,0.5781735518865809,9.872491708620872e-9,4.557796801281848e-9,5.9002136110601e-9,9.579950158093082e-10,0.0,0.0,0.0,0.0,0.0,0.0,0.0,0.0,0.0,0.0,0.0,0.0,0.0,0.0,0.0
0.0,0.0,0.0,0.0,0.0,0.0,0.0,0.0,0.0,0.0,0.0,0.0,0.0,0.0,0.0,0.0,1.0000000354403318,1.0000000312333852,1.000000014321641,1.0000000143194634,1.000000014318862,1.0000000143188628,1.0000000143185193,1.0000000143185013,1.0000000143182488,1.0000000143183274,1.00000001431817,1.0000000143180654,1.0000000143180494,1.0000000143180363,1.0000000143180097,1.000000014317854,1.0000000143179522,1.0000000143178365,1.0000000143178287,1.0000000143177774,1.0000000143177303,1.000000014317735,1.0000000143176304,1.0000000143176724,1.0000000143176888,1.0000000143176728,1.0000000143175736,1.000000014317668,1.000000014317576,1.0000000143175727,1.0000000143175551,1.0000000143175267,1.0000000143174868,1.0000000143174792,1.00000001431742,1.0000000143174548,1.0000000143173582,1.000000014317414,1.0000000143174232,1.0000000143173866,1.0000000143173415,1.000000014317341,1.0000000143172685,1.0000000143173249,1.0000000143172243,1.0000000143172871,1.00000001431727,1.0000000143172543,1.0000000143172323,1.0000000143172327,1.000000014317258,0.9891203751795544,0.9106153156076134,0.8183377164136483,0.393379161583116,0.05346000708664674,9.36230171807955e-9,5.514614425180822e-9,7.562162967187572e-10,8.697717237422986e-10,0.0,0.0,0.0,0.0,0.0,0.0,0.0,0.0,0.0,0.0,0.0,0.0,0.0,0.0,0.0
0.0,0.0,0.0,0.0,0.0,0.0,0.0,0.0,0.0,0.0,0.0,0.0,0.0,0.0,0.0,0.0,1.000000038763011,1.0000000349021123,1.0000000143322982,1.000000014320429,1.0000000143193604,1.0000000143191852,1.0000000143186911,1.0000000143186525,1.0000000143184486,1.0000000143184051,1.0000000143182906,1.000000014318195,1.000000014318171,1.0000000143180339,1.00000001431805,1.0000000143179466,1.000000014317971,1.0000000143178773,1.0000000143178702,1.0000000143178136,1.0000000143177712,1.0000000143177474,1.0000000143176808,1.0000000143177321,1.000000014317628,1.0000000143176613,1.0000000143176,1.0000000143176304,1.000000014317566,1.000000014317543,1.000000014317543,1.0000000143175187,1.000000014317463,1.0000000143174683,1.0000000143174017,1.000000014317424,1.0000000143173462,1.0000000143173842,1.0000000143173509,1.0000000143173475,1.0000000143172785,1.0000000143173031,1.0000000143172285,1.0000000143172723,1.0000000143171925,1.0000000143172407,1.0000000143172176,1.000000014317216,1.000000014317224,0.9964097334629279,0.970503063789088,0.9238968403388748,0.6692353576245781,0.46613361402894093,0.09134551117467843,0.00583200601401952,7.934195538633341e-9,6.731188947154164e-9,7.142455498523919e-10,8.440376625317187e-10,0.0,0.0,0.0,0.0,0.0,0.0,0.0,0.0,0.0,0.0,0.0,0.0,0.0,0.0,0.0
0.0,0.0,0.0,0.0,0.0,0.0,0.0,0.0,0.0,0.0,0.0,0.0,0.0,0.0,0.0,0.0,1.0000000426929223,1.0000000381855751,1.000000024329399,1.0000000143220684,1.0000000143206569,1.0000000143195285,1.0000000143189556,1.0000000143188914,1.0000000143185903,1.0000000143185623,1.00000001431837,1.0000000143183256,1.0000000143182226,1.0000000143181402,1.000000014318108,1.0000000143180254,1.0000000143179981,1.000000014317929,1.0000000143179018,1.0000000143178516,1.0000000143178027,1.0000000143177807,1.0000000143177314,1.000000014317714,1.0000000143176546,1.0000000143176635,1.0000000143176178,1.0000000143176009,1.0000000143175658,1.0000000143175731,1.0000000143174927,1.0000000143174916,1.0000000143174428,1.0000000143174566,1.000000014317373,1.0000000143174004,1.0000000143173358,1.0000000143173453,1.000000014317271,1.000000014317302,1.0000000143172223,1.0000000143172683,1.0000000143171783,1.0000000143172327,1.000000014317182,1.0000000143172023,1.0000000143171868,0.9988152216757247,0.9902660206967564,0.9695549437905099,0.8470491753052782,0.7288752276556663,0.35519050259412943,0.13219120581458316,1.1757072812860206e-8,9.206900149317281e-9,5.913039056719028e-9,5.465481994209652e-9,7.224171870611841e-10,8.434212576756113e-10,0.0,0.0,0.0,0.0,0.0,0.0,0.0,0.0,0.0,0.0,0.0,0.0,0.0,0.0,0.0
0.0,0.0,0.0,0.0,0.0,0.0,0.0,0.0,0.0,0.0,0.0,0.0,0.0,0.0,0.0,0.0,1.0000000468610748,1.0000000407420424,1.0000000259596142,1.0000000236453241,1.0000000143268433,1.000000014320099,1.0000000143193604,1.0000000143191434,1.0000000143187626,1.0000000143187084,1.0000000143184862,1.0000000143184518,1.0000000143182954,1.0000000143182595,1.000000014318156,1.000000014318101,1.0000000143180388,1.0000000143179997,1.0000000143179353,1.0000000143178938,1.0000000143178278,1.0000000143178067,1.0000000143177243,1.0000000143177248,1.0000000143176928,1.0000000143176593,1.000000014317633,1.0000000143175878,1.0000000143175463,1.0000000143175147,1.0000000143174863,1.0000000143175036,1.000000014317414,1.0000000143174295,1.0000000143173409,1.0000000143173606,1.0000000143172443,1.0000000143173111,1.0000000143172034,1.0000000143172485,1.000000014317171,1.0000000143172405,1.0000000143171217,1.0000000143171934,1.0000000143171175,0.9996090327780579,0.9967877964622217,0.9881939034871045,0.935072731745989,0.8712799444707732,0.6090489479614257,0.4193293577898759,0.1155675540000198,0.01248048820697662,1.1871279522860583e-8,1.023906910599481e-8,5.374517213709273e-9,5.020025996889315e-9,6.978305119272405e-10,5.676255573718359e-10,0.0,0.0,0.0,0.0,0.0,0.0,0.0,0.0,0.0,0.0,0.0,0.0,0.0,0.0,0.0
0.0,0.0,0.0,0.0,0.0,0.0,0.0,0.0,0.0,0.0,0.0,0.0,0.0,0.0,0.0,0.0,1.0000000511759226,1.000000042515078,1.0000000299805265,1.0000000246987126,1.0000000143590242,1.0000000143226038,1.0000000143202492,1.000000014319939,1.0000000143189733,1.0000000143188712,1.0000000143186367,1.0000000143186392,1.0000000143183934,1.0000000143183891,1.0000000143182042,1.0000000143182097,1.000000014318108,1.0000000143180743,1.0000000143179852,1.0000000143179548,1.0000000143178531,1.000000014317829,1.0000000143177334,1.0000000143177439,1.0000000143177323,1.000000014317653,1.0000000143175494,1.00000001431763,1.0000000143175203,1.0000000143174532,1.0000000143174714,1.0000000143175034,1.0000000143173697,1.0000000143173946,1.0000000143172973,1.000000014317305,1.000000014317149,1.0000000143172614,1.0000000143171495,1.00000001431726,1.0000000143170495,1.000000014317209,1.0000000143170533,0.9998709904518824,0.9989399824521625,0.9955234493821796,0.9738043542432724,0.9419580562234701,0.7907308002633512,0.6618289809280422,0.3326430035268005,0.15279630309174144,0.016442202396217843,0.0010497696127841948,1.574188486495387e-8,1.1032619789544602e-8,5.170480231861679e-9,4.7787974933141184e-9,6.307860046996311e-10,7.857380501045768e-10,0.0,0.0,0.0,0.0,0.0,0.0,0.0,0.0,0.0,0.0,0.0,0.0,0.0,0.0,0.0
0.0,0.0,0.0,0.0,0.0,0.0,0.0,0.0,0.0,0.0,0.0,0.0,0.0,0.0,0.0,0.0,1.0000000342056001,1.0000000342056001,1.000000035062493,1.000000023126764,1.0000000223364391,1.000000014324331,1.0000000143234242,1.0000000143196626,1.0000000143193737,1.0000000143192564,1.0000000143188073,1.0000000143186212,1.0000000143185352,1.0000000143185637,1.000000014318292,1.000000014318241,1.0000000143181182,1.000000014318122,1.000000014318021,1.0000000143178995,1.0000000143178958,1.0000000143178547,1.0000000143176853,1.0000000143176955,1.0000000143177359,1.000000014317608,1.0000000143175642,1.000000014317506,1.000000014317543,1.0000000143174175,1.0000000143173566,1.0000000143173693,1.0000000143173204,1.0000000143172023,1.0000000143171504,1.0000000143172998,1.0000000143170698,1.0000000143171386,1.0000000143170837,1.0000000143170802,1.0000000143170698,0.9996502038352408,0.9996502038296181,0.9983311669695284,0.9897814597893114,0.8973746864900919,0.8198506264344493,0.6891682155583209,0.3870917063775043,0.2748316027246817,0.12598831960014992,0.007450972432824876,1.331369715800747e-8,9.301295421707863e-9,8.509554559471993e-9,1.1346020441624965e-8,5.143380935656764e-9,2.8405515414374715e-9,6.999497621737404e-10,6.203044219891723e-10,0.0,0.0,0.0,0.0,0.0,0.0,0.0,0.0,0.0,0.0,0.0,0.0,0.0,0.0,0.0
0.0,0.0,0.0,0.0,0.0,0.0,0.0,0.0,0.0,0.0,0.0,0.0,0.0,0.0,0.0,0.0,1.0000000451506394,1.000000043702838,1.000000038946272,1.0000000243003455,1.0000000237828535,1.0000000240781284,1.0000000143424082,1.0000000143212107,1.000000014320033,1.0000000143195216,1.0000000143189731,1.0000000143188605,1.0000000143186438,1.000000014318677,1.0000000143183736,1.0000000143183658,1.000000014318228,1.0000000143182168,1.0000000143180945,1.0000000143179666,1.0000000143179253,1.0000000143178915,1.0000000143177192,1.0000000143177026,1.0000000143177417,1.0000000143176033,1.0000000143175176,1.0000000143175096,1.0000000143174348,1.0000000143172783,1.000000014317314,1.0000000143173007,1.0000000143172092,1.0000000143171304,1.000000014317188,1.0000000143170433,1.000000014317099,1.000000014317045,0.9998845768926219,0.9998845768855151,0.9993860730316265,0.9961084757557915,0.9638697627353827,0.9271366437273958,0.8668598613683797,0.6835114469984772,0.5718210196094505,0.31420002794370605,0.15280829467372814,0.02885884371710649,0.002760878704194042,1.484206353807905e-8,1.4999454359338776e-8,1.1206583379793518e-8,8.834165779574636e-9,6.112775234079353e-9,5.13687531200095e-9,7.797713675062441e-10,6.743592897944057e-10,6.749975300520913e-10,0.0,0.0,0.0,0.0,0.0,0.0,0.0,0.0,0.0,0.0,0.0,0.0,0.0,0.0,0.0
0.0,0.0,0.0,0.0,0.0,0.0,0.0,0.0,0.0,0.0,0.0,0.0,0.0,0.0,0.0,0.0,1.000000047119795,1.000000046318735,1.0000000438401921,1.0000000270176308,1.0000000265792468,1.0000000249735963,1.000000014440609,1.000000014329466,1.000000014322119,1.0000000143218482,1.0000000143193328,1.0000000143192418,1.0000000143188985,1.0000000143188013,1.0000000143185475,1.0000000143184717,1.0000000143183627,1.0000000143182497,1.000000014318163,1.000000014318033,1.0000000143179564,1.0000000143179066,1.0000000143177699,1.0000000143176886,1.0000000143176733,1.0000000143175736,1.0000000143174104,1.000000014317403,1.0000000143173988,1.0000000143172525,1.0000000143171945,1.000000014317189,1.0000000143171621,1.0000000143170686,1.0000000143170815,0.9999619200064676,0.999961919998966,0.9997974137284155,0.9985443994980857,0.9879056242007215,0.9751141425727519,0.9508658664450791,0.8444665948441831,0.7657125272488743,0.6109308850138301,0.3824332175168808,0.2633201206355068,0.12252110820402679,0.031154316340704778,0.0029596083911756364,0.000188967509733647,1.5655640786227723e-8,1.5132354523872593e-8,1.289731524302576e-8,7.311178142233103e-9,6.108143902037091e-9,5.269905041746579e-9,7.496559926558136e-10,7.776812328799974e-10,6.414932737546314e-10,0.0,0.0,0.0,0.0,0.0,0.0,0.0,0.0,0.0,0.0,0.0,0.0,0.0,0.0,0.0
0.0,0.0,0.0,0.0,0.0,0.0,0.0,0.0,0.0,0.0,0.0,0.0,0.0,0.0,0.0,0.0,1.0000000494252965,1.0000000482059854,1.0000000462571583,1.000000029713238,1.0000000289461626,1.0000000266246518,1.0000000209005002,1.0000000205992683,1.0000000143308647,1.0000000143408876,1.0000000143203727,1.0000000143200187,1.0000000143193986,1.0000000143189565,1.0000000143188257,1.000000014318617,1.000000014318499,1.000000014318301,1.0000000143182237,1.000000014318099,1.0000000143179641,1.0000000143179018,1.0000000143177807,1.0000000143176095,1.0000000143175707,1.0000000143175083,1.00000001431734,1.000000014317305,1.0000000143172714,1.0000000143171883,1.0000000143171013,1.0000000143171126,0.9999874432440937,0.9999874432250491,0.9999331561611409,0.9994630971377095,0.9959523012788957,0.9914868454601363,0.981815925790947,0.9309071967914684,0.8866816995341151,0.8045291869456083,0.6226510144312454,0.5146610522639729,0.31844025830367517,0.15483349699407478,0.06458719357543519,0.02409308805051142,0.0013411880886168986,1.8996415538438635e-8,1.6602313455378206e-8,1.793771817669895e-8,1.2604510392103594e-8,1.141600928635878e-8,6.698871720850399e-9,6.025978918440687e-9,5.3277102514754405e-9,7.416757241644515e-10,7.258042989639639e-10,5.036650488347386e-10,0.0,0.0,0.0,0.0,0.0,0.0,0.0,0.0,0.0,0.0,0.0,0.0,0.0,0.0,0.0
0.0,0.0,0.0,0.0,0.0,0.0,0.0,0.0,0.0,0.0,0.0,0.0,0.0,0.0,0.0,0.0,1.0000000517332814,1.0000000492916126,1.0000000471573847,1.0000000320577636,1.0000000304551657,1.0000000282560564,1.0000000218553782,1.0000000211646105,1.000000020470599,1.0000000143754775,1.0000000143253105,1.0000000143213938,1.0000000143207848,1.0000000143192698,1.0000000143192163,1.0000000143188368,1.0000000143186272,1.0000000143184362,1.0000000143183005,1.0000000143181105,1.0000000143179153,1.0000000143178445,1.0000000143177348,1.0000000143175178,1.000000014317468,1.000000014317451,1.0000000143172538,1.00000001431718,1.0000000143171774,0.999995865904713,0.9999958658895697,0.9999779511656234,0.999804165490973,0.9986456028476985,0.997091394356864,0.9932652351664916,0.971252354685407,0.9503003839116224,0.9107184319465815,0.792760023579199,0.7119218815570901,0.5604761940060651,0.3615193911972067,0.25326841714291215,0.12454206752598328,0.04321370059380265,0.006644806809365157,0.0005895583751908844,2.4399822098049208e-8,2.0062377455071964e-8,1.81316100014849e-8,1.4879306372295488e-8,1.1913508886642964e-8,1.0253753937286251e-8,7.127969059007907e-9,5.760372342485096e-9,5.23926038871782e-9,7.408991340095708e-10,7.07406109689025e-10,8.940316744660591e-10,0.0,0.0,0.0,0.0,0.0,0.0,0.0,0.0,0.0,0.0,0.0,0.0,0.0,0.0,0.0
0.0,0.0,0.0,0.0,0.0,0.0,0.0,0.0,0.0,0.0,0.0,0.0,0.0,0.0,0.0,0.0,1.000000053959321,1.0000000493544245,1.0000000473344677,1.0000000339248107,1.0000000318126403,1.000000029261109,1.0000000239631073,1.00000002254305,1.0000000203950907,1.00000001468863,1.0000000143493417,1.0000000143263412,1.0000000143269403,1.0000000143201193,1.00000001431982,1.0000000143192578,1.0000000143187935,1.0000000143185492,1.0000000143184602,1.000000014318123,1.0000000143178633,1.0000000143177783,1.0000000143177767,1.0000000143174022,1.0000000143173204,1.0000000143173235,0.9999986453775671,0.9999986453740475,0.9999927335134924,0.9999292244573692,0.9995468987426075,0.9990074092886463,0.9975075908630324,0.9885230503368281,0.9793912154945159,0.961364878153854,0.8955783466347069,0.8449287994156995,0.7503323016579506,0.5764043833143975,0.4735907484220465,0.3071021682559682,0.15896691408985766,0.08123813342544745,0.03405396714050808,0.006264967799953189,0.0005327461507847576,3.4029275702438e-5,2.694082844500518e-8,1.996734779610868e-8,1.846133516254337e-8,1.3439411377113895e-8,1.175226660037159e-8,9.941818959183836e-9,6.4247773152301146e-9,5.627401699556648e-9,5.268732833033185e-9,7.129020324443138e-10,6.714963400064306e-10,5.298190416522406e-10,0.0,0.0,0.0,0.0,0.0,0.0,0.0,0.0,0.0,0.0,0.0,0.0,0.0,0.0,0.0
0.0,0.0,0.0,0.0,0.0,0.0,0.0,0.0,0.0,0.0,0.0,0.0,0.0,0.0,0.0,0.0,1.000000050400096,1.0000000486327376,1.0000000468963737,1.00000003660251,1.000000028375337,1.0000000268057105,1.00000002534716,1.000000023736664,1.0000000207184128,1.0000000188912384,1.000000018851238,1.0000000143503724,1.000000014380602,1.0000000143221826,1.000000014321188,1.0000000143199606,1.0000000143188266,1.0000000143185837,1.0000000143181706,1.0000000143180752,1.000000014317739,1.0000000143176186,0.9999995626085834,0.9999995626052681,0.9999976117025269,0.9999955789888475,0.9998484534967435,0.9996616437733143,0.9990815487138638,0.9955466918550121,0.9917618525172262,0.9838537325812395,0.9507259224994221,0.9507259224791877,0.9229413241880995,0.8705885579216012,0.7462291535695255,0.5207923043093552,0.34168076605737696,0.24354909803170408,0.12958266898068807,0.12958266916129538,0.05111218249614942,0.01505745680345818,0.004636869557173309,2.4032233042916338e-8,2.2967593937945824e-8,1.9743763057162814e-8,1.964585539881462e-8,1.5693321134023866e-8,1.453620002397952e-8,1.2137112398381339e-8,9.458332297585969e-9,6.4735651026828785e-9,6.2132896215730015e-9,5.616468555386059e-9,2.1372700745285116e-9,7.132422455029663e-10,6.969922943394751e-10,7.492481198221591e-10,0.0,0.0,0.0,0.0,0.0,0.0,0.0,0.0,0.0,0.0,0.0,0.0,0.0,0.0,0.0
0.0,0.0,0.0,0.0,0.0,0.0,0.0,0.0,0.0,0.0,0.0,0.0,0.0,0.0,0.0,0.0,1.0000000472446067,1.0000000458164644,1.000000043419175,1.0000000391954884,1.0000000277457723,1.0000000268962996,1.0000000252955599,1.0000000225251688,1.0000000189485996,1.000000018397032,1.0000000166848901,1.0000000166534908,1.0000000144344974,1.0000000143348664,1.0000000143222427,1.000000014321911,1.0000000143191619,1.0000000143185714,0.9999998652969904,0.9999998652925215,0.9999992215181229,0.9999985507453426,0.999949328519374,0.9998876813187175,0.9996933531421537,0.9984949842360273,0.9970586476366118,0.9941813935972177,0.9824830238291044,0.9778720576777431,0.9639487836632687,0.9371507568546448,0.8599144344704641,0.7569306413090778,0.6443467984509342,0.5055061545073567,0.4029676862833036,0.29412805832199157,0.1598342991435556,0.09036396163849389,0.04063418329374394,0.010848308793893268,0.001457119023070677,0.0001228022468951516,2.7260910290833976e-8,2.4811721641053273e-8,2.4030059896623748e-8,2.1390274540845796e-8,1.7279366627165945e-8,1.4128330801277945e-8,1.3305361807872268e-8,1.2022350537743877e-8,8.122496009926782e-9,6.388518871834445e-9,6.156690330380746e-9,5.605133673507134e-9,6.937926054920322e-10,6.952853532708644e-10,7.114039569056141e-10,6.335237985932994e-10,0.0,0.0,0.0,0.0,0.0,0.0,0.0,0.0,0.0,0.0,0.0,0.0,0.0,0.0,0.0
0.0,0.0,0.0,0.0,0.0,0.0,0.0,0.0,0.0,0.0,0.0,0.0,0.0,0.0,0.0,0.0,1.000000045340373,1.0000000440780756,1.000000041350028,1.0000000374886262,1.0000000264618367,1.0000000252992742,1.0000000228171502,1.000000021009596,1.000000017676421,1.0000000170884202,1.0000000158684492,1.0000000156919864,1.0000000149171329,1.000000014386684,0.9999999652478354,0.9999999651977,0.9999997527523815,0.9999995314045628,0.9999830667271813,0.9999627231536437,0.9998976389224995,0.9995011811709278,0.9989548521697666,0.9979138215930565,0.9937680488571423,0.9905029185386587,0.9839848481971813,0.9711694125017674,0.9291788318876975,0.8935769628053138,0.8411661112339526,0.7664511025247421,0.6598357242413957,0.5043376723511778,0.35522870870663675,0.25291195469387695,0.16215112317580255,0.12235384040344469,0.05413986356039492,0.0220415429402434,0.008401789679063972,0.0011277149670671064,9.59147911106763e-5,6.1437577743329524e-6,2.6830754103921544e-8,2.5501603918270163e-8,2.4728952800940277e-8,2.2635456574653085e-8,1.5286387416195733e-8,1.3395726110351664e-8,1.3060437219619675e-8,1.1954979023950373e-8,6.8961983663068456e-9,6.2596828633448065e-9,6.110976129158812e-9,5.629405599235486e-9,6.81541403186682e-10,6.724838706639846e-10,7.07454370479902e-10,7.092893573013303e-10,0.0,0.0,0.0,0.0,0.0,0.0,0.0,0.0,0.0,0.0,0.0,0.0,0.0,0.0,0.0
0.0,0.0,0.0,0.0,0.0,0.0,0.0,0.0,0.0,0.0,0.0,0.0,0.0,0.0,0.0,0.0,1.0000000423601256,1.000000040881867,1.0000000366323178,1.0000000347762765,1.0000000232938637,1.0000000219349248,1.0000000193323044,1.0000000185130686,1.0000000166538972,1.0000000161077223,0.999999998825211,0.9999999986703342,0.9999999285360083,0.9999998554272446,0.9999943489337146,0.9999876353268804,0.9999658420979172,0.9998346823328147,0.9996301935435482,0.9992564463419177,0.9977927693663274,0.9961277097281978,0.9932464589585643,0.9875738849840483,0.9678803750969226,0.9532361106380394,0.9284368542426539,0.889226406689213,0.8102345280833915,0.7084581122575065,0.5990848436741095,0.487864901311405,0.38528528479815954,0.27824213087569966,0.15768750018390357,0.09539088839328527,0.04600822112372508,0.02901269801070698,0.009945833683139803,0.002772543617145268,0.0008346596486262495,3.3120916212194315e-8,3.321740143585055e-8,3.019767210888035e-8,2.6690407178643107e-8,2.3301079560747514e-8,2.2519257592033064e-8,2.0535423188006127e-8,1.4038659233119764e-8,1.3323171917159579e-8,1.3053043925170287e-8,1.1772078895743004e-8,6.449707786033821e-9,6.246021947333085e-9,6.087273411269336e-9,5.609024716185904e-9,7.689045942323361e-10,7.321245534220285e-10,7.342770898159371e-10,7.165425301277015e-10,0.0,0.0,0.0,0.0,0.0,0.0,0.0,0.0,0.0,0.0,0.0,0.0,0.0,0.0,0.0
0.0,0.0,0.0,0.0,0.0,0.0,0.0,0.0,0.0,0.0,0.0,0.0,0.0,0.0,0.0,0.0,1.000000036806407,1.000000035015715,1.0000000298733627,1.0000000285076653,1.000000020342444,1.0000000191047769,1.0000000116748515,1.0000000113666918,0.9999999871187261,0.9999999626794192,0.9999981213121883,0.999995905650115,0.9999886096752678,0.9999452185238084,0.9998696425530457,0.9997363376197979,0.9992213169947478,0.9984774623124805,0.9972500882585529,0.9948569374369796,0.9862916714202015,0.9796434439000317,0.9680072941916863,0.948270377322459,0.8995219663877144,0.8476608593112438,0.7833801741608726,0.7052435940452237,0.6052482472693221,0.47519287821392864,0.34208136885738544,0.24639695917222823,0.1671709472279805,0.1224706230343388,0.058580832427127194,0.027980809008041636,0.011706468281418234,0.002505287662859085,0.0003092920813439114,2.5126696965913886e-5,3.5687440323967386e-8,3.6808221101997294e-8,3.4847041609393484e-8,3.172021671446454e-8,2.3134740230595047e-8,2.2788381640716875e-8,2.2114395753898348e-8,1.869783120638302e-8,1.3481644486054187e-8,1.3752371875670073e-8,1.3081460643142e-8,1.1413045763556018e-8,6.253374559299814e-9,6.295158273615415e-9,6.174657273777865e-9,5.654480044205788e-9,6.226936039936663e-10,6.304094689694097e-10,6.824977710441271e-10,7.088005276835424e-10,0.0,0.0,0.0,0.0,0.0,0.0,0.0,0.0,0.0,0.0,0.0,0.0,0.0,0.0,0.0
0.0,0.0,0.0,0.0,0.0,0.0,0.0,0.0,0.0,0.0,0.0,0.0,0.0,0.0,0.0,0.0,1.0000000292723794,1.0000000271982454,1.0000000217273282,1.0000000209249005,1.0000000087031504,0.9999999995784622,0.9999993833110242,0.9999986519322528,0.9999962095301187,0.9999818544083158,0.9999542072594126,0.9999069268443439,0.9997262530900539,0.9994164729791084,0.9989082762072783,0.9979317384917853,0.99437628379134,0.9912951271476377,0.9859450455230258,0.9764649163097684,0.9499818817046649,0.9251043033197569,0.8905667888820876,0.8432618197621244,0.7639990304381783,0.6648019782915991,0.5578483255987593,0.45832599686660247,0.36272663286896434,0.26753473100663244,0.16053971822415666,0.10149935451188459,0.055594365468910695,0.03706665866647638,0.014720701081239051,0.0053343169105339065,0.0019213183205644844,0.00020301847095108768,1.7295080127621097e-5,1.1345512040174914e-6,3.6613478240103114e-8,4.06145204563003e-8,3.524582680470761e-8,3.159180599627969e-8,2.149521255627764e-8,2.3029629045162264e-8,2.260887868495323e-8,1.767721922379824e-8,1.3633875918182704e-8,1.4666653139492635e-8,1.3472634063634273e-8,1.1415768334931573e-8,6.613364988757999e-9,6.820161504431721e-9,6.770269106343092e-9,6.471913067413616e-9,8.816221937720705e-10,8.522441479937035e-10,8.255558900870334e-10,8.786433440442308e-10,0.0,0.0,0.0,0.0,0.0,0.0,0.0,0.0,0.0,0.0,0.0,0.0,0.0,0.0,0.0
0.0,0.0,0.0,0.0,0.0,0.0,0.0,0.0,0.0,0.0,0.0,0.0,0.0,0.0,0.0,0.0,1.0000000151831352,0.9999998076448073,0.9999995655489244,0.9999987472473083,0.9999939975464176,0.9999839685109971,0.9999672801535251,0.99996728013968,0.9999040700292665,0.9995748393392166,0.9995748393283981,0.9991860539118641,0.9977328621982264,0.9939478435084831,0.9939478434504434,0.9763796387436883,0.9646126956525255,0.9469949773974912,0.946994977375537,0.9206921849898683,0.8063209740899598,0.8063209740998508,0.6639355740931076,0.5621136453484518,0.44865343211011793,0.44865343204360614,0.24204497952256548,0.16961125633759805,0.1223261865920629,0.06194618956136113,0.03264128148070902,0.014651685090537232,0.0065168735138388225,0.0065168734900036855,0.0019475115767905674,0.0005117456405988309,0.00015027002502802513,4.557100774058238e-8,4.3424927532026006e-8,3.5444412721679094e-8,3.5243511046688066e-8,3.61761825941582e-8,2.7983789462693696e-8,2.7934259780813665e-8,2.056559763110472e-8,2.1537257265221337e-8,2.071080324227818e-8,1.4056949419464036e-8,1.3734200708883288e-8,1.5868479391277835e-8,1.2213323210590986e-8,7.265841644182977e-9,9.423965514825142e-9,7.79972220006472e-9,7.968034992782591e-9,8.744653407459971e-10,6.558666066781929e-10,6.380150888073828e-10,7.061551458294203e-10,8.059212371200722e-10,0.0,0.0,0.0,0.0,0.0,0.0,0.0,0.0,0.0,0.0,0.0,0.0,0.0,0.0,0.0
0.0,0.0,0.0,0.0,0.0,0.0,0.0,0.0,0.0,0.0,0.0,0.0,0.0,0.0,0.0,0.0,0.0,0.0,0.0,0.0,0.0,0.0,0.0,0.0,0.0,0.0,0.0,0.0,0.0,0.0,0.0,0.0,0.0,0.0,0.0,0.0,0.0,0.0,0.0,0.0,0.0,0.0,0.0,0.0,0.0,0.0,0.0,0.0,0.0,0.0,0.0,0.0,0.0,0.0,0.0,0.0,0.0,0.0,0.0,0.0,0.0,0.0,0.0,0.0,0.0,0.0,0.0,0.0,0.0,0.0,0.0,0.0,0.0,0.0,0.0,0.0,0.0,0.0,0.0,0.0,0.0,0.0,0.0,0.0,0.0,0.0,0.0,0.0,0.0,0.0,0.0
0.0,0.0,0.0,0.0,0.0,0.0,0.0,0.0,0.0,0.0,0.0,0.0,0.0,0.0,0.0,0.0,0.0,0.0,0.0,0.0,0.0,0.0,0.0,0.0,0.0,0.0,0.0,0.0,0.0,0.0,0.0,0.0,0.0,0.0,0.0,0.0,0.0,0.0,0.0,0.0,0.0,0.0,0.0,0.0,0.0,0.0,0.0,0.0,0.0,0.0,0.0,0.0,0.0,0.0,0.0,0.0,0.0,0.0,0.0,0.0,0.0,0.0,0.0,0.0,0.0,0.0,0.0,0.0,0.0,0.0,0.0,0.0,0.0,0.0,0.0,0.0,0.0,0.0,0.0,0.0,0.0,0.0,0.0,0.0,0.0,0.0,0.0,0.0,0.0,0.0,0.0
0.0,0.0,0.0,0.0,0.0,0.0,0.0,0.0,0.0,0.0,0.0,0.0,0.0,0.0,0.0,0.0,0.0,0.0,0.0,0.0,0.0,0.0,0.0,0.0,0.0,0.0,0.0,0.0,0.0,0.0,0.0,0.0,0.0,0.0,0.0,0.0,0.0,0.0,0.0,0.0,0.0,0.0,0.0,0.0,0.0,0.0,0.0,0.0,0.0,0.0,0.0,0.0,0.0,0.0,0.0,0.0,0.0,0.0,0.0,0.0,0.0,0.0,0.0,0.0,0.0,0.0,0.0,0.0,0.0,0.0,0.0,0.0,0.0,0.0,0.0,0.0,0.0,0.0,0.0,0.0,0.0,0.0,0.0,0.0,0.0,0.0,0.0,0.0,0.0,0.0,0.0
0.0,0.0,0.0,0.0,0.0,0.0,0.0,0.0,0.0,0.0,0.0,0.0,0.0,0.0,0.0,0.0,0.0,0.0,0.0,0.0,0.0,0.0,0.0,0.0,0.0,0.0,0.0,0.0,0.0,0.0,0.0,0.0,0.0,0.0,0.0,0.0,0.0,0.0,0.0,0.0,0.0,0.0,0.0,0.0,0.0,0.0,0.0,0.0,0.0,0.0,0.0,0.0,0.0,0.0,0.0,0.0,0.0,0.0,0.0,0.0,0.0,0.0,0.0,0.0,0.0,0.0,0.0,0.0,0.0,0.0,0.0,0.0,0.0,0.0,0.0,0.0,0.0,0.0,0.0,0.0,0.0,0.0,0.0,0.0,0.0,0.0,0.0,0.0,0.0,0.0,0.0
0.0,0.0,0.0,0.0,0.0,0.0,0.0,0.0,0.0,0.0,0.0,0.0,0.0,0.0,0.0,0.0,0.0,0.0,0.0,0.0,0.0,0.0,0.0,0.0,0.0,0.0,0.0,0.0,0.0,0.0,0.0,0.0,0.0,0.0,0.0,0.0,0.0,0.0,0.0,0.0,0.0,0.0,0.0,0.0,0.0,0.0,0.0,0.0,0.0,0.0,0.0,0.0,0.0,0.0,0.0,0.0,0.0,0.0,0.0,0.0,0.0,0.0,0.0,0.0,0.0,0.0,0.0,0.0,0.0,0.0,0.0,0.0,0.0,0.0,0.0,0.0,0.0,0.0,0.0,0.0,0.0,0.0,0.0,0.0,0.0,0.0,0.0,0.0,0.0,0.0,0.0
0.0,0.0,0.0,0.0,0.0,0.0,0.0,0.0,0.0,0.0,0.0,0.0,0.0,0.0,0.0,0.0,0.0,0.0,0.0,0.0,0.0,0.0,0.0,0.0,0.0,0.0,0.0,0.0,0.0,0.0,0.0,0.0,0.0,0.0,0.0,0.0,0.0,0.0,0.0,0.0,0.0,0.0,0.0,0.0,0.0,0.0,0.0,0.0,0.0,0.0,0.0,0.0,0.0,0.0,0.0,0.0,0.0,0.0,0.0,0.0,0.0,0.0,0.0,0.0,0.0,0.0,0.0,0.0,0.0,0.0,0.0,0.0,0.0,0.0,0.0,0.0,0.0,0.0,0.0,0.0,0.0,0.0,0.0,0.0,0.0,0.0,0.0,0.0,0.0,0.0,0.0
0.0,0.0,0.0,0.0,0.0,0.0,0.0,0.0,0.0,0.0,0.0,0.0,0.0,0.0,0.0,0.0,0.0,0.0,0.0,0.0,0.0,0.0,0.0,0.0,0.0,0.0,0.0,0.0,0.0,0.0,0.0,0.0,0.0,0.0,0.0,0.0,0.0,0.0,0.0,0.0,0.0,0.0,0.0,0.0,0.0,0.0,0.0,0.0,0.0,0.0,0.0,0.0,0.0,0.0,0.0,0.0,0.0,0.0,0.0,0.0,0.0,0.0,0.0,0.0,0.0,0.0,0.0,0.0,0.0,0.0,0.0,0.0,0.0,0.0,0.0,0.0,0.0,0.0,0.0,0.0,0.0,0.0,0.0,0.0,0.0,0.0,0.0,0.0,0.0,0.0,0.0
0.0,0.0,0.0,0.0,0.0,0.0,0.0,0.0,0.0,0.0,0.0,0.0,0.0,0.0,0.0,0.0,0.0,0.0,0.0,0.0,0.0,0.0,0.0,0.0,0.0,0.0,0.0,0.0,0.0,0.0,0.0,0.0,0.0,0.0,0.0,0.0,0.0,0.0,0.0,0.0,0.0,0.0,0.0,0.0,0.0,0.0,0.0,0.0,0.0,0.0,0.0,0.0,0.0,0.0,0.0,0.0,0.0,0.0,0.0,0.0,0.0,0.0,0.0,0.0,0.0,0.0,0.0,0.0,0.0,0.0,0.0,0.0,0.0,0.0,0.0,0.0,0.0,0.0,0.0,0.0,0.0,0.0,0.0,0.0,0.0,0.0,0.0,0.0,0.0,0.0,0.0
0.0,0.0,0.0,0.0,0.0,0.0,0.0,0.0,0.0,0.0,0.0,0.0,0.0,0.0,0.0,0.0,0.0,0.0,0.0,0.0,0.0,0.0,0.0,0.0,0.0,0.0,0.0,0.0,0.0,0.0,0.0,0.0,0.0,0.0,0.0,0.0,0.0,0.0,0.0,0.0,0.0,0.0,0.0,0.0,0.0,0.0,0.0,0.0,0.0,0.0,0.0,0.0,0.0,0.0,0.0,0.0,0.0,0.0,0.0,0.0,0.0,0.0,0.0,0.0,0.0,0.0,0.0,0.0,0.0,0.0,0.0,0.0,0.0,0.0,0.0,0.0,0.0,0.0,0.0,0.0,0.0,0.0,0.0,0.0,0.0,0.0,0.0,0.0,0.0,0.0,0.0
0.0,0.0,0.0,0.0,0.0,0.0,0.0,0.0,0.0,0.0,0.0,0.0,0.0,0.0,0.0,0.0,0.0,0.0,0.0,0.0,0.0,0.0,0.0,0.0,0.0,0.0,0.0,0.0,0.0,0.0,0.0,0.0,0.0,0.0,0.0,0.0,0.0,0.0,0.0,0.0,0.0,0.0,0.0,0.0,0.0,0.0,0.0,0.0,0.0,0.0,0.0,0.0,0.0,0.0,0.0,0.0,0.0,0.0,0.0,0.0,0.0,0.0,0.0,0.0,0.0,0.0,0.0,0.0,0.0,0.0,0.0,0.0,0.0,0.0,0.0,0.0,0.0,0.0,0.0,0.0,0.0,0.0,0.0,0.0,0.0,0.0,0.0,0.0,0.0,0.0,0.0
0.0,0.0,0.0,0.0,0.0,0.0,0.0,0.0,0.0,0.0,0.0,0.0,0.0,0.0,0.0,0.0,0.0,0.0,0.0,0.0,0.0,0.0,0.0,0.0,0.0,0.0,0.0,0.0,0.0,0.0,0.0,0.0,0.0,0.0,0.0,0.0,0.0,0.0,0.0,0.0,0.0,0.0,0.0,0.0,0.0,0.0,0.0,0.0,0.0,0.0,0.0,0.0,0.0,0.0,0.0,0.0,0.0,0.0,0.0,0.0,0.0,0.0,0.0,0.0,0.0,0.0,0.0,0.0,0.0,0.0,0.0,0.0,0.0,0.0,0.0,0.0,0.0,0.0,0.0,0.0,0.0,0.0,0.0,0.0,0.0,0.0,0.0,0.0,0.0,0.0,0.0
0.0,0.0,0.0,0.0,0.0,0.0,0.0,0.0,0.0,0.0,0.0,0.0,0.0,0.0,0.0,0.0,0.0,0.0,0.0,0.0,0.0,0.0,0.0,0.0,0.0,0.0,0.0,0.0,0.0,0.0,0.0,0.0,0.0,0.0,0.0,0.0,0.0,0.0,0.0,0.0,0.0,0.0,0.0,0.0,0.0,0.0,0.0,0.0,0.0,0.0,0.0,0.0,0.0,0.0,0.0,0.0,0.0,0.0,0.0,0.0,0.0,0.0,0.0,0.0,0.0,0.0,0.0,0.0,0.0,0.0,0.0,0.0,0.0,0.0,0.0,0.0,0.0,0.0,0.0,0.0,0.0,0.0,0.0,0.0,0.0,0.0,0.0,0.0,0.0,0.0,0.0
0.0,0.0,0.0,0.0,0.0,0.0,0.0,0.0,0.0,0.0,0.0,0.0,0.0,0.0,0.0,0.0,0.0,0.0,0.0,0.0,0.0,0.0,0.0,0.0,0.0,0.0,0.0,0.0,0.0,0.0,0.0,0.0,0.0,0.0,0.0,0.0,0.0,0.0,0.0,0.0,0.0,0.0,0.0,0.0,0.0,0.0,0.0,0.0,0.0,0.0,0.0,0.0,0.0,0.0,0.0,0.0,0.0,0.0,0.0,0.0,0.0,0.0,0.0,0.0,0.0,0.0,0.0,0.0,0.0,0.0,0.0,0.0,0.0,0.0,0.0,0.0,0.0,0.0,0.0,0.0,0.0,0.0,0.0,0.0,0.0,0.0,0.0,0.0,0.0,0.0,0.0
0.0,0.0,0.0,0.0,0.0,0.0,0.0,0.0,0.0,0.0,0.0,0.0,0.0,0.0,0.0,0.0,0.0,0.0,0.0,0.0,0.0,0.0,0.0,0.0,0.0,0.0,0.0,0.0,0.0,0.0,0.0,0.0,0.0,0.0,0.0,0.0,0.0,0.0,0.0,0.0,0.0,0.0,0.0,0.0,0.0,0.0,0.0,0.0,0.0,0.0,0.0,0.0,0.0,0.0,0.0,0.0,0.0,0.0,0.0,0.0,0.0,0.0,0.0,0.0,0.0,0.0,0.0,0.0,0.0,0.0,0.0,0.0,0.0,0.0,0.0,0.0,0.0,0.0,0.0,0.0,0.0,0.0,0.0,0.0,0.0,0.0,0.0,0.0,0.0,0.0,0.0
0.0,0.0,0.0,0.0,0.0,0.0,0.0,0.0,0.0,0.0,0.0,0.0,0.0,0.0,0.0,0.0,0.0,0.0,0.0,0.0,0.0,0.0,0.0,0.0,0.0,0.0,0.0,0.0,0.0,0.0,0.0,0.0,0.0,0.0,0.0,0.0,0.0,0.0,0.0,0.0,0.0,0.0,0.0,0.0,0.0,0.0,0.0,0.0,0.0,0.0,0.0,0.0,0.0,0.0,0.0,0.0,0.0,0.0,0.0,0.0,0.0,0.0,0.0,0.0,0.0,0.0,0.0,0.0,0.0,0.0,0.0,0.0,0.0,0.0,0.0,0.0,0.0,0.0,0.0,0.0,0.0,0.0,0.0,0.0,0.0,0.0,0.0,0.0,0.0,0.0,0.0
0.0,0.0,0.0,0.0,0.0,0.0,0.0,0.0,0.0,0.0,0.0,0.0,0.0,0.0,0.0,0.0,0.0,0.0,0.0,0.0,0.0,0.0,0.0,0.0,0.0,0.0,0.0,0.0,0.0,0.0,0.0,0.0,0.0,0.0,0.0,0.0,0.0,0.0,0.0,0.0,0.0,0.0,0.0,0.0,0.0,0.0,0.0,0.0,0.0,0.0,0.0,0.0,0.0,0.0,0.0,0.0,0.0,0.0,0.0,0.0,0.0,0.0,0.0,0.0,0.0,0.0,0.0,0.0,0.0,0.0,0.0,0.0,0.0,0.0,0.0,0.0,0.0,0.0,0.0,0.0,0.0,0.0,0.0,0.0,0.0,0.0,0.0,0.0,0.0,0.0,0.0
0.0,0.0,0.0,0.0,0.0,0.0,0.0,0.0,0.0,0.0,0.0,0.0,0.0,0.0,0.0,0.0,0.0,0.0,0.0,0.0,0.0,0.0,0.0,0.0,0.0,0.0,0.0,0.0,0.0,0.0,0.0,0.0,0.0,0.0,0.0,0.0,0.0,0.0,0.0,0.0,0.0,0.0,0.0,0.0,0.0,0.0,0.0,0.0,0.0,0.0,0.0,0.0,0.0,0.0,0.0,0.0,0.0,0.0,0.0,0.0,0.0,0.0,0.0,0.0,0.0,0.0,0.0,0.0,0.0,0.0,0.0,0.0,0.0,0.0,0.0,0.0,0.0,0.0,0.0,0.0,0.0,0.0,0.0,0.0,0.0,0.0,0.0,0.0,0.0,0.0,0.0
0.0,0.0,0.0,0.0,0.0,0.0,0.0,0.0,0.0,0.0,0.0,0.0,0.0,0.0,0.0,0.0,0.0,0.0,0.0,0.0,0.0,0.0,0.0,0.0,0.0,0.0,0.0,0.0,0.0,0.0,0.0,0.0,0.0,0.0,0.0,0.0,0.0,0.0,0.0,0.0,0.0,0.0,0.0,0.0,0.0,0.0,0.0,0.0,0.0,0.0,0.0,0.0,0.0,0.0,0.0,0.0,0.0,0.0,0.0,0.0,0.0,0.0,0.0,0.0,0.0,0.0,0.0,0.0,0.0,0.0,0.0,0.0,0.0,0.0,0.0,0.0,0.0,0.0,0.0,0.0,0.0,0.0,0.0,0.0,0.0,0.0,0.0,0.0,0.0,0.0,0.0
